b2_1@g_0,b2_1@g_1,b2_1@g_2,b2_1@g_3,b2_1@g_4,b2_1@g_5,b2_1@g_6,b2_1@g_7,b2_1@g_8,b2_1@g_9,b2_1@g_10,b2_1@g_11,b2_1@g_12,b2_1@g_13,b2_1@g_14,b2_1@g_15,b2_1@g_16,b2_1@g_17,b2_1@g_18,b2_1@g_19,b2_1@g_20,b2_1@g_21,b2_1@g_22,b2_1@g_23,b2_1@g_24,b2_1@g_25,b2_1@g_26,b2_1@g_27,b2_10@g_0,b2_10@g_1,b2_10@g_2,b2_10@g_3,b2_10@g_4,b2_10@g_5,b2_10@g_6,b2_10@g_7,b2_10@g_8,b2_10@g_9,b2_10@g_10,b2_10@g_11,b2_10@g_12,b2_10@g_13,b2_10@g_14,b2_10@g_15,b2_10@g_16,b2_10@g_17,b2_10@g_18,b2_10@g_19,b2_10@g_20,b2_10@g_21,b2_10@g_22,b2_10@g_23,b2_10@g_24,b2_10@g_25,b2_10@g_26,b2_10@g_27,b2_11@g_0,b2_11@g_1,b2_11@g_2,b2_11@g_3,b2_11@g_4,b2_11@g_5,b2_11@g_6,b2_11@g_7,b2_11@g_8,b2_11@g_9,b2_11@g_10,b2_11@g_11,b2_11@g_12,b2_11@g_13,b2_11@g_14,b2_11@g_15,b2_11@g_16,b2_11@g_17,b2_11@g_18,b2_11@g_19,b2_11@g_20,b2_11@g_21,b2_11@g_22,b2_11@g_23,b2_11@g_24,b2_11@g_25,b2_11@g_26,b2_11@g_27,b2_12@g_0,b2_12@g_1,b2_12@g_2,b2_12@g_3,b2_12@g_4,b2_12@g_5,b2_12@g_6,b2_12@g_7,b2_12@g_8,b2_12@g_9,b2_12@g_10,b2_12@g_11,b2_12@g_12,b2_12@g_13,b2_12@g_14,b2_12@g_15,b2_12@g_16,b2_12@g_17,b2_12@g_18,b2_12@g_19,b2_12@g_20,b2_12@g_21,b2_12@g_22,b2_12@g_23,b2_12@g_24,b2_12@g_25,b2_12@g_26,b2_12@g_27,b2_13@g_0,b2_13@g_1,b2_13@g_2,b2_13@g_3,b2_13@g_4,b2_13@g_5,b2_13@g_6,b2_13@g_7,b2_13@g_8,b2_13@g_9,b2_13@g_10,b2_13@g_11,b2_13@g_12,b2_13@g_13,b2_13@g_14,b2_13@g_15,b2_13@g_16,b2_13@g_17,b2_13@g_18,b2_13@g_19,b2_13@g_20,b2_13@g_21,b2_13@g_22,b2_13@g_23,b2_13@g_24,b2_13@g_25,b2_13@g_26,b2_13@g_27,b2_2@g_0,b2_2@g_1,b2_2@g_2,b2_2@g_3,b2_2@g_4,b2_2@g_5,b2_2@g_6,b2_2@g_7,b2_2@g_8,b2_2@g_9,b2_2@g_10,b2_2@g_11,b2_2@g_12,b2_2@g_13,b2_2@g_14,b2_2@g_15,b2_2@g_16,b2_2@g_17,b2_2@g_18,b2_2@g_19,b2_2@g_20,b2_2@g_21,b2_2@g_22,b2_2@g_23,b2_2@g_24,b2_2@g_25,b2_2@g_26,b2_2@g_27,b2_3@g_0,b2_3@g_1,b2_3@g_2,b2_3@g_3,b2_3@g_4,b2_3@g_5,b2_3@g_6,b2_3@g_7,b2_3@g_8,b2_3@g_9,b2_3@g_10,b2_3@g_11,b2_3@g_12,b2_3@g_13,b2_3@g_14,b2_3@g_15,b2_3@g_16,b2_3@g_17,b2_3@g_18,b2_3@g_19,b2_3@g_20,b2_3@g_21,b2_3@g_22,b2_3@g_23,b2_3@g_24,b2_3@g_25,b2_3@g_26,b2_3@g_27,b2_4@g_0,b2_4@g_1,b2_4@g_2,b2_4@g_3,b2_4@g_4,b2_4@g_5,b2_4@g_6,b2_4@g_7,b2_4@g_8,b2_4@g_9,b2_4@g_10,b2_4@g_11,b2_4@g_12,b2_4@g_13,b2_4@g_14,b2_4@g_15,b2_4@g_16,b2_4@g_17,b2_4@g_18,b2_4@g_19,b2_4@g_20,b2_4@g_21,b2_4@g_22,b2_4@g_23,b2_4@g_24,b2_4@g_25,b2_4@g_26,b2_4@g_27,b2_5@g_0,b2_5@g_1,b2_5@g_2,b2_5@g_3,b2_5@g_4,b2_5@g_5,b2_5@g_6,b2_5@g_7,b2_5@g_8,b2_5@g_9,b2_5@g_10,b2_5@g_11,b2_5@g_12,b2_5@g_13,b2_5@g_14,b2_5@g_15,b2_5@g_16,b2_5@g_17,b2_5@g_18,b2_5@g_19,b2_5@g_20,b2_5@g_21,b2_5@g_22,b2_5@g_23,b2_5@g_24,b2_5@g_25,b2_5@g_26,b2_5@g_27,b2_6@g_0,b2_6@g_1,b2_6@g_2,b2_6@g_3,b2_6@g_4,b2_6@g_5,b2_6@g_6,b2_6@g_7,b2_6@g_8,b2_6@g_9,b2_6@g_10,b2_6@g_11,b2_6@g_12,b2_6@g_13,b2_6@g_14,b2_6@g_15,b2_6@g_16,b2_6@g_17,b2_6@g_18,b2_6@g_19,b2_6@g_20,b2_6@g_21,b2_6@g_22,b2_6@g_23,b2_6@g_24,b2_6@g_25,b2_6@g_26,b2_6@g_27,b2_7@g_0,b2_7@g_1,b2_7@g_2,b2_7@g_3,b2_7@g_4,b2_7@g_5,b2_7@g_6,b2_7@g_7,b2_7@g_8,b2_7@g_9,b2_7@g_10,b2_7@g_11,b2_7@g_12,b2_7@g_13,b2_7@g_14,b2_7@g_15,b2_7@g_16,b2_7@g_17,b2_7@g_18,b2_7@g_19,b2_7@g_20,b2_7@g_21,b2_7@g_22,b2_7@g_23,b2_7@g_24,b2_7@g_25,b2_7@g_26,b2_7@g_27,b2_8@g_0,b2_8@g_1,b2_8@g_2,b2_8@g_3,b2_8@g_4,b2_8@g_5,b2_8@g_6,b2_8@g_7,b2_8@g_8,b2_8@g_9,b2_8@g_10,b2_8@g_11,b2_8@g_12,b2_8@g_13,b2_8@g_14,b2_8@g_15,b2_8@g_16,b2_8@g_17,b2_8@g_18,b2_8@g_19,b2_8@g_20,b2_8@g_21,b2_8@g_22,b2_8@g_23,b2_8@g_24,b2_8@g_25,b2_8@g_26,b2_8@g_27,b2_9@g_0,b2_9@g_1,b2_9@g_2,b2_9@g_3,b2_9@g_4,b2_9@g_5,b2_9@g_6,b2_9@g_7,b2_9@g_8,b2_9@g_9,b2_9@g_10,b2_9@g_11,b2_9@g_12,b2_9@g_13,b2_9@g_14,b2_9@g_15,b2_9@g_16,b2_9@g_17,b2_9@g_18,b2_9@g_19,b2_9@g_20,b2_9@g_21,b2_9@g_22,b2_9@g_23,b2_9@g_24,b2_9@g_25,b2_9@g_26,b2_9@g_27,
1e+06,1e+06,1e+06,1e+06,1e+06,1e+06,1e+06,1e+06,1e+06,1e+06,1e+06,1e+06,1e+06,1e+06,1e+06,1e+06,1e+06,1e+06,1e+06,1e+06,1e+06,1e+06,1e+06,1e+06,1e+06,1e+06,1e+06,1e+06,1e+06,572.443,1e+06,1e+06,1e+06,1e+06,1e+06,1e+06,1e+06,1e+06,1e+06,1e+06,1e+06,1e+06,1e+06,1e+06,1e+06,1e+06,1e+06,1e+06,1e+06,1e+06,1e+06,1e+06,1e+06,1e+06,1e+06,1e+06,1e+06,583.782,1e+06,1e+06,1e+06,1e+06,1e+06,1e+06,1e+06,1e+06,1e+06,1e+06,1e+06,1e+06,1e+06,1e+06,1e+06,1e+06,1e+06,1e+06,1e+06,1e+06,1e+06,1e+06,1e+06,1e+06,1e+06,1e+06,1e+06,595.145,1e+06,1e+06,1e+06,1e+06,1e+06,1e+06,1e+06,1e+06,1e+06,1e+06,1e+06,1e+06,1e+06,1e+06,1e+06,1e+06,1e+06,1e+06,1e+06,1e+06,1e+06,1e+06,1e+06,1e+06,1e+06,1e+06,1e+06,606.798,1e+06,1e+06,1e+06,1e+06,1e+06,1e+06,1e+06,1e+06,1e+06,1e+06,1e+06,1e+06,1e+06,1e+06,1e+06,1e+06,1e+06,1e+06,1e+06,1e+06,1e+06,1e+06,1e+06,1e+06,1e+06,1e+06,1e+06,1e+06,1e+06,1e+06,1e+06,1e+06,1e+06,1e+06,1e+06,1e+06,1e+06,1e+06,1e+06,1e+06,1e+06,1e+06,1e+06,1e+06,1e+06,1e+06,1e+06,1e+06,1e+06,1e+06,1e+06,1e+06,1e+06,1e+06,1e+06,1e+06,1e+06,1e+06,1e+06,1e+06,1e+06,1e+06,1e+06,1e+06,1e+06,1e+06,1e+06,1e+06,1e+06,1e+06,1e+06,1e+06,1e+06,1e+06,1e+06,1e+06,1e+06,1e+06,1e+06,1e+06,1e+06,1e+06,1e+06,1e+06,1e+06,1e+06,1e+06,1e+06,1e+06,1e+06,1e+06,1e+06,1e+06,1e+06,1e+06,1e+06,1e+06,1e+06,1e+06,1e+06,1e+06,1e+06,1e+06,1e+06,1e+06,1e+06,1e+06,1e+06,1e+06,1e+06,1e+06,1e+06,1e+06,1e+06,1e+06,1e+06,1e+06,1e+06,1e+06,1e+06,1e+06,1e+06,1e+06,1e+06,1e+06,1e+06,1e+06,1e+06,1e+06,1e+06,1e+06,1e+06,1e+06,1e+06,1e+06,1e+06,1e+06,1e+06,1e+06,1e+06,1e+06,1e+06,1e+06,1e+06,1e+06,1e+06,1e+06,1e+06,1e+06,1e+06,1e+06,1e+06,1e+06,1e+06,1e+06,1e+06,1e+06,1e+06,1e+06,1e+06,1e+06,1e+06,1e+06,1e+06,1e+06,1e+06,1e+06,570.17,1e+06,1e+06,1e+06,1e+06,1e+06,1e+06,1e+06,1e+06,1e+06,1e+06,1e+06,1e+06,1e+06,1e+06,1e+06,1e+06,1e+06,1e+06,1e+06,1e+06,1e+06,1e+06,1e+06,1e+06,1e+06,1e+06,1e+06,581.757,1e+06,1e+06,1e+06,1e+06,1e+06,1e+06,1e+06,1e+06,1e+06,1e+06,1e+06,1e+06,1e+06,1e+06,1e+06,1e+06,1e+06,1e+06,1e+06,1e+06,1e+06,1e+06,1e+06,1e+06,1e+06,1e+06,1e+06,593.281,1e+06,1e+06,1e+06,1e+06,1e+06,1e+06,1e+06,1e+06,1e+06,1e+06,1e+06,1e+06,1e+06,1e+06,1e+06,1e+06,1e+06,1e+06,1e+06,1e+06,1e+06,1e+06,1e+06,1e+06,1e+06,1e+06,
1e+06,1e+06,1e+06,1e+06,1e+06,1e+06,1e+06,1e+06,1e+06,1e+06,1e+06,1e+06,1e+06,1e+06,1e+06,1e+06,1e+06,1e+06,1e+06,1e+06,1e+06,1e+06,1e+06,1e+06,1e+06,1e+06,1e+06,1e+06,1e+06,573.624,1e+06,1e+06,1e+06,1e+06,1e+06,1e+06,1e+06,1e+06,1e+06,1e+06,1e+06,1e+06,1e+06,1e+06,1e+06,1e+06,1e+06,1e+06,1e+06,1e+06,1e+06,1e+06,1e+06,1e+06,1e+06,1e+06,1e+06,584.963,1e+06,1e+06,1e+06,1e+06,1e+06,1e+06,1e+06,1e+06,1e+06,1e+06,1e+06,1e+06,1e+06,1e+06,1e+06,1e+06,1e+06,1e+06,1e+06,1e+06,1e+06,1e+06,1e+06,1e+06,1e+06,1e+06,1e+06,596.326,1e+06,1e+06,1e+06,1e+06,1e+06,1e+06,1e+06,1e+06,1e+06,1e+06,1e+06,1e+06,1e+06,1e+06,1e+06,1e+06,1e+06,1e+06,1e+06,1e+06,1e+06,1e+06,1e+06,1e+06,1e+06,1e+06,1e+06,607.979,1e+06,1e+06,1e+06,1e+06,1e+06,1e+06,1e+06,1e+06,1e+06,1e+06,1e+06,1e+06,1e+06,1e+06,1e+06,1e+06,1e+06,1e+06,1e+06,1e+06,1e+06,1e+06,1e+06,1e+06,1e+06,1e+06,1e+06,1e+06,1e+06,1e+06,1e+06,1e+06,1e+06,1e+06,1e+06,1e+06,1e+06,1e+06,1e+06,1e+06,1e+06,1e+06,1e+06,1e+06,1e+06,1e+06,1e+06,1e+06,1e+06,1e+06,1e+06,1e+06,1e+06,1e+06,1e+06,1e+06,1e+06,1e+06,1e+06,1e+06,1e+06,1e+06,1e+06,1e+06,1e+06,1e+06,1e+06,1e+06,1e+06,1e+06,1e+06,1e+06,1e+06,1e+06,1e+06,1e+06,1e+06,1e+06,1e+06,1e+06,1e+06,1e+06,1e+06,1e+06,1e+06,1e+06,1e+06,1e+06,1e+06,1e+06,1e+06,1e+06,1e+06,1e+06,1e+06,1e+06,1e+06,1e+06,1e+06,1e+06,1e+06,1e+06,1e+06,1e+06,1e+06,1e+06,1e+06,1e+06,1e+06,1e+06,1e+06,1e+06,1e+06,1e+06,1e+06,1e+06,1e+06,1e+06,1e+06,1e+06,1e+06,1e+06,1e+06,1e+06,1e+06,1e+06,1e+06,1e+06,1e+06,1e+06,1e+06,1e+06,1e+06,1e+06,1e+06,1e+06,1e+06,1e+06,1e+06,1e+06,1e+06,1e+06,1e+06,1e+06,1e+06,1e+06,1e+06,1e+06,1e+06,1e+06,1e+06,1e+06,1e+06,1e+06,1e+06,1e+06,1e+06,1e+06,1e+06,1e+06,1e+06,1e+06,1e+06,1e+06,1e+06,1e+06,1e+06,571.351,1e+06,1e+06,1e+06,1e+06,1e+06,1e+06,1e+06,1e+06,1e+06,1e+06,1e+06,1e+06,1e+06,1e+06,1e+06,1e+06,1e+06,1e+06,1e+06,1e+06,1e+06,1e+06,1e+06,1e+06,1e+06,1e+06,1e+06,582.938,1e+06,1e+06,1e+06,1e+06,1e+06,1e+06,1e+06,1e+06,1e+06,1e+06,1e+06,1e+06,1e+06,1e+06,1e+06,1e+06,1e+06,1e+06,1e+06,1e+06,1e+06,1e+06,1e+06,1e+06,1e+06,1e+06,1e+06,594.462,1e+06,1e+06,1e+06,1e+06,1e+06,1e+06,1e+06,1e+06,1e+06,1e+06,1e+06,1e+06,1e+06,1e+06,1e+06,1e+06,1e+06,1e+06,1e+06,1e+06,1e+06,1e+06,1e+06,1e+06,1e+06,1e+06,
1e+06,1e+06,1e+06,1e+06,1e+06,1e+06,1e+06,1e+06,1e+06,1e+06,1e+06,1e+06,1e+06,1e+06,1e+06,1e+06,1e+06,1e+06,1e+06,1e+06,1e+06,1e+06,1e+06,1e+06,1e+06,1e+06,1e+06,1e+06,1e+06,574.988,1e+06,1e+06,1e+06,1e+06,1e+06,1e+06,1e+06,1e+06,1e+06,1e+06,1e+06,1e+06,1e+06,1e+06,1e+06,1e+06,1e+06,1e+06,1e+06,1e+06,1e+06,1e+06,1e+06,1e+06,1e+06,1e+06,1e+06,586.327,1e+06,1e+06,1e+06,1e+06,1e+06,1e+06,1e+06,1e+06,1e+06,1e+06,1e+06,1e+06,1e+06,1e+06,1e+06,1e+06,1e+06,1e+06,1e+06,1e+06,1e+06,1e+06,1e+06,1e+06,1e+06,1e+06,1e+06,597.69,1e+06,1e+06,1e+06,1e+06,1e+06,1e+06,1e+06,1e+06,1e+06,1e+06,1e+06,1e+06,1e+06,1e+06,1e+06,1e+06,1e+06,1e+06,1e+06,1e+06,1e+06,1e+06,1e+06,1e+06,1e+06,1e+06,1e+06,609.343,1e+06,1e+06,1e+06,1e+06,1e+06,1e+06,1e+06,1e+06,1e+06,1e+06,1e+06,1e+06,1e+06,1e+06,1e+06,1e+06,1e+06,1e+06,1e+06,1e+06,1e+06,1e+06,1e+06,1e+06,1e+06,1e+06,1e+06,1e+06,1e+06,1e+06,1e+06,1e+06,1e+06,1e+06,1e+06,1e+06,1e+06,1e+06,1e+06,1e+06,1e+06,1e+06,1e+06,1e+06,1e+06,1e+06,1e+06,1e+06,1e+06,1e+06,1e+06,1e+06,1e+06,1e+06,1e+06,1e+06,1e+06,1e+06,1e+06,1e+06,1e+06,1e+06,1e+06,1e+06,1e+06,1e+06,1e+06,1e+06,1e+06,1e+06,1e+06,1e+06,1e+06,1e+06,1e+06,1e+06,1e+06,1e+06,1e+06,1e+06,1e+06,1e+06,1e+06,1e+06,1e+06,1e+06,1e+06,1e+06,1e+06,1e+06,1e+06,1e+06,1e+06,1e+06,1e+06,1e+06,1e+06,1e+06,1e+06,1e+06,1e+06,1e+06,1e+06,1e+06,1e+06,1e+06,1e+06,1e+06,1e+06,1e+06,1e+06,1e+06,1e+06,1e+06,1e+06,1e+06,1e+06,1e+06,1e+06,1e+06,1e+06,1e+06,1e+06,1e+06,1e+06,1e+06,1e+06,1e+06,1e+06,1e+06,1e+06,1e+06,1e+06,1e+06,1e+06,1e+06,1e+06,1e+06,1e+06,1e+06,1e+06,1e+06,1e+06,1e+06,1e+06,1e+06,1e+06,1e+06,1e+06,1e+06,1e+06,1e+06,1e+06,1e+06,1e+06,1e+06,1e+06,1e+06,1e+06,1e+06,1e+06,1e+06,1e+06,1e+06,1e+06,1e+06,1e+06,572.715,1e+06,1e+06,1e+06,1e+06,1e+06,1e+06,1e+06,1e+06,1e+06,1e+06,1e+06,1e+06,1e+06,1e+06,1e+06,1e+06,1e+06,1e+06,1e+06,1e+06,1e+06,1e+06,1e+06,1e+06,1e+06,1e+06,1e+06,584.302,1e+06,1e+06,1e+06,1e+06,1e+06,1e+06,1e+06,1e+06,1e+06,1e+06,1e+06,1e+06,1e+06,1e+06,1e+06,1e+06,1e+06,1e+06,1e+06,1e+06,1e+06,1e+06,1e+06,1e+06,1e+06,1e+06,1e+06,595.827,1e+06,1e+06,1e+06,1e+06,1e+06,1e+06,1e+06,1e+06,1e+06,1e+06,1e+06,1e+06,1e+06,1e+06,1e+06,1e+06,1e+06,1e+06,1e+06,1e+06,1e+06,1e+06,1e+06,1e+06,1e+06,1e+06,
1e+06,1e+06,1e+06,1e+06,1e+06,1e+06,1e+06,1e+06,1e+06,1e+06,1e+06,1e+06,1e+06,1e+06,1e+06,1e+06,1e+06,1e+06,1e+06,1e+06,1e+06,1e+06,1e+06,1e+06,1e+06,1e+06,1e+06,1e+06,1e+06,576.541,1e+06,1e+06,1e+06,1e+06,1e+06,1e+06,1e+06,1e+06,1e+06,1e+06,1e+06,1e+06,1e+06,1e+06,1e+06,1e+06,1e+06,1e+06,1e+06,1e+06,1e+06,1e+06,1e+06,1e+06,1e+06,1e+06,1e+06,587.88,1e+06,1e+06,1e+06,1e+06,1e+06,1e+06,1e+06,1e+06,1e+06,1e+06,1e+06,1e+06,1e+06,1e+06,1e+06,1e+06,1e+06,1e+06,1e+06,1e+06,1e+06,1e+06,1e+06,1e+06,1e+06,1e+06,1e+06,599.243,1e+06,1e+06,1e+06,1e+06,1e+06,1e+06,1e+06,1e+06,1e+06,1e+06,1e+06,1e+06,1e+06,1e+06,1e+06,1e+06,1e+06,1e+06,1e+06,1e+06,1e+06,1e+06,1e+06,1e+06,1e+06,1e+06,1e+06,610.896,1e+06,1e+06,1e+06,1e+06,1e+06,1e+06,1e+06,1e+06,1e+06,1e+06,1e+06,1e+06,1e+06,1e+06,1e+06,1e+06,1e+06,1e+06,1e+06,1e+06,1e+06,1e+06,1e+06,1e+06,1e+06,1e+06,1e+06,1e+06,1e+06,1e+06,1e+06,1e+06,1e+06,1e+06,1e+06,1e+06,1e+06,1e+06,1e+06,1e+06,1e+06,1e+06,1e+06,1e+06,1e+06,1e+06,1e+06,1e+06,1e+06,1e+06,1e+06,1e+06,1e+06,1e+06,1e+06,1e+06,1e+06,1e+06,1e+06,1e+06,1e+06,1e+06,1e+06,1e+06,1e+06,1e+06,1e+06,1e+06,1e+06,1e+06,1e+06,1e+06,1e+06,1e+06,1e+06,1e+06,1e+06,1e+06,1e+06,1e+06,1e+06,1e+06,1e+06,1e+06,1e+06,1e+06,1e+06,1e+06,1e+06,1e+06,1e+06,1e+06,1e+06,1e+06,1e+06,1e+06,1e+06,1e+06,1e+06,1e+06,1e+06,1e+06,1e+06,1e+06,1e+06,1e+06,1e+06,1e+06,1e+06,1e+06,1e+06,1e+06,1e+06,1e+06,1e+06,1e+06,1e+06,1e+06,1e+06,1e+06,1e+06,1e+06,1e+06,1e+06,1e+06,1e+06,1e+06,1e+06,1e+06,1e+06,1e+06,1e+06,1e+06,1e+06,1e+06,1e+06,1e+06,1e+06,1e+06,1e+06,1e+06,1e+06,1e+06,1e+06,1e+06,1e+06,1e+06,1e+06,1e+06,1e+06,1e+06,1e+06,1e+06,1e+06,1e+06,1e+06,1e+06,1e+06,1e+06,1e+06,1e+06,1e+06,1e+06,1e+06,1e+06,1e+06,1e+06,574.268,1e+06,1e+06,1e+06,1e+06,1e+06,1e+06,1e+06,1e+06,1e+06,1e+06,1e+06,1e+06,1e+06,1e+06,1e+06,1e+06,1e+06,1e+06,1e+06,1e+06,1e+06,1e+06,1e+06,1e+06,1e+06,1e+06,1e+06,585.855,1e+06,1e+06,1e+06,1e+06,1e+06,1e+06,1e+06,1e+06,1e+06,1e+06,1e+06,1e+06,1e+06,1e+06,1e+06,1e+06,1e+06,1e+06,1e+06,1e+06,1e+06,1e+06,1e+06,1e+06,1e+06,1e+06,1e+06,597.379,1e+06,1e+06,1e+06,1e+06,1e+06,1e+06,1e+06,1e+06,1e+06,1e+06,1e+06,1e+06,1e+06,1e+06,1e+06,1e+06,1e+06,1e+06,1e+06,1e+06,1e+06,1e+06,1e+06,1e+06,1e+06,1e+06,
1e+06,1e+06,1e+06,1e+06,1e+06,1e+06,1e+06,1e+06,1e+06,1e+06,1e+06,1e+06,1e+06,1e+06,1e+06,1e+06,1e+06,1e+06,1e+06,1e+06,1e+06,1e+06,1e+06,1e+06,1e+06,1e+06,1e+06,1e+06,1e+06,578.288,1e+06,1e+06,1e+06,1e+06,1e+06,1e+06,1e+06,1e+06,1e+06,1e+06,1e+06,1e+06,1e+06,1e+06,1e+06,1e+06,1e+06,1e+06,1e+06,1e+06,1e+06,1e+06,1e+06,1e+06,1e+06,1e+06,1e+06,589.627,1e+06,1e+06,1e+06,1e+06,1e+06,1e+06,1e+06,1e+06,1e+06,1e+06,1e+06,1e+06,1e+06,1e+06,1e+06,1e+06,1e+06,1e+06,1e+06,1e+06,1e+06,1e+06,1e+06,1e+06,1e+06,1e+06,1e+06,600.99,1e+06,1e+06,1e+06,1e+06,1e+06,1e+06,1e+06,1e+06,1e+06,1e+06,1e+06,1e+06,1e+06,1e+06,1e+06,1e+06,1e+06,1e+06,1e+06,1e+06,1e+06,1e+06,1e+06,1e+06,1e+06,1e+06,1e+06,612.643,1e+06,1e+06,1e+06,1e+06,1e+06,1e+06,1e+06,1e+06,1e+06,1e+06,1e+06,1e+06,1e+06,1e+06,1e+06,1e+06,1e+06,1e+06,1e+06,1e+06,1e+06,1e+06,1e+06,1e+06,1e+06,1e+06,1e+06,1e+06,1e+06,1e+06,1e+06,1e+06,1e+06,1e+06,1e+06,1e+06,1e+06,1e+06,1e+06,1e+06,1e+06,1e+06,1e+06,1e+06,1e+06,1e+06,1e+06,1e+06,1e+06,1e+06,1e+06,1e+06,1e+06,1e+06,1e+06,1e+06,1e+06,1e+06,1e+06,1e+06,1e+06,1e+06,1e+06,1e+06,1e+06,1e+06,1e+06,1e+06,1e+06,1e+06,1e+06,1e+06,1e+06,1e+06,1e+06,1e+06,1e+06,1e+06,1e+06,1e+06,1e+06,1e+06,1e+06,1e+06,1e+06,1e+06,1e+06,1e+06,1e+06,1e+06,1e+06,1e+06,1e+06,1e+06,1e+06,1e+06,1e+06,1e+06,1e+06,1e+06,1e+06,1e+06,1e+06,1e+06,1e+06,1e+06,1e+06,1e+06,1e+06,1e+06,1e+06,1e+06,1e+06,1e+06,1e+06,1e+06,1e+06,1e+06,1e+06,1e+06,1e+06,1e+06,1e+06,1e+06,1e+06,1e+06,1e+06,1e+06,1e+06,1e+06,1e+06,1e+06,1e+06,1e+06,1e+06,1e+06,1e+06,1e+06,1e+06,1e+06,1e+06,1e+06,1e+06,1e+06,1e+06,1e+06,1e+06,1e+06,1e+06,1e+06,1e+06,1e+06,1e+06,1e+06,1e+06,1e+06,1e+06,1e+06,1e+06,1e+06,1e+06,1e+06,1e+06,1e+06,1e+06,1e+06,1e+06,576.015,1e+06,1e+06,1e+06,1e+06,1e+06,1e+06,1e+06,1e+06,1e+06,1e+06,1e+06,1e+06,1e+06,1e+06,1e+06,1e+06,1e+06,1e+06,1e+06,1e+06,1e+06,1e+06,1e+06,1e+06,1e+06,1e+06,1e+06,587.602,1e+06,1e+06,1e+06,1e+06,1e+06,1e+06,1e+06,1e+06,1e+06,1e+06,1e+06,1e+06,1e+06,1e+06,1e+06,1e+06,1e+06,1e+06,1e+06,1e+06,1e+06,1e+06,1e+06,1e+06,1e+06,1e+06,1e+06,599.126,1e+06,1e+06,1e+06,1e+06,1e+06,1e+06,1e+06,1e+06,1e+06,1e+06,1e+06,1e+06,1e+06,1e+06,1e+06,1e+06,1e+06,1e+06,1e+06,1e+06,1e+06,1e+06,1e+06,1e+06,1e+06,1e+06,
1e+06,1e+06,1e+06,1e+06,1e+06,1e+06,1e+06,1e+06,1e+06,1e+06,1e+06,1e+06,1e+06,1e+06,1e+06,1e+06,1e+06,1e+06,1e+06,1e+06,1e+06,1e+06,1e+06,1e+06,1e+06,1e+06,1e+06,1e+06,1e+06,580.238,1e+06,1e+06,1e+06,1e+06,1e+06,1e+06,1e+06,1e+06,1e+06,1e+06,1e+06,1e+06,1e+06,1e+06,1e+06,1e+06,1e+06,1e+06,1e+06,1e+06,1e+06,1e+06,1e+06,1e+06,1e+06,1e+06,1e+06,591.576,1e+06,1e+06,1e+06,1e+06,1e+06,1e+06,1e+06,1e+06,1e+06,1e+06,1e+06,1e+06,1e+06,1e+06,1e+06,1e+06,1e+06,1e+06,1e+06,1e+06,1e+06,1e+06,1e+06,1e+06,1e+06,1e+06,1e+06,602.939,1e+06,1e+06,1e+06,1e+06,1e+06,1e+06,1e+06,1e+06,1e+06,1e+06,1e+06,1e+06,1e+06,1e+06,1e+06,1e+06,1e+06,1e+06,1e+06,1e+06,1e+06,1e+06,1e+06,1e+06,1e+06,1e+06,1e+06,614.592,1e+06,1e+06,1e+06,1e+06,1e+06,1e+06,1e+06,1e+06,1e+06,1e+06,1e+06,1e+06,1e+06,1e+06,1e+06,1e+06,1e+06,1e+06,1e+06,1e+06,1e+06,1e+06,1e+06,1e+06,1e+06,1e+06,1e+06,1e+06,1e+06,1e+06,1e+06,1e+06,1e+06,1e+06,1e+06,1e+06,1e+06,1e+06,1e+06,1e+06,1e+06,1e+06,1e+06,1e+06,1e+06,1e+06,1e+06,1e+06,1e+06,1e+06,1e+06,1e+06,1e+06,1e+06,1e+06,1e+06,1e+06,1e+06,1e+06,1e+06,1e+06,1e+06,1e+06,1e+06,1e+06,1e+06,1e+06,1e+06,1e+06,1e+06,1e+06,1e+06,1e+06,1e+06,1e+06,1e+06,1e+06,1e+06,1e+06,1e+06,1e+06,1e+06,1e+06,1e+06,1e+06,1e+06,1e+06,1e+06,1e+06,1e+06,1e+06,1e+06,1e+06,1e+06,1e+06,1e+06,1e+06,1e+06,1e+06,1e+06,1e+06,1e+06,1e+06,1e+06,1e+06,1e+06,1e+06,1e+06,1e+06,1e+06,1e+06,1e+06,1e+06,1e+06,1e+06,1e+06,1e+06,1e+06,1e+06,1e+06,1e+06,1e+06,1e+06,1e+06,1e+06,1e+06,1e+06,1e+06,1e+06,1e+06,1e+06,1e+06,1e+06,1e+06,1e+06,1e+06,1e+06,1e+06,1e+06,1e+06,1e+06,1e+06,1e+06,1e+06,1e+06,1e+06,1e+06,1e+06,1e+06,1e+06,1e+06,1e+06,1e+06,1e+06,1e+06,1e+06,1e+06,1e+06,1e+06,1e+06,1e+06,1e+06,1e+06,1e+06,1e+06,1e+06,1e+06,577.964,1e+06,1e+06,1e+06,1e+06,1e+06,1e+06,1e+06,1e+06,1e+06,1e+06,1e+06,1e+06,1e+06,1e+06,1e+06,1e+06,1e+06,1e+06,1e+06,1e+06,1e+06,1e+06,1e+06,1e+06,1e+06,1e+06,1e+06,589.551,1e+06,1e+06,1e+06,1e+06,1e+06,1e+06,1e+06,1e+06,1e+06,1e+06,1e+06,1e+06,1e+06,1e+06,1e+06,1e+06,1e+06,1e+06,1e+06,1e+06,1e+06,1e+06,1e+06,1e+06,1e+06,1e+06,1e+06,601.076,1e+06,1e+06,1e+06,1e+06,1e+06,1e+06,1e+06,1e+06,1e+06,1e+06,1e+06,1e+06,1e+06,1e+06,1e+06,1e+06,1e+06,1e+06,1e+06,1e+06,1e+06,1e+06,1e+06,1e+06,1e+06,1e+06,
1e+06,1e+06,1e+06,1e+06,1e+06,1e+06,1e+06,1e+06,1e+06,1e+06,1e+06,1e+06,1e+06,1e+06,1e+06,1e+06,1e+06,1e+06,1e+06,1e+06,1e+06,1e+06,1e+06,1e+06,1e+06,1e+06,1e+06,1e+06,1e+06,582.398,1e+06,1e+06,1e+06,1e+06,1e+06,1e+06,1e+06,1e+06,1e+06,1e+06,1e+06,1e+06,1e+06,1e+06,1e+06,1e+06,1e+06,1e+06,1e+06,1e+06,1e+06,1e+06,1e+06,1e+06,1e+06,1e+06,1e+06,593.737,1e+06,1e+06,1e+06,1e+06,1e+06,1e+06,1e+06,1e+06,1e+06,1e+06,1e+06,1e+06,1e+06,1e+06,1e+06,1e+06,1e+06,1e+06,1e+06,1e+06,1e+06,1e+06,1e+06,1e+06,1e+06,1e+06,1e+06,605.1,1e+06,1e+06,1e+06,1e+06,1e+06,1e+06,1e+06,1e+06,1e+06,1e+06,1e+06,1e+06,1e+06,1e+06,1e+06,1e+06,1e+06,1e+06,1e+06,1e+06,1e+06,1e+06,1e+06,1e+06,1e+06,1e+06,1e+06,616.753,1e+06,1e+06,1e+06,1e+06,1e+06,1e+06,1e+06,1e+06,1e+06,1e+06,1e+06,1e+06,1e+06,1e+06,1e+06,1e+06,1e+06,1e+06,1e+06,1e+06,1e+06,1e+06,1e+06,1e+06,1e+06,1e+06,1e+06,1e+06,1e+06,1e+06,1e+06,1e+06,1e+06,1e+06,1e+06,1e+06,1e+06,1e+06,1e+06,1e+06,1e+06,1e+06,1e+06,1e+06,1e+06,1e+06,1e+06,1e+06,1e+06,1e+06,1e+06,1e+06,1e+06,1e+06,1e+06,1e+06,1e+06,1e+06,1e+06,1e+06,1e+06,1e+06,1e+06,1e+06,1e+06,1e+06,1e+06,1e+06,1e+06,1e+06,1e+06,1e+06,1e+06,1e+06,1e+06,1e+06,1e+06,1e+06,1e+06,1e+06,1e+06,1e+06,1e+06,1e+06,1e+06,1e+06,1e+06,1e+06,1e+06,1e+06,1e+06,1e+06,1e+06,1e+06,1e+06,1e+06,1e+06,1e+06,1e+06,1e+06,1e+06,1e+06,1e+06,1e+06,1e+06,1e+06,1e+06,1e+06,1e+06,1e+06,1e+06,1e+06,1e+06,1e+06,1e+06,1e+06,1e+06,1e+06,1e+06,1e+06,1e+06,1e+06,1e+06,1e+06,1e+06,1e+06,1e+06,1e+06,1e+06,1e+06,1e+06,1e+06,1e+06,1e+06,1e+06,1e+06,1e+06,1e+06,1e+06,1e+06,1e+06,1e+06,1e+06,1e+06,1e+06,1e+06,1e+06,1e+06,1e+06,1e+06,1e+06,1e+06,1e+06,1e+06,1e+06,1e+06,1e+06,1e+06,1e+06,1e+06,1e+06,1e+06,1e+06,1e+06,1e+06,1e+06,1e+06,580.125,1e+06,1e+06,1e+06,1e+06,1e+06,1e+06,1e+06,1e+06,1e+06,1e+06,1e+06,1e+06,1e+06,1e+06,1e+06,1e+06,1e+06,1e+06,1e+06,1e+06,1e+06,1e+06,1e+06,1e+06,1e+06,1e+06,1e+06,591.712,1e+06,1e+06,1e+06,1e+06,1e+06,1e+06,1e+06,1e+06,1e+06,1e+06,1e+06,1e+06,1e+06,1e+06,1e+06,1e+06,1e+06,1e+06,1e+06,1e+06,1e+06,1e+06,1e+06,1e+06,1e+06,1e+06,1e+06,603.236,1e+06,1e+06,1e+06,1e+06,1e+06,1e+06,1e+06,1e+06,1e+06,1e+06,1e+06,1e+06,1e+06,1e+06,1e+06,1e+06,1e+06,1e+06,1e+06,1e+06,1e+06,1e+06,1e+06,1e+06,1e+06,1e+06,
1e+06,1e+06,1e+06,1e+06,1e+06,1e+06,1e+06,1e+06,1e+06,1e+06,1e+06,1e+06,1e+06,1e+06,1e+06,1e+06,1e+06,1e+06,1e+06,1e+06,1e+06,1e+06,1e+06,1e+06,1e+06,1e+06,1e+06,1e+06,1e+06,1e+06,586.129,1e+06,1e+06,1e+06,1e+06,1e+06,1e+06,1e+06,1e+06,1e+06,1e+06,1e+06,1e+06,1e+06,1e+06,1e+06,1e+06,1e+06,1e+06,1e+06,1e+06,1e+06,1e+06,1e+06,1e+06,1e+06,1e+06,1e+06,597.528,1e+06,1e+06,1e+06,1e+06,1e+06,1e+06,1e+06,1e+06,1e+06,1e+06,1e+06,1e+06,1e+06,1e+06,1e+06,1e+06,1e+06,1e+06,1e+06,1e+06,1e+06,1e+06,1e+06,1e+06,1e+06,1e+06,1e+06,608.931,1e+06,1e+06,1e+06,1e+06,1e+06,1e+06,1e+06,1e+06,1e+06,1e+06,1e+06,1e+06,1e+06,1e+06,1e+06,1e+06,1e+06,1e+06,1e+06,1e+06,1e+06,1e+06,1e+06,1e+06,1e+06,1e+06,1e+06,620.606,1e+06,1e+06,1e+06,1e+06,1e+06,1e+06,1e+06,1e+06,1e+06,1e+06,1e+06,1e+06,1e+06,1e+06,1e+06,1e+06,1e+06,1e+06,1e+06,1e+06,1e+06,1e+06,1e+06,1e+06,1e+06,1e+06,1e+06,1e+06,1e+06,1e+06,1e+06,1e+06,1e+06,1e+06,1e+06,1e+06,1e+06,1e+06,1e+06,1e+06,1e+06,1e+06,1e+06,1e+06,1e+06,1e+06,1e+06,1e+06,1e+06,1e+06,1e+06,1e+06,1e+06,1e+06,1e+06,1e+06,1e+06,1e+06,1e+06,1e+06,1e+06,1e+06,1e+06,1e+06,1e+06,1e+06,1e+06,1e+06,1e+06,1e+06,1e+06,1e+06,1e+06,1e+06,1e+06,1e+06,1e+06,1e+06,1e+06,1e+06,1e+06,1e+06,1e+06,1e+06,1e+06,1e+06,1e+06,1e+06,1e+06,1e+06,1e+06,1e+06,1e+06,1e+06,1e+06,1e+06,1e+06,1e+06,1e+06,1e+06,1e+06,1e+06,1e+06,1e+06,1e+06,1e+06,1e+06,1e+06,1e+06,1e+06,1e+06,1e+06,1e+06,1e+06,1e+06,1e+06,1e+06,1e+06,1e+06,1e+06,1e+06,1e+06,1e+06,1e+06,1e+06,1e+06,1e+06,1e+06,1e+06,1e+06,1e+06,1e+06,1e+06,1e+06,1e+06,1e+06,1e+06,1e+06,1e+06,1e+06,1e+06,1e+06,1e+06,1e+06,1e+06,1e+06,1e+06,1e+06,1e+06,1e+06,1e+06,1e+06,1e+06,1e+06,1e+06,1e+06,1e+06,1e+06,1e+06,1e+06,1e+06,1e+06,1e+06,1e+06,1e+06,1e+06,1e+06,584.317,1e+06,1e+06,1e+06,1e+06,1e+06,1e+06,1e+06,1e+06,1e+06,1e+06,1e+06,1e+06,1e+06,1e+06,1e+06,1e+06,1e+06,1e+06,1e+06,1e+06,1e+06,1e+06,1e+06,1e+06,1e+06,1e+06,1e+06,595.916,1e+06,1e+06,1e+06,1e+06,1e+06,1e+06,1e+06,1e+06,1e+06,1e+06,1e+06,1e+06,1e+06,1e+06,1e+06,1e+06,1e+06,1e+06,1e+06,1e+06,1e+06,1e+06,1e+06,1e+06,1e+06,1e+06,1e+06,607.449,1e+06,1e+06,1e+06,1e+06,1e+06,1e+06,1e+06,1e+06,1e+06,1e+06,1e+06,1e+06,1e+06,1e+06,1e+06,1e+06,1e+06,1e+06,1e+06,1e+06,1e+06,1e+06,1e+06,1e+06,1e+06,
1e+06,1e+06,1e+06,1e+06,1e+06,1e+06,1e+06,1e+06,1e+06,1e+06,1e+06,1e+06,1e+06,1e+06,1e+06,1e+06,1e+06,1e+06,1e+06,1e+06,1e+06,1e+06,1e+06,1e+06,1e+06,1e+06,1e+06,1e+06,1e+06,1e+06,585.034,1e+06,1e+06,1e+06,1e+06,1e+06,1e+06,1e+06,1e+06,1e+06,1e+06,1e+06,1e+06,1e+06,1e+06,1e+06,1e+06,1e+06,1e+06,1e+06,1e+06,1e+06,1e+06,1e+06,1e+06,1e+06,1e+06,1e+06,596.433,1e+06,1e+06,1e+06,1e+06,1e+06,1e+06,1e+06,1e+06,1e+06,1e+06,1e+06,1e+06,1e+06,1e+06,1e+06,1e+06,1e+06,1e+06,1e+06,1e+06,1e+06,1e+06,1e+06,1e+06,1e+06,1e+06,1e+06,607.836,1e+06,1e+06,1e+06,1e+06,1e+06,1e+06,1e+06,1e+06,1e+06,1e+06,1e+06,1e+06,1e+06,1e+06,1e+06,1e+06,1e+06,1e+06,1e+06,1e+06,1e+06,1e+06,1e+06,1e+06,1e+06,1e+06,1e+06,619.511,1e+06,1e+06,1e+06,1e+06,1e+06,1e+06,1e+06,1e+06,1e+06,1e+06,1e+06,1e+06,1e+06,1e+06,1e+06,1e+06,1e+06,1e+06,1e+06,1e+06,1e+06,1e+06,1e+06,1e+06,1e+06,1e+06,1e+06,1e+06,1e+06,1e+06,1e+06,1e+06,1e+06,1e+06,1e+06,1e+06,1e+06,1e+06,1e+06,1e+06,1e+06,1e+06,1e+06,1e+06,1e+06,1e+06,1e+06,1e+06,1e+06,1e+06,1e+06,1e+06,1e+06,1e+06,1e+06,1e+06,1e+06,1e+06,1e+06,1e+06,1e+06,1e+06,1e+06,1e+06,1e+06,1e+06,1e+06,1e+06,1e+06,1e+06,1e+06,1e+06,1e+06,1e+06,1e+06,1e+06,1e+06,1e+06,1e+06,1e+06,1e+06,1e+06,1e+06,1e+06,1e+06,1e+06,1e+06,1e+06,1e+06,1e+06,1e+06,1e+06,1e+06,1e+06,1e+06,1e+06,1e+06,1e+06,1e+06,1e+06,1e+06,1e+06,1e+06,1e+06,1e+06,1e+06,1e+06,1e+06,1e+06,1e+06,1e+06,1e+06,1e+06,1e+06,1e+06,1e+06,1e+06,1e+06,1e+06,1e+06,1e+06,1e+06,1e+06,1e+06,1e+06,1e+06,1e+06,1e+06,1e+06,1e+06,1e+06,1e+06,1e+06,1e+06,1e+06,1e+06,1e+06,1e+06,1e+06,1e+06,1e+06,1e+06,1e+06,1e+06,1e+06,1e+06,1e+06,1e+06,1e+06,1e+06,1e+06,1e+06,1e+06,1e+06,1e+06,1e+06,1e+06,1e+06,1e+06,1e+06,1e+06,1e+06,1e+06,1e+06,1e+06,1e+06,1e+06,583.222,1e+06,1e+06,1e+06,1e+06,1e+06,1e+06,1e+06,1e+06,1e+06,1e+06,1e+06,1e+06,1e+06,1e+06,1e+06,1e+06,1e+06,1e+06,1e+06,1e+06,1e+06,1e+06,1e+06,1e+06,1e+06,1e+06,1e+06,594.821,1e+06,1e+06,1e+06,1e+06,1e+06,1e+06,1e+06,1e+06,1e+06,1e+06,1e+06,1e+06,1e+06,1e+06,1e+06,1e+06,1e+06,1e+06,1e+06,1e+06,1e+06,1e+06,1e+06,1e+06,1e+06,1e+06,1e+06,606.353,1e+06,1e+06,1e+06,1e+06,1e+06,1e+06,1e+06,1e+06,1e+06,1e+06,1e+06,1e+06,1e+06,1e+06,1e+06,1e+06,1e+06,1e+06,1e+06,1e+06,1e+06,1e+06,1e+06,1e+06,1e+06,
1e+06,1e+06,1e+06,1e+06,1e+06,1e+06,1e+06,1e+06,1e+06,1e+06,1e+06,1e+06,1e+06,1e+06,1e+06,1e+06,1e+06,1e+06,1e+06,1e+06,1e+06,1e+06,1e+06,1e+06,1e+06,1e+06,1e+06,1e+06,1e+06,1e+06,584.655,1e+06,1e+06,1e+06,1e+06,1e+06,1e+06,1e+06,1e+06,1e+06,1e+06,1e+06,1e+06,1e+06,1e+06,1e+06,1e+06,1e+06,1e+06,1e+06,1e+06,1e+06,1e+06,1e+06,1e+06,1e+06,1e+06,1e+06,596.054,1e+06,1e+06,1e+06,1e+06,1e+06,1e+06,1e+06,1e+06,1e+06,1e+06,1e+06,1e+06,1e+06,1e+06,1e+06,1e+06,1e+06,1e+06,1e+06,1e+06,1e+06,1e+06,1e+06,1e+06,1e+06,1e+06,1e+06,607.457,1e+06,1e+06,1e+06,1e+06,1e+06,1e+06,1e+06,1e+06,1e+06,1e+06,1e+06,1e+06,1e+06,1e+06,1e+06,1e+06,1e+06,1e+06,1e+06,1e+06,1e+06,1e+06,1e+06,1e+06,1e+06,1e+06,1e+06,619.132,1e+06,1e+06,1e+06,1e+06,1e+06,1e+06,1e+06,1e+06,1e+06,1e+06,1e+06,1e+06,1e+06,1e+06,1e+06,1e+06,1e+06,1e+06,1e+06,1e+06,1e+06,1e+06,1e+06,1e+06,1e+06,1e+06,1e+06,1e+06,1e+06,1e+06,1e+06,1e+06,1e+06,1e+06,1e+06,1e+06,1e+06,1e+06,1e+06,1e+06,1e+06,1e+06,1e+06,1e+06,1e+06,1e+06,1e+06,1e+06,1e+06,1e+06,1e+06,1e+06,1e+06,1e+06,1e+06,1e+06,1e+06,1e+06,1e+06,1e+06,1e+06,1e+06,1e+06,1e+06,1e+06,1e+06,1e+06,1e+06,1e+06,1e+06,1e+06,1e+06,1e+06,1e+06,1e+06,1e+06,1e+06,1e+06,1e+06,1e+06,1e+06,1e+06,1e+06,1e+06,1e+06,1e+06,1e+06,1e+06,1e+06,1e+06,1e+06,1e+06,1e+06,1e+06,1e+06,1e+06,1e+06,1e+06,1e+06,1e+06,1e+06,1e+06,1e+06,1e+06,1e+06,1e+06,1e+06,1e+06,1e+06,1e+06,1e+06,1e+06,1e+06,1e+06,1e+06,1e+06,1e+06,1e+06,1e+06,1e+06,1e+06,1e+06,1e+06,1e+06,1e+06,1e+06,1e+06,1e+06,1e+06,1e+06,1e+06,1e+06,1e+06,1e+06,1e+06,1e+06,1e+06,1e+06,1e+06,1e+06,1e+06,1e+06,1e+06,1e+06,1e+06,1e+06,1e+06,1e+06,1e+06,1e+06,1e+06,1e+06,1e+06,1e+06,1e+06,1e+06,1e+06,1e+06,1e+06,1e+06,1e+06,1e+06,1e+06,1e+06,1e+06,1e+06,1e+06,582.843,1e+06,1e+06,1e+06,1e+06,1e+06,1e+06,1e+06,1e+06,1e+06,1e+06,1e+06,1e+06,1e+06,1e+06,1e+06,1e+06,1e+06,1e+06,1e+06,1e+06,1e+06,1e+06,1e+06,1e+06,1e+06,1e+06,1e+06,594.442,1e+06,1e+06,1e+06,1e+06,1e+06,1e+06,1e+06,1e+06,1e+06,1e+06,1e+06,1e+06,1e+06,1e+06,1e+06,1e+06,1e+06,1e+06,1e+06,1e+06,1e+06,1e+06,1e+06,1e+06,1e+06,1e+06,1e+06,605.975,1e+06,1e+06,1e+06,1e+06,1e+06,1e+06,1e+06,1e+06,1e+06,1e+06,1e+06,1e+06,1e+06,1e+06,1e+06,1e+06,1e+06,1e+06,1e+06,1e+06,1e+06,1e+06,1e+06,1e+06,1e+06,
1e+06,1e+06,1e+06,1e+06,1e+06,1e+06,1e+06,1e+06,1e+06,1e+06,1e+06,1e+06,1e+06,1e+06,1e+06,1e+06,1e+06,1e+06,1e+06,1e+06,1e+06,1e+06,1e+06,1e+06,1e+06,1e+06,1e+06,1e+06,1e+06,1e+06,584.987,1e+06,1e+06,1e+06,1e+06,1e+06,1e+06,1e+06,1e+06,1e+06,1e+06,1e+06,1e+06,1e+06,1e+06,1e+06,1e+06,1e+06,1e+06,1e+06,1e+06,1e+06,1e+06,1e+06,1e+06,1e+06,1e+06,1e+06,596.386,1e+06,1e+06,1e+06,1e+06,1e+06,1e+06,1e+06,1e+06,1e+06,1e+06,1e+06,1e+06,1e+06,1e+06,1e+06,1e+06,1e+06,1e+06,1e+06,1e+06,1e+06,1e+06,1e+06,1e+06,1e+06,1e+06,1e+06,607.788,1e+06,1e+06,1e+06,1e+06,1e+06,1e+06,1e+06,1e+06,1e+06,1e+06,1e+06,1e+06,1e+06,1e+06,1e+06,1e+06,1e+06,1e+06,1e+06,1e+06,1e+06,1e+06,1e+06,1e+06,1e+06,1e+06,1e+06,619.463,1e+06,1e+06,1e+06,1e+06,1e+06,1e+06,1e+06,1e+06,1e+06,1e+06,1e+06,1e+06,1e+06,1e+06,1e+06,1e+06,1e+06,1e+06,1e+06,1e+06,1e+06,1e+06,1e+06,1e+06,1e+06,1e+06,1e+06,1e+06,1e+06,1e+06,1e+06,1e+06,1e+06,1e+06,1e+06,1e+06,1e+06,1e+06,1e+06,1e+06,1e+06,1e+06,1e+06,1e+06,1e+06,1e+06,1e+06,1e+06,1e+06,1e+06,1e+06,1e+06,1e+06,1e+06,1e+06,1e+06,1e+06,1e+06,1e+06,1e+06,1e+06,1e+06,1e+06,1e+06,1e+06,1e+06,1e+06,1e+06,1e+06,1e+06,1e+06,1e+06,1e+06,1e+06,1e+06,1e+06,1e+06,1e+06,1e+06,1e+06,1e+06,1e+06,1e+06,1e+06,1e+06,1e+06,1e+06,1e+06,1e+06,1e+06,1e+06,1e+06,1e+06,1e+06,1e+06,1e+06,1e+06,1e+06,1e+06,1e+06,1e+06,1e+06,1e+06,1e+06,1e+06,1e+06,1e+06,1e+06,1e+06,1e+06,1e+06,1e+06,1e+06,1e+06,1e+06,1e+06,1e+06,1e+06,1e+06,1e+06,1e+06,1e+06,1e+06,1e+06,1e+06,1e+06,1e+06,1e+06,1e+06,1e+06,1e+06,1e+06,1e+06,1e+06,1e+06,1e+06,1e+06,1e+06,1e+06,1e+06,1e+06,1e+06,1e+06,1e+06,1e+06,1e+06,1e+06,1e+06,1e+06,1e+06,1e+06,1e+06,1e+06,1e+06,1e+06,1e+06,1e+06,1e+06,1e+06,1e+06,1e+06,1e+06,1e+06,1e+06,1e+06,1e+06,1e+06,583.174,1e+06,1e+06,1e+06,1e+06,1e+06,1e+06,1e+06,1e+06,1e+06,1e+06,1e+06,1e+06,1e+06,1e+06,1e+06,1e+06,1e+06,1e+06,1e+06,1e+06,1e+06,1e+06,1e+06,1e+06,1e+06,1e+06,1e+06,594.774,1e+06,1e+06,1e+06,1e+06,1e+06,1e+06,1e+06,1e+06,1e+06,1e+06,1e+06,1e+06,1e+06,1e+06,1e+06,1e+06,1e+06,1e+06,1e+06,1e+06,1e+06,1e+06,1e+06,1e+06,1e+06,1e+06,1e+06,606.306,1e+06,1e+06,1e+06,1e+06,1e+06,1e+06,1e+06,1e+06,1e+06,1e+06,1e+06,1e+06,1e+06,1e+06,1e+06,1e+06,1e+06,1e+06,1e+06,1e+06,1e+06,1e+06,1e+06,1e+06,1e+06,
1e+06,1e+06,1e+06,1e+06,1e+06,1e+06,1e+06,1e+06,1e+06,1e+06,1e+06,1e+06,1e+06,1e+06,1e+06,1e+06,1e+06,1e+06,1e+06,1e+06,1e+06,1e+06,1e+06,1e+06,1e+06,1e+06,1e+06,1e+06,1e+06,1e+06,1e+06,1e+06,1e+06,1e+06,1e+06,1e+06,1e+06,1e+06,1e+06,1e+06,1e+06,1e+06,1e+06,1e+06,1e+06,1e+06,1e+06,1e+06,1e+06,1e+06,1e+06,1e+06,1e+06,1e+06,1e+06,1e+06,1e+06,1e+06,1e+06,1e+06,1e+06,1e+06,1e+06,1e+06,1e+06,1e+06,1e+06,1e+06,1e+06,1e+06,1e+06,1e+06,1e+06,1e+06,1e+06,1e+06,1e+06,1e+06,1e+06,1e+06,1e+06,1e+06,1e+06,1e+06,1e+06,1e+06,1e+06,1e+06,1e+06,1e+06,1e+06,1e+06,1e+06,1e+06,1e+06,1e+06,1e+06,1e+06,1e+06,1e+06,1e+06,1e+06,1e+06,1e+06,1e+06,1e+06,1e+06,1e+06,1e+06,1e+06,1e+06,1e+06,1e+06,1e+06,1e+06,1e+06,1e+06,1e+06,1e+06,1e+06,1e+06,1e+06,1e+06,1e+06,1e+06,1e+06,1e+06,1e+06,1e+06,1e+06,1e+06,1e+06,1e+06,1e+06,1e+06,1e+06,1e+06,1e+06,1e+06,1e+06,1e+06,1e+06,1e+06,1e+06,1e+06,1e+06,1e+06,1e+06,1e+06,1e+06,1e+06,1e+06,1e+06,1e+06,1e+06,1e+06,1e+06,1e+06,1e+06,1e+06,1e+06,1e+06,1e+06,1e+06,1e+06,1e+06,1e+06,1e+06,1e+06,1e+06,1e+06,1e+06,1e+06,1e+06,1e+06,1e+06,1e+06,1e+06,1e+06,1e+06,1e+06,1e+06,1e+06,1e+06,1e+06,1e+06,1e+06,1e+06,1e+06,1e+06,1e+06,1e+06,1e+06,1e+06,1e+06,1e+06,1e+06,1e+06,1e+06,1e+06,1e+06,1e+06,1e+06,1e+06,1e+06,1e+06,1e+06,1e+06,1e+06,1e+06,1e+06,1e+06,1e+06,1e+06,1e+06,1e+06,1e+06,1e+06,1e+06,1e+06,1e+06,1e+06,1e+06,1e+06,1e+06,1e+06,1e+06,1e+06,1e+06,1e+06,1e+06,1e+06,1e+06,1e+06,1e+06,1e+06,1e+06,1e+06,1e+06,1e+06,1e+06,1e+06,1e+06,1e+06,1e+06,1e+06,1e+06,1e+06,1e+06,1e+06,1e+06,1e+06,1e+06,1e+06,1e+06,1e+06,1e+06,1e+06,1e+06,1e+06,1e+06,1e+06,1e+06,1e+06,1e+06,1e+06,1e+06,1e+06,1e+06,1e+06,1e+06,1e+06,1e+06,1e+06,1e+06,1e+06,1e+06,1e+06,1e+06,1e+06,1e+06,1e+06,1e+06,1e+06,1e+06,1e+06,1e+06,1e+06,1e+06,1e+06,1e+06,1e+06,1e+06,1e+06,1e+06,1e+06,1e+06,1e+06,1e+06,1e+06,1e+06,1e+06,1e+06,1e+06,1e+06,1e+06,1e+06,1e+06,1e+06,1e+06,1e+06,1e+06,1e+06,1e+06,1e+06,1e+06,1e+06,1e+06,1e+06,1e+06,1e+06,1e+06,1e+06,1e+06,1e+06,1e+06,1e+06,1e+06,1e+06,1e+06,1e+06,1e+06,1e+06,1e+06,1e+06,1e+06,1e+06,1e+06,1e+06,1e+06,1e+06,1e+06,1e+06,1e+06,1e+06,1e+06,1e+06,1e+06,1e+06,1e+06,1e+06,1e+06,1e+06,1e+06,1e+06,1e+06,1e+06,1e+06,1e+06,1e+06,1e+06,1e+06,1e+06,1e+06,
