0,0.200067567822007,-1.16930769798395e-11,1.32469997349211,0.999999999999999,-2.67944733606881e-08,-2.44953707558153e-12,2.67899298791509e-08,3.53685447483198e-06,-15.4560442241803,-40.356565293849,9.02130875846893e-07,-65.0994789303314,-4.02768575979657e-06,1,0.579851648215438,-0.0434003831891602,1.23815000013296,0.999963740483499,0.00851578793000861,2.28254618018349e-10,2.67946662026277e-08,6.46269591579173,18.5207212761805,-25.5639492665698,-1.35714109523243e-06,-45.9153294569692,174.71929233765
0,0.200067567822007,-1.16930769798395e-11,1.32469997349211,0.999999999999999,-2.67944733606881e-08,-2.44953707558153e-12,2.67899298791509e-08,3.53685447483198e-06,-15.4560442241803,-40.356565293849,9.02130875846893e-07,-65.0994789303314,-4.02768575979657e-06,1,0.584765766634861,-0.0383159537115001,1.23535000013106,0.999963740483499,0.00851578793003661,2.28240737242433e-10,2.67946388850122e-08,5.58780461230332,17.9967373824184,-27.0231652540611,-1.3413976002666e-06,-44.98009736324,175.594183654589
0,0.200067567822007,-1.16930769798395e-11,1.32469997349211,0.999999999999999,-2.67944733606881e-08,-2.44953707558153e-12,2.67899298791509e-08,3.53685447483198e-06,-15.4560442241803,-40.356565293849,9.02130875846893e-07,-65.0994789303314,-4.02768575979657e-06,1,0.584765768154173,-0.0383159537301834,1.23255000012914,0.999963740483499,0.00851578793005399,2.28239199636278e-10,2.67946216850914e-08,5.58780464092224,18.4521454151891,-27.1427164089553,-1.38819885028794e-06,-44.4051381755751,175.594183661242
0,0.200067567822007,-1.16930769798395e-11,1.32469997349211,0.999999999999999,-2.67944733606881e-08,-2.44953707558153e-12,2.67899298791509e-08,3.53685447483198e-06,-15.4560442241803,-40.356565293849,9.02130875846893e-07,-65.0994789303314,-4.02768575979657e-06,1,0.553711986171554,-0.038844884600836,1.22846109940864,0.991408912062501,0.00844293418157504,0.130521459856025,-0.00111148024116431,4.95471909754072,28.0981125761038,-14.6806219316478,-1.1031918884192,-62.1946019997071,176.870124991635
0,0.200067567822007,-1.16930769798395e-11,1.32469997349211,0.999999999999999,-2.67944733606881e-08,-2.44953707558153e-12,2.67899298791509e-08,3.53685447483198e-06,-15.4560442241803,-40.356565293849,9.02130875846893e-07,-65.0994789303314,-4.02768575979657e-06,1,0.553711986193689,-0.03884486336995,1.24346109954404,0.991408912092293,0.00844293068188465,0.130521460082339,-0.00111145367536021,4.95471495586617,25.9999046037445,-14.0894163926647,-1.07771455656535,-64.8835285846957,176.812964030102
1,0.200067567822007,-1.16930769798395e-11,1.32469997349211,0.999999999999999,-2.67944733606881e-08,-2.44953707558153e-12,2.67899298791509e-08,3.53685447483198e-06,-15.4560442241803,-40.356565293849,9.02130875846893e-07,-65.0994789303314,-4.02768575979657e-06,1,0.679325386615199,-0.00984093089752673,1.32469997349211,0.00179889470410124,0.999998382450491,2.67898821400484e-08,5.06410506874216e-11,3.53685447483198e-06,-15.4560442241803,-40.356565293849,9.02130875846893e-07,-65.0994789303314,-4.02768575979657e-06
0,0.200067567822007,-1.16930769798395e-11,1.32469997349211,0.999999999999999,-2.67944733606881e-08,-2.44953707558153e-12,2.67899298791509e-08,3.53685447483198e-06,-15.4560442241803,-40.356565293849,9.02130875846893e-07,-65.0994789303314,-4.02768575979657e-06,1,0.401935649462947,0.067585631277229,1.30975000033708,0.999963740483505,0.00851578792936794,2.27846476437194e-10,2.67958579128098e-08,-9.08918056507583,49.1324530530079,37.6616933209386,-2.36894310658934e-06,-78.5292402676503,-169.72883255704
0,0.200067567822007,-1.16930769798395e-11,1.32469997349211,0.999999999999999,-2.67944733606881e-08,-2.44953707558153e-12,2.67899298791509e-08,3.53685447483198e-06,-15.4560442241803,-40.356565293849,9.02130875846893e-07,-65.0994789303314,-4.02768575979657e-06,1,0.407020074121153,0.0626715121825833,1.30475000029292,0.999963740483505,0.00851578792938562,2.27875854820132e-10,2.67957806876765e-08,-8.60632995617317,47.746135371597,34.3334761072554,-2.33604844361744e-06,-76.5873407353779,-170.211683039582
0,0.200067567822007,-1.16930769798395e-11,1.32469997349211,0.999999999999999,-2.67944733606881e-08,-2.44953707558153e-12,2.67899298791509e-08,3.53685447483198e-06,-15.4560442241803,-40.356565293849,9.02130875846893e-07,-65.0994789303314,-4.02768575979657e-06,1,0.407020076756013,0.0626715119325605,1.29975000027432,0.999963740483504,0.00851578792939412,2.27881249166729e-10,2.67957467331413e-08,-8.60632996380326,48.0062534768211,33.7649298235067,-2.35402115323899e-06,-75.7586763464051,-170.211683005062
0,0.200067567822007,-1.16930769798395e-11,1.32469997349211,0.999999999999999,-2.67944733606881e-08,-2.44953707558153e-12,2.67899298791509e-08,3.53685447483198e-06,-15.4560442241803,-40.356565293849,9.02130875846893e-07,-65.0994789303314,-4.02768575979657e-06,1,0.435881175910509,0.063163135863358,1.29800359283992,0.991408912062452,0.00844293418108714,-0.130521458951475,0.00111158650459509,-9.67921981855974,37.0647586877881,15.1086186044797,-3.48493609380414,-53.3515592309755,-167.418689037238
0,0.200067567822007,-1.16930769798395e-11,1.32469997349211,0.999999999999999,-2.67944733606881e-08,-2.44953707558153e-12,2.67899298791509e-08,3.53685447483198e-06,-15.4560442241803,-40.356565293849,9.02130875846893e-07,-65.0994789303314,-4.02768575979657e-06,1,0.435881181089252,0.0631631563218064,1.31300359307721,0.991408912032653,0.00844293767652403,-0.130521458725465,0.00111161307060093,-9.67922313449027,36.0008859132186,16.5569778607176,-3.3780823004752,-55.8592903653754,-167.603130727185
1,0.200067567822007,-1.16930769798395e-11,1.32469997349211,0.999999999999999,-2.67944733606881e-08,-2.44953707558153e-12,2.67899298791509e-08,3.53685447483198e-06,-15.4560442241803,-40.356565293849,9.02130875846893e-07,-65.0994789303314,-4.02768575979657e-06,1,0.679325386615199,-0.00984093089752673,1.32469997349211,0.00179889470410124,0.999998382450491,2.67898821400484e-08,5.06410506874216e-11,3.53685447483198e-06,-15.4560442241803,-40.356565293849,9.02130875846893e-07,-65.0994789303314,-4.02768575979657e-06
1,0.200067567822007,-1.16930769798395e-11,1.32469997349211,0.999999999999999,-2.67944733606881e-08,-2.44953707558153e-12,2.67899298791509e-08,3.53685447483198e-06,-15.4560442241803,-40.356565293849,9.02130875846893e-07,-65.0994789303314,-4.02768575979657e-06,1,0.679325386615199,-0.00984093089752673,1.32469997349211,0.00179889470410124,0.999998382450491,2.67898821400484e-08,5.06410506874216e-11,3.53685447483198e-06,-15.4560442241803,-40.356565293849,9.02130875846893e-07,-65.0994789303314,-4.02768575979657e-06
1,0.210815036500676,0.0143229160709816,1.23815000013558,0.999963740020672,0.00851578791829397,2.28141914927478e-10,2.67932886892611e-08,3.88674406891314,1.10990908479089,-46.5910320339801,-8.76493060340952e-08,-42.2990588809484,-2.91089172551176,0,0.679325386615199,-0.00984093089752673,1.32469997349211,0.00179889470410124,0.999998382450491,2.67898821400484e-08,5.06410506874216e-11,3.53685447483198e-06,-15.4560442241803,-40.356565293849,9.02130875846893e-07,-65.0994789303314,-4.02768575979657e-06
1,0.215729158100837,0.0194073455066947,1.23535000013333,0.999963740020672,0.00851578791831645,2.28129617724722e-10,2.67933098016669e-08,5.14058649025319,2.83813047698701,-45.5698933942684,-2.28287664871092e-07,-41.591976128464,-4.16473404413418,0,0.679325386615199,-0.00984093089752673,1.32469997349211,0.00179889470410124,0.999998382450491,2.67898821400484e-08,5.06410506874216e-11,3.53685447483198e-06,-15.4560442241803,-40.356565293849,9.02130875846893e-07,-65.0994789303314,-4.02768575979657e-06
1,0.215729161036619,0.0194073455339245,1.23255000013137,0.999963740020672,0.00851578791834056,2.28131231615074e-10,2.6793330865712e-08,5.14058642061321,3.44011381575701,-45.7183205097745,-2.80978570791502e-07,-40.841565674188,-4.16473393442618,0,0.679325386615199,-0.00984093089752673,1.32469997349211,0.00179889470410124,0.999998382450491,2.67898821400484e-08,5.06410506874216e-11,3.53685447483198e-06,-15.4560442241803,-40.356565293849,9.02130875846893e-07,-65.0994789303314,-4.02768575979657e-06
1,0.18467538102635,0.0188783901881069,1.22846109941565,0.991408911603649,0.00844293417113766,0.130521459795393,-0.00111148024227026,6.37829577205638,-6.18899618580918,-56.9371146292816,3.38782229066287,-24.3531550810573,-8.30638234658262,0,0.679325386615199,-0.00984093089752673,1.32469997349211,0.00179889470410124,0.999998382450491,2.67898821400484e-08,5.06410506874216e-11,3.53685447483198e-06,-15.4560442241803,-40.356565293849,9.02130875846893e-07,-65.0994789303314,-4.02768575979657e-06
1,0.184675389315845,0.0188783879271675,1.24346109955619,0.991408911633446,0.0084429306726824,0.130521460021575,-0.00111145367803401,6.37829607593652,-10.1404640712685,-55.9631257353055,2.85669185750597,-29.2713626458382,-7.71181880595179,0,0.679325386615199,-0.00984093089752673,1.32469997349211,0.00179889470410124,0.999998382450491,2.67898821400484e-08,5.06410506874216e-11,3.53685447483198e-06,-15.4560442241803,-40.356565293849,9.02130875846893e-07,-65.0994789303314,-4.02768575979657e-06
1,0.200067567822007,-1.16930769798395e-11,1.32469997349211,0.999999999999999,-2.67944733606881e-08,-2.44953707558153e-12,2.67899298791509e-08,3.53685447483198e-06,-15.4560442241803,-40.356565293849,9.02130875846893e-07,-65.0994789303314,-4.02768575979657e-06,1,0.679325386615199,-0.00984093089752673,1.32469997349211,0.00179889470410124,0.999998382450491,2.67898821400484e-08,5.06410506874216e-11,3.53685447483198e-06,-15.4560442241803,-40.356565293849,9.02130875846893e-07,-65.0994789303314,-4.02768575979657e-06
1,0.401935647441129,0.067585604456519,1.31935000023816,0.999963740020677,0.00851578791764977,2.27929893881494e-10,2.67923574246577e-08,9.54501352208727,30.2103596852357,9.62182691924145,-1.64999287861814e-06,-69.4114672337253,-8.56916107980498,0,0.679325386615199,-0.00984093089752673,1.32469997349211,0.00179889470410124,0.999998382450491,2.67898821400484e-08,5.06410506874216e-11,3.53685447483198e-06,-15.4560442241803,-40.356565293849,9.02130875846893e-07,-65.0994789303314,-4.02768575979657e-06
1,0.407020074704407,0.0626714844508517,1.31435000023103,0.999963740020677,0.00851578791765629,2.27953721230081e-10,2.67923711359199e-08,8.7534540462808,31.4693423345359,10.4514746249403,-1.71675121383421e-06,-68.9821322901239,-7.77760160308288,0,0.679325386615199,-0.00984093089752673,1.32469997349211,0.00179889470410124,0.999998382450491,2.67898821400484e-08,5.06410506874216e-11,3.53685447483198e-06,-15.4560442241803,-40.356565293849,9.02130875846893e-07,-65.0994789303314,-4.02768575979657e-06
1,0.407020079634903,0.0626714848730787,1.30935000022185,0.999963740020677,0.00851578791766978,2.27958846407685e-10,2.67924050662995e-08,8.75345400427729,31.8281721959696,9.94782260620265,-1.74457093711336e-06,-68.1196504099525,-7.77760153674772,0,0.679325386615199,-0.00984093089752673,1.32469997349211,0.00179889470410124,0.999998382450491,2.67898821400484e-08,5.06410506874216e-11,3.53685447483198e-06,-15.4560442241803,-40.356565293849,9.02130875846893e-07,-65.0994789303314,-4.02768575979657e-06
1,0.435881177764547,0.0631630805819378,1.30760359283358,0.991408911603595,0.00844293416898647,-0.130521458891076,0.00111158649651904,7.95088938919615,42.8023712838663,26.2556791513179,-1.80186174376108,-88.3480632063178,-6.68763303037454,0,0.679325386615199,-0.00984093089752673,1.32469997349211,0.00179889470410124,0.999998382450491,2.67898821400484e-08,5.06410506874216e-11,3.53685447483198e-06,-15.4560442241803,-40.356565293849,9.02130875846893e-07,-65.0994789303314,-4.02768575979657e-06
1,0.435881179341146,0.0631630731839897,1.32260359313714,0.991408911573795,0.00844293766354599,-0.130521458665157,0.00111161305909323,7.95088889628427,41.9871744374478,27.9663820073369,-1.80131844190517,-90.8727151062612,-6.76703846002258,0,0.679325386615199,-0.00984093089752673,1.32469997349211,0.00179889470410124,0.999998382450491,2.67898821400484e-08,5.06410506874216e-11,3.53685447483198e-06,-15.4560442241803,-40.356565293849,9.02130875846893e-07,-65.0994789303314,-4.02768575979657e-06
1,0.200067567822007,-1.16930769798395e-11,1.32469997349211,0.999999999999999,-2.67944733606881e-08,-2.44953707558153e-12,2.67899298791509e-08,3.53685447483198e-06,-15.4560442241803,-40.356565293849,9.02130875846893e-07,-65.0994789303314,-4.02768575979657e-06,1,0.679325386615199,-0.00984093089752673,1.32469997349211,0.00179889470410124,0.999998382450491,2.67898821400484e-08,5.06410506874216e-11,3.53685447483198e-06,-15.4560442241803,-40.356565293849,9.02130875846893e-07,-65.0994789303314,-4.02768575979657e-06
1,0.200067567822007,-1.16930769798395e-11,1.32469997349211,0.999999999999999,-2.67944733606881e-08,-2.44953707558153e-12,2.67899298791509e-08,3.53685447483198e-06,-15.4560442241803,-40.356565293849,9.02130875846893e-07,-65.0994789303314,-4.02768575979657e-06,1,0.679325386615199,-0.00984093089752673,1.32469997349211,0.00179889470410124,0.999998382450491,2.67898821400484e-08,5.06410506874216e-11,3.53685447483198e-06,-15.4560442241803,-40.356565293849,9.02130875846893e-07,-65.0994789303314,-4.02768575979657e-06
0,0.200067567822007,-1.16930769798395e-11,1.32469997349211,0.999999999999999,-2.67944733606881e-08,-2.44953707558153e-12,2.67899298791509e-08,3.53685447483198e-06,-15.4560442241803,-40.356565293849,9.02130875846893e-07,-65.0994789303314,-4.02768575979657e-06,1,0.547583794709638,-0.0279476937020168,1.23815000013308,0.9999637404835,0.00851578792994069,2.28215598793029e-10,2.67947423480194e-08,3.20573488250505,24.0377507296823,-17.7090263791604,-1.67572903025682e-06,-48.2532228908767,177.976253435249
0,0.200067567822007,-1.16930769798395e-11,1.32469997349211,0.999999999999999,-2.67944733606881e-08,-2.44953707558153e-12,2.67899298791509e-08,3.53685447483198e-06,-15.4560442241803,-40.356565293849,9.02130875846893e-07,-65.0994789303314,-4.02768575979657e-06,1,0.552497910832946,-0.0228632643477436,1.23535000013104,0.9999637404835,0.00851578792996774,2.28202567663026e-10,2.67947127838495e-08,2.36142942830509,23.5332775316643,-19.1623039121157,-1.66743710556428e-06,-47.3044185559395,178.820558915282
0,0.200067567822007,-1.16930769798395e-11,1.32469997349211,0.999999999999999,-2.67944733606881e-08,-2.44953707558153e-12,2.67899298791509e-08,3.53685447483198e-06,-15.4560442241803,-40.356565293849,9.02130875846893e-07,-65.0994789303314,-4.02768575979657e-06,1,0.552497910831089,-0.0228632643583601,1.2325500001291,0.999963740483499,0.00851578792998315,2.28202134395319e-10,2.67946963134595e-08,2.36142942863531,23.9464033549024,-19.2759603355761,-1.70958245830353e-06,-46.777636309241,178.820558946123
0,0.200067567822007,-1.16930769798395e-11,1.32469997349211,0.999999999999999,-2.67944733606881e-08,-2.44953707558153e-12,2.67899298791509e-08,3.53685447483198e-06,-15.4560442241803,-40.356565293849,9.02130875846893e-07,-65.0994789303314,-4.02768575979657e-06,1,0.521444137876748,-0.0233921949135183,1.22846109940928,0.991408912062514,0.00844293418143798,0.130521459855939,-0.00111148024096451,2.20589236623422,33.5664550932238,-6.01896638290204,-0.291421830320942,-65.4125717056303,179.132233534799
0,0.200067567822007,-1.16930769798395e-11,1.32469997349211,0.999999999999999,-2.67944733606881e-08,-2.44953707558153e-12,2.67899298791509e-08,3.53685447483198e-06,-15.4560442241803,-40.356565293849,9.02130875846893e-07,-65.0994789303314,-4.02768575979657e-06,1,0.521444139030274,-0.0233921733628104,1.24346109954587,0.991408912092313,0.00844293068168047,0.130521460082201,-0.0011114536750473,2.20588851198416,31.6504122574352,-5.43879705254159,-0.285995870922817,-67.9087521626689,179.118540129845
1,0.200067567822007,-1.16930769798395e-11,1.32469997349211,0.999999999999999,-2.67944733606881e-08,-2.44953707558153e-12,2.67899298791509e-08,3.53685447483198e-06,-15.4560442241803,-40.356565293849,9.02130875846893e-07,-65.0994789303314,-4.02768575979657e-06,1,0.679325386615199,-0.00984093089752673,1.32469997349211,0.00179889470410124,0.999998382450491,2.67898821400484e-08,5.06410506874216e-11,3.53685447483198e-06,-15.4560442241803,-40.356565293849,9.02130875846893e-07,-65.0994789303314,-4.02768575979657e-06
0,0.200067567822007,-1.16930769798395e-11,1.32469997349211,0.999999999999999,-2.67944733606881e-08,-2.44953707558153e-12,2.67899298791509e-08,3.53685447483198e-06,-15.4560442241803,-40.356565293849,9.02130875846893e-07,-65.0994789303314,-4.02768575979657e-06,1,0.410241043805887,0.0497244901084957,1.32895000040279,0.701059571412799,0.713102712903972,1.91059073587253e-08,1.87860373837692e-08,-7.11616656790146,45.3332515526227,35.1663267121025,-2.21824226924609e-06,-79.8330751591993,-81.7018464843271
0,0.200067567822007,-1.16930769798395e-11,1.32469997349211,0.999999999999999,-2.67944733606881e-08,-2.44953707558153e-12,2.67899298791509e-08,3.53685447483198e-06,-15.4560442241803,-40.356565293849,9.02130875846893e-07,-65.0994789303314,-4.02768575979657e-06,1,0.415155159980261,0.0548089204938791,1.32395000035098,0.701059571412789,0.713102712903981,1.91059468418529e-08,1.87859779633279e-08,-7.80904640645919,44.3819460761287,32.6120238189537,-2.19338215910378e-06,-78.2300777425445,-81.0089665539552
0,0.200067567822007,-1.16930769798395e-11,1.32469997349211,0.999999999999999,-2.67944733606881e-08,-2.44953707558153e-12,2.67899298791509e-08,3.53685447483198e-06,-15.4560442241803,-40.356565293849,9.02130875846893e-07,-65.0994789303314,-4.02768575979657e-06,1,0.415155162676598,0.054808920346133,1.31895000032584,0.701059571412784,0.713102712903986,1.91059755773547e-08,1.87859562792664e-08,-7.80904642216979,44.5985909875158,31.9668738637848,-2.2090107071731e-06,-77.3682828759886,-81.0089665107166
0,0.200067567822007,-1.16930769798395e-11,1.32469997349211,0.999999999999999,-2.67944733606881e-08,-2.44953707558153e-12,2.67899298791509e-08,3.53685447483198e-06,-15.4560442241803,-40.356565293849,9.02130875846893e-07,-65.0994789303314,-4.02768575979657e-06,1,0.414663560084034,0.0836700286711621,1.31720359302361,0.695061909595517,0.707002020338298,-0.0915065984909947,0.0930786190277244,-13.4353704995696,47.427955340019,35.8029818493182,-14.6318604606275,-82.4921352282735,-72.9364529355876
0,0.200067567822007,-1.16930769798395e-11,1.32469997349211,0.999999999999999,-2.67944733606881e-08,-2.44953707558153e-12,2.67899298791509e-08,3.53685447483198e-06,-15.4560442241803,-40.356565293849,9.02130875846893e-07,-65.0994789303314,-4.02768575979657e-06,1,0.414663559112937,0.0836700401011365,1.33220359347216,0.695061907103072,0.707002022788255,-0.0915065795486588,0.0930786376531375,-13.4353717285562,46.877245225381,37.8721581057512,-14.559657124751,-85.0275039751189,-73.6005381472518
1,0.200067567822007,-1.16930769798395e-11,1.32469997349211,0.999999999999999,-2.67944733606881e-08,-2.44953707558153e-12,2.67899298791509e-08,3.53685447483198e-06,-15.4560442241803,-40.356565293849,9.02130875846893e-07,-65.0994789303314,-4.02768575979657e-06,1,0.679325386615199,-0.00984093089752673,1.32469997349211,0.00179889470410124,0.999998382450491,2.67898821400484e-08,5.06410506874216e-11,3.53685447483198e-06,-15.4560442241803,-40.356565293849,9.02130875846893e-07,-65.0994789303314,-4.02768575979657e-06
1,0.200067567822007,-1.16930769798395e-11,1.32469997349211,0.999999999999999,-2.67944733606881e-08,-2.44953707558153e-12,2.67899298791509e-08,3.53685447483198e-06,-15.4560442241803,-40.356565293849,9.02130875846893e-07,-65.0994789303314,-4.02768575979657e-06,1,0.679325386615199,-0.00984093089752673,1.32469997349211,0.00179889470410124,0.999998382450491,2.67898821400484e-08,5.06410506874216e-11,3.53685447483198e-06,-15.4560442241803,-40.356565293849,9.02130875846893e-07,-65.0994789303314,-4.02768575979657e-06
1,0.211360026697136,-0.0176724427553888,1.23815000013554,0.999963740020672,0.00851578791829383,2.28238158130231e-10,2.67932901285929e-08,-4.77955063208222,1.28191977246912,-46.4144962005671,-1.01334442115848e-07,-42.3035840266832,5.75540298540791,0,0.679325386615199,-0.00984093089752673,1.32469997349211,0.00179889470410124,0.999998382450491,2.67898821400484e-08,5.06410506874216e-11,3.53685447483198e-06,-15.4560442241803,-40.356565293849,9.02130875846893e-07,-65.0994789303314,-4.02768575979657e-06
1,0.21627414585426,-0.0125880133287127,1.23535000013333,0.999963740020672,0.00851578791831643,2.28220563973178e-10,2.67933091105305e-08,-3.33108047170733,2.84649354080708,-45.5610010815438,-2.28959597807999e-07,-41.5925053773686,4.30693291830524,0,0.679325386615199,-0.00984093089752673,1.32469997349211,0.00179889470410124,0.999998382450491,2.67898821400484e-08,5.06410506874216e-11,3.53685447483198e-06,-15.4560442241803,-40.356565293849,9.02130875846893e-07,-65.0994789303314,-4.02768575979657e-06
1,0.216274147071587,-0.0125880133014257,1.23255000013137,0.999963740020672,0.00851578791834055,2.28219451082281e-10,2.67933302092371e-08,-3.33108045302436,3.44838429583899,-45.7094073153978,-2.8165142219588e-07,-40.8422083884827,4.30693293969172,0,0.679325386615199,-0.00984093089752673,1.32469997349211,0.00179889470410124,0.999998382450491,2.67898821400484e-08,5.06410506874216e-11,3.53685447483198e-06,-15.4560442241803,-40.356565293849,9.02130875846893e-07,-65.0994789303314,-4.02768575979657e-06
1,0.185220365290139,-0.0131169686770477,1.22846109941564,0.991408911603629,0.00844293417113727,0.130521459795544,-0.00111148024227138,-4.61058208777234,-6.17600490962121,-56.9259878317394,-3.5022723268716,-24.3582885615625,8.58841611455594,0,0.679325386615199,-0.00984093089752673,1.32469997349211,0.00179889470410124,0.999998382450491,2.67898821400484e-08,5.06410506874216e-11,3.53685447483198e-06,-15.4560442241803,-40.356565293849,9.02130875846893e-07,-65.0994789303314,-4.02768575979657e-06
1,0.185220369602516,-0.0131169728174402,1.24346109955618,0.991408911633415,0.00844293067268169,0.130521460021811,-0.00111145367803575,-4.61058199440428,-10.1266140394882,-55.9522523407608,-2.95341154414182,-29.2748862752524,7.97398397495386,0,0.679325386615199,-0.00984093089752673,1.32469997349211,0.00179889470410124,0.999998382450491,2.67898821400484e-08,5.06410506874216e-11,3.53685447483198e-06,-15.4560442241803,-40.356565293849,9.02130875846893e-07,-65.0994789303314,-4.02768575979657e-06
1,0.200067567822007,-1.16930769798395e-11,1.32469997349211,0.999999999999999,-2.67944733606881e-08,-2.44953707558153e-12,2.67899298791509e-08,3.53685447483198e-06,-15.4560442241803,-40.356565293849,9.02130875846893e-07,-65.0994789303314,-4.02768575979657e-06,1,0.679325386615199,-0.00984093089752673,1.32469997349211,0.00179889470410124,0.999998382450491,2.67898821400484e-08,5.06410506874216e-11,3.53685447483198e-06,-15.4560442241803,-40.356565293849,9.02130875846893e-07,-65.0994789303314,-4.02768575979657e-06
1,0.401935647382777,0.0675856045954823,1.33855000028353,0.999963740020678,0.00851578791760286,2.27908193713574e-10,2.67922221167926e-08,9.54501352290502,29.0149762757087,11.816602937595,-1.55862234703982e-06,-72.8016266616058,-8.56916116834646,0,0.679325386615199,-0.00984093089752673,1.32469997349211,0.00179889470410124,0.999998382450491,2.67898821400484e-08,5.06410506874216e-11,3.53685447483198e-06,-15.4560442241803,-40.356565293849,9.02130875846893e-07,-65.0994789303314,-4.02768575979657e-06
1,0.407020073434954,0.0626714845935252,1.33355000027417,0.999963740020678,0.00851578791760877,2.27934468502845e-10,2.67922370964877e-08,8.75345407269592,30.2372045661987,12.5786554960811,-1.62230544104741e-06,-72.3414509296019,-7.77760171925332,0,0.679325386615199,-0.00984093089752673,1.32469997349211,0.00179889470410124,0.999998382450491,2.67898821400484e-08,5.06410506874216e-11,3.53685447483198e-06,-15.4560442241803,-40.356565293849,9.02130875846893e-07,-65.0994789303314,-4.02768575979657e-06
1,0.407020076796201,0.0626714845523235,1.32855000026151,0.999963740020678,0.00851578791762047,2.27939763962562e-10,2.67922725256672e-08,8.75345400166165,30.5354570859778,11.9948260322457,-1.64502750688029e-06,-71.4593689459874,-7.77760162533771,0,0.679325386615199,-0.00984093089752673,1.32469997349211,0.00179889470410124,0.999998382450491,2.67898821400484e-08,5.06410506874216e-11,3.53685447483198e-06,-15.4560442241803,-40.356565293849,9.02130875846893e-07,-65.0994789303314,-4.02768575979657e-06
1,0.435881174852681,0.0631630805641717,1.32680359293887,0.99140891160359,0.00844293416893692,-0.130521458891117,0.00111158649624539,7.95088939908996,41.7863127755716,28.4866818084414,-1.80180963670119,-91.59351973278,-6.78971601620821,0,0.679325386615199,-0.00984093089752673,1.32469997349211,0.00179889470410124,0.999998382450491,2.67898821400484e-08,5.06410506874216e-11,3.53685447483198e-06,-15.4560442241803,-40.356565293849,9.02130875846893e-07,-65.0994789303314,-4.02768575979657e-06
1,0.435881176332667,0.0631630735292716,1.34180359334063,0.991408911573787,0.00844293766348426,-0.13052145866522,0.00111161305867884,7.95088894516334,41.1718347299867,30.500176665824,-1.80600780645185,-94.2201910900332,-6.8725405439357,0,0.679325386615199,-0.00984093089752673,1.32469997349211,0.00179889470410124,0.999998382450491,2.67898821400484e-08,5.06410506874216e-11,3.53685447483198e-06,-15.4560442241803,-40.356565293849,9.02130875846893e-07,-65.0994789303314,-4.02768575979657e-06
1,0.200067567822007,-1.16930769798395e-11,1.32469997349211,0.999999999999999,-2.67944733606881e-08,-2.44953707558153e-12,2.67899298791509e-08,3.53685447483198e-06,-15.4560442241803,-40.356565293849,9.02130875846893e-07,-65.0994789303314,-4.02768575979657e-06,1,0.679325386615199,-0.00984093089752673,1.32469997349211,0.00179889470410124,0.999998382450491,2.67898821400484e-08,5.06410506874216e-11,3.53685447483198e-06,-15.4560442241803,-40.356565293849,9.02130875846893e-07,-65.0994789303314,-4.02768575979657e-06
1,0.200067567822007,-1.16930769798395e-11,1.32469997349211,0.999999999999999,-2.67944733606881e-08,-2.44953707558153e-12,2.67899298791509e-08,3.53685447483198e-06,-15.4560442241803,-40.356565293849,9.02130875846893e-07,-65.0994789303314,-4.02768575979657e-06,1,0.679325386615199,-0.00984093089752673,1.32469997349211,0.00179889470410124,0.999998382450491,2.67898821400484e-08,5.06410506874216e-11,3.53685447483198e-06,-15.4560442241803,-40.356565293849,9.02130875846893e-07,-65.0994789303314,-4.02768575979657e-06
1,0.30281163339375,-0.102127186063921,1.23815000013296,-0.00851578791814419,0.999963740020673,2.6794667609039e-08,-2.27922114122143e-10,-18.6373491455135,21.7811965814388,-20.9818003384708,-1.55123338844711e-06,-47.2370030798099,-160.386797741327,0,0.679325386615199,-0.00984093089752673,1.32469997349211,0.00179889470410124,0.999998382450491,2.67898821400484e-08,5.06410506874216e-11,3.53685447483198e-06,-15.4560442241803,-40.356565293849,9.02130875846893e-07,-65.0994789303314,-4.02768575979657e-06
1,0.297897516082926,-0.107211616480994,1.23535000013099,-0.00851578791816673,0.999963740020673,2.67946397286793e-08,-2.27915364445619e-10,-19.7935119123607,21.6743499749157,-21.8581815506906,-1.56354593914994e-06,-46.4674684741132,-159.230634948676,0,0.679325386615199,-0.00984093089752673,1.32469997349211,0.00179889470410124,0.999998382450491,2.67898821400484e-08,5.06410506874216e-11,3.53685447483198e-06,-15.4560442241803,-40.356565293849,9.02130875846893e-07,-65.0994789303314,-4.02768575979657e-06
1,0.297897511997914,-0.10721161548941,1.23255000012906,-0.00851578791818277,0.999963740020673,2.679462411319e-08,-2.27921259167319e-10,-19.7935119956981,22.1010147173366,-21.9735497497552,-1.60732612544497e-06,-45.9254355326276,-159.230634832732,0,0.679325386615199,-0.00984093089752673,1.32469997349211,0.00179889470410124,0.999998382450491,2.67898821400484e-08,5.06410506874216e-11,3.53685447483198e-06,-15.4560442241803,-40.356565293849,9.02130875846893e-07,-65.0994789303314,-4.02768575979657e-06
1,0.32895128496563,-0.106682684207233,1.22846109940888,-0.00844293416978255,0.991408911603732,-0.00111148023961126,-0.130521459794878,-17.0148240931148,31.2244422993256,-9.77380320029003,5.12960622005548,-63.3913332830204,-164.887124920093,0,0.679325386615199,-0.00984093089752673,1.32469997349211,0.00179889470410124,0.999998382450491,2.67898821400484e-08,5.06410506874216e-11,3.53685447483198e-06,-15.4560442241803,-40.356565293849,9.02130875846893e-07,-65.0994789303314,-4.02768575979657e-06
1,0.328951278959569,-0.106682705015257,1.24346109954484,-0.00844293067007486,0.991408911633584,-0.00111145367381368,-0.130521460020734,-17.0148280820827,29.2336716556536,-9.19053589692591,5.02180859482922,-65.9552826134028,-164.635194652294,0,0.679325386615199,-0.00984093089752673,1.32469997349211,0.00179889470410124,0.999998382450491,2.67898821400484e-08,5.06410506874216e-11,3.53685447483198e-06,-15.4560442241803,-40.356565293849,9.02130875846893e-07,-65.0994789303314,-4.02768575979657e-06
1,0.200067567822007,-1.16930769798395e-11,1.32469997349211,0.999999999999999,-2.67944733606881e-08,-2.44953707558153e-12,2.67899298791509e-08,3.53685447483198e-06,-15.4560442241803,-40.356565293849,9.02130875846893e-07,-65.0994789303314,-4.02768575979657e-06,1,0.679325386615199,-0.00984093089752673,1.32469997349211,0.00179889470410124,0.999998382450491,2.67898821400484e-08,5.06410506874216e-11,3.53685447483198e-06,-15.4560442241803,-40.356565293849,9.02130875846893e-07,-65.0994789303314,-4.02768575979657e-06
1,0.444099864656502,0.0583023565486694,1.33855000035518,-0.00851578791755088,0.999963740020678,2.67958316456874e-08,-2.28413434085383e-10,7.47913929138182,38.3968471797114,25.9576369461579,-1.95257817142708e-06,-77.560789766166,173.496712744216,1,0.54521659992097,0.0630802434366351,1.18935000011071,-5.67552061476353e-08,-0.707106781296139,-5.68783629015084e-08,0.707106781731558,-15.4831005460905,38.5403103064991,-32.0918899795541,16.5800332092358,71.3808983439418,-5.43016194499063
1,0.439015437016855,0.0632164764835908,1.33355000032128,-0.00851578791756527,0.999963740020678,2.67957676611153e-08,-2.28428843752901e-10,8.19404183400673,37.547476215319,23.6303418085935,-1.92743347218994e-06,-76.082865592994,172.781810272589,1,0.545216595479312,0.0630802448213535,1.1903500001116,-5.67542033061951e-08,-0.707106781294008,-5.6878553859273e-08,0.707106781733689,-15.4831005754487,38.3070317851971,-32.1481569790615,16.5971427285279,71.2112541259522,-5.48351599084741
1,0.439015436300994,0.0632164763400355,1.32855000030228,-0.00851578791757444,0.999963740020678,2.67957319237688e-08,-2.28424080315624e-10,8.19404183858679,37.7901870246511,23.0021467461531,-1.94558871821747e-06,-75.2119597212214,172.781810293079,0,0.545216595479312,0.0630802448213535,1.1903500001116,-5.67542033061951e-08,-0.707106781294008,-5.6878553859273e-08,0.707106781733689,-15.4831005754487,38.3070317851971,-32.1481569790615,16.5971427285279,71.2112541259522,-5.48351599084741
1,0.410154342171861,0.0627248518344565,1.32680359290045,-0.00844293416935095,0.991408911603706,0.0011115865030833,0.130521458890149,9.05659367043523,27.4906971303358,6.70449686261111,2.56505772379229,-54.3833125107483,170.696699796009,0,0.545216595479312,0.0630802448213535,1.1903500001116,-5.67542033061951e-08,-0.707106781294008,-5.6878553859273e-08,0.707106781733689,-15.4831005754487,38.3070317851971,-32.1481569790615,16.5971427285279,71.2112541259522,-5.48351599084741
1,0.410154344496663,0.0627248307508478,1.34180359317579,-0.00844293766476702,0.99140891157396,0.00111161306914263,0.130521458663733,9.05659004411667,26.5366750344931,8.43259797150309,2.48451037776644,-57.0628330387993,170.839677430667,1,0.54521659992097,0.0630802434366351,1.18935000011071,-5.67552061476353e-08,-0.707106781296139,-5.68783629015084e-08,0.707106781731558,-15.4831005460905,38.5403103064991,-32.0918899795541,16.5800332092358,71.3808983439418,-5.43016194499063
1,0.200067567822007,-1.16930769798395e-11,1.32469997349211,0.999999999999999,-2.67944733606881e-08,-2.44953707558153e-12,2.67899298791509e-08,3.53685447483198e-06,-15.4560442241803,-40.356565293849,9.02130875846893e-07,-65.0994789303314,-4.02768575979657e-06,1,0.679325386615199,-0.00984093089752673,1.32469997349211,0.00179889470410124,0.999998382450491,2.67898821400484e-08,5.06410506874216e-11,3.53685447483198e-06,-15.4560442241803,-40.356565293849,9.02130875846893e-07,-65.0994789303314,-4.02768575979657e-06
1,0.200067567822007,-1.16930769798395e-11,1.32469997349211,0.999999999999999,-2.67944733606881e-08,-2.44953707558153e-12,2.67899298791509e-08,3.53685447483198e-06,-15.4560442241803,-40.356565293849,9.02130875846893e-07,-65.0994789303314,-4.02768575979657e-06,1,0.679325386615199,-0.00984093089752673,1.32469997349211,0.00179889470410124,0.999998382450491,2.67898821400484e-08,5.06410506874216e-11,3.53685447483198e-06,-15.4560442241803,-40.356565293849,9.02130875846893e-07,-65.0994789303314,-4.02768575979657e-06
1,0.211905015660272,-0.0496678015230635,1.23815000013526,0.999963740020672,0.00851578791829233,2.2833081650797e-10,2.67933041842337e-08,-13.1912647090291,2.46731584417702,-45.180246214409,-1.95482135653172e-07,-42.3524379411334,14.1671171297949,0,0.679325386615199,-0.00984093089752673,1.32469997349211,0.00179889470410124,0.999998382450491,2.67898821400484e-08,5.06410506874216e-11,3.53685447483198e-06,-15.4560442241803,-40.356565293849,9.02130875846893e-07,-65.0994789303314,-4.02768575979657e-06
1,0.21681913895995,-0.0445833721064786,1.23535000013311,0.999963740020672,0.00851578791831414,2.28309557621903e-10,2.67933194548033e-08,-11.6194685677047,3.82921919031687,-44.5053016021001,-3.07716957900718e-07,-41.6654792073025,12.5953210698772,0,0.679325386615199,-0.00984093089752673,1.32469997349211,0.00179889470410124,0.999998382450491,2.67898821400484e-08,5.06410506874216e-11,3.53685447483198e-06,-15.4560442241803,-40.356565293849,9.02130875846893e-07,-65.0994789303314,-4.02768575979657e-06
1,0.216819138968223,-0.0445833720806774,1.23255000013115,0.999963740020672,0.00851578791833773,2.2830519587891e-10,2.67933397814717e-08,-11.6194685675492,4.42034452238345,-44.6512509247115,-3.60482882826764e-07,-40.9284045526245,12.5953211099245,0,0.679325386615199,-0.00984093089752673,1.32469997349211,0.00179889470410124,0.999998382450491,2.67898821400484e-08,5.06410506874216e-11,3.53685447483198e-06,-15.4560442241803,-40.356565293849,9.02130875846893e-07,-65.0994789303314,-4.02768575979657e-06
1,0.185765360176942,-0.0451123296506228,1.22846109941502,0.99140891160361,0.00844293417111157,0.130521459795691,-0.0011114802422574,-15.2065864075379,-4.67496584268234,-55.6144248708791,-9.84473919589929,-24.9531140221454,24.5998795035475,0,0.679325386615199,-0.00984093089752673,1.32469997349211,0.00179889470410124,0.999998382450491,2.67898821400484e-08,5.06410506874216e-11,3.53685447483198e-06,-15.4560442241803,-40.356565293849,9.02130875846893e-07,-65.0994789303314,-4.02768575979657e-06
1,0.185765362177604,-0.0451123351260861,1.24346109955511,0.991408911633386,0.00844293067263894,0.130521460022039,-0.001111453678011,-15.2065866889221,-8.52604019171275,-54.6693401214683,-8.37400017461689,-29.6892413151194,22.9459159150616,0,0.679325386615199,-0.00984093089752673,1.32469997349211,0.00179889470410124,0.999998382450491,2.67898821400484e-08,5.06410506874216e-11,3.53685447483198e-06,-15.4560442241803,-40.356565293849,9.02130875846893e-07,-65.0994789303314,-4.02768575979657e-06
1,0.200067567822007,-1.16930769798395e-11,1.32469997349211,0.999999999999999,-2.67944733606881e-08,-2.44953707558153e-12,2.67899298791509e-08,3.53685447483198e-06,-15.4560442241803,-40.356565293849,9.02130875846893e-07,-65.0994789303314,-4.02768575979657e-06,1,0.679325386615199,-0.00984093089752673,1.32469997349211,0.00179889470410124,0.999998382450491,2.67898821400484e-08,5.06410506874216e-11,3.53685447483198e-06,-15.4560442241803,-40.356565293849,9.02130875846893e-07,-65.0994789303314,-4.02768575979657e-06
1,0.401935644675389,0.0675856046817645,1.34815000031329,0.999963740020678,0.00851578791758219,2.27897049231141e-10,2.67921523963984e-08,9.545013585679,28.5073639425922,13.0312484551945,-1.5202127718485e-06,-74.5238845123218,-8.56916127324036,0,0.679325386615199,-0.00984093089752673,1.32469997349211,0.00179889470410124,0.999998382450491,2.67898821400484e-08,5.06410506874216e-11,3.53685447483198e-06,-15.4560442241803,-40.356565293849,9.02130875846893e-07,-65.0994789303314,-4.02768575979657e-06
1,0.407020076747347,0.0626714846815861,1.34315000030224,0.999963740020678,0.00851578791758761,2.27924410693203e-10,2.67921679501006e-08,8.75345400227618,29.7102720159371,13.7598489300538,-1.58233094940187e-06,-74.0495769138361,-7.77760169201118,0,0.679325386615199,-0.00984093089752673,1.32469997349211,0.00179889470410124,0.999998382450491,2.67898821400484e-08,5.06410506874216e-11,3.53685447483198e-06,-15.4560442241803,-40.356565293849,9.02130875846893e-07,-65.0994789303314,-4.02768575979657e-06
1,0.407020076765346,0.0626714846341957,1.33815000028694,0.999963740020678,0.00851578791759843,2.27929771778797e-10,2.67922041286201e-08,8.75345400204903,29.9771552866383,13.1346830031595,-1.60255387646915e-06,-73.1575277162407,-7.77760166940718,0,0.679325386615199,-0.00984093089752673,1.32469997349211,0.00179889470410124,0.999998382450491,2.67898821400484e-08,5.06410506874216e-11,3.53685447483198e-06,-15.4560442241803,-40.356565293849,9.02130875846893e-07,-65.0994789303314,-4.02768575979657e-06
1,0.435881174774493,0.0631630808260115,1.33640359301176,0.991408911603587,0.00844293416891772,-0.130521458891138,0.00111158649610444,7.95088941012881,41.3741248051196,29.7467251052912,-1.80404172937891,-93.2649232883412,-6.84237287132046,0,0.679325386615199,-0.00984093089752673,1.32469997349211,0.00179889470410124,0.999998382450491,2.67898821400484e-08,5.06410506874216e-11,3.53685447483198e-06,-15.4560442241803,-40.356565293849,9.02130875846893e-07,-65.0994789303314,-4.02768575979657e-06
1,0.435881176187697,0.0631630740060105,1.35140359349249,0.991408911573783,0.00844293766346202,-0.130521458665253,0.0011116130584651,7.95088897952261,40.8669919835132,31.9227385972644,-1.81085748305432,-95.9467355245843,-6.92726696440312,0,0.679325386615199,-0.00984093089752673,1.32469997349211,0.00179889470410124,0.999998382450491,2.67898821400484e-08,5.06410506874216e-11,3.53685447483198e-06,-15.4560442241803,-40.356565293849,9.02130875846893e-07,-65.0994789303314,-4.02768575979657e-06
1,0.200067567822007,-1.16930769798395e-11,1.32469997349211,0.999999999999999,-2.67944733606881e-08,-2.44953707558153e-12,2.67899298791509e-08,3.53685447483198e-06,-15.4560442241803,-40.356565293849,9.02130875846893e-07,-65.0994789303314,-4.02768575979657e-06,1,0.679325386615199,-0.00984093089752673,1.32469997349211,0.00179889470410124,0.999998382450491,2.67898821400484e-08,5.06410506874216e-11,3.53685447483198e-06,-15.4560442241803,-40.356565293849,9.02130875846893e-07,-65.0994789303314,-4.02768575979657e-06
1,0.200067567822007,-1.16930769798395e-11,1.32469997349211,0.999999999999999,-2.67944733606881e-08,-2.44953707558153e-12,2.67899298791509e-08,3.53685447483198e-06,-15.4560442241803,-40.356565293849,9.02130875846893e-07,-65.0994789303314,-4.02768575979657e-06,1,0.679325386615199,-0.00984093089752673,1.32469997349211,0.00179889470410124,0.999998382450491,2.67898821400484e-08,5.06410506874216e-11,3.53685447483198e-06,-15.4560442241803,-40.356565293849,9.02130875846893e-07,-65.0994789303314,-4.02768575979657e-06
1,0.303356620770871,-0.134122544599359,1.23815000013307,-0.00851578791811637,0.999963740020673,2.67946690375886e-08,-2.2784315364255e-10,-23.8515750243496,23.9348378722217,-17.8600097788824,-1.67022637252062e-06,-48.2051523486153,-155.172571847412,0,0.679325386615199,-0.00984093089752673,1.32469997349211,0.00179889470410124,0.999998382450491,2.67898821400484e-08,5.06410506874216e-11,3.53685447483198e-06,-15.4560442241803,-40.356565293849,9.02130875846893e-07,-65.0994789303314,-4.02768575979657e-06
1,0.298442503879044,-0.139206974030411,1.23535000013106,-0.00851578791813729,0.999963740020673,2.67946415146184e-08,-2.27837954331614e-10,-25.0064544310328,23.9191850392558,-18.5958460293064,-1.68829778576336e-06,-47.4849689311572,-154.01769241261,0,0.679325386615199,-0.00984093089752673,1.32469997349211,0.00179889470410124,0.999998382450491,2.67898821400484e-08,5.06410506874216e-11,3.53685447483198e-06,-15.4560442241803,-40.356565293849,9.02130875846893e-07,-65.0994789303314,-4.02768575979657e-06
1,0.298442504624733,-0.139206974711529,1.23255000012911,-0.00851578791815201,0.999963740020673,2.67946266243731e-08,-2.27845005515743e-10,-25.0064544850362,24.3295807397585,-18.7091808896015,-1.73009745924594e-06,-46.9612383703594,-154.017692327739,0,0.679325386615199,-0.00984093089752673,1.32469997349211,0.00179889470410124,0.999998382450491,2.67898821400484e-08,5.06410506874216e-11,3.53685447483198e-06,-15.4560442241803,-40.356565293849,9.02130875846893e-07,-65.0994789303314,-4.02768575979657e-06
1,0.329496278380051,-0.138678043082739,1.22846109940923,-0.00844293416973714,0.991408911603755,-0.00111148023960474,-0.130521459794702,-21.6749159299616,33.1784856787342,-6.64539383231185,6.35602625374346,-64.2043846866679,-160.821720978903,0,0.679325386615199,-0.00984093089752673,1.32469997349211,0.00179889470410124,0.999998382450491,2.67898821400484e-08,5.06410506874216e-11,3.53685447483198e-06,-15.4560442241803,-40.356565293849,9.02130875846893e-07,-65.0994789303314,-4.02768575979657e-06
1,0.329496264241671,-0.138678063535622,1.24346109954569,-0.00844293067001721,0.991408911633622,-0.00111145367381169,-0.130521460020449,-21.6749201788264,31.2503842541393,-6.06488366021652,6.23040278858741,-66.6978861872507,-160.519427534609,0,0.679325386615199,-0.00984093089752673,1.32469997349211,0.00179889470410124,0.999998382450491,2.67898821400484e-08,5.06410506874216e-11,3.53685447483198e-06,-15.4560442241803,-40.356565293849,9.02130875846893e-07,-65.0994789303314,-4.02768575979657e-06
1,0.200067567822007,-1.16930769798395e-11,1.32469997349211,0.999999999999999,-2.67944733606881e-08,-2.44953707558153e-12,2.67899298791509e-08,3.53685447483198e-06,-15.4560442241803,-40.356565293849,9.02130875846893e-07,-65.0994789303314,-4.02768575979657e-06,1,0.679325386615199,-0.00984093089752673,1.32469997349211,0.00179889470410124,0.999998382450491,2.67898821400484e-08,5.06410506874216e-11,3.53685447483198e-06,-15.4560442241803,-40.356565293849,9.02130875846893e-07,-65.0994789303314,-4.02768575979657e-06
1,0.444099860969247,0.0583023567277357,1.34815000041161,-0.00851578791753627,0.999963740020678,2.67959027367075e-08,-2.28422292416605e-10,7.4791393523857,38.0321008327634,27.3044311668748,-1.92503579581947e-06,-79.2723303338309,173.496712633038,1,0.54521659992097,0.0630802434366351,1.18935000011071,-5.67552061476353e-08,-0.707106781296139,-5.68783629015084e-08,0.707106781731558,-15.4831005460905,38.5403103064991,-32.0918899795541,16.5800332092358,71.3808983439418,-5.43016194499063
1,0.439015435230438,0.0632164764598127,1.34315000036557,-0.00851578791754893,0.999963740020678,2.67958375134303e-08,-2.28438387103585e-10,8.19404184337578,37.1298618573516,24.9064525655521,-1.89605207367117e-06,-77.77659070792,172.781810214649,1,0.545216595479312,0.0630802448213535,1.1903500001116,-5.67542033061951e-08,-0.707106781294008,-5.6878553859273e-08,0.707106781733689,-15.4831005754487,38.3070317851971,-32.1481569790615,16.5971427285279,71.2112541259522,-5.48351599084741
1,0.43901543626132,0.0632164764730371,1.33815000034105,-0.00851578791755736,0.999963740020678,2.67958009028397e-08,-2.28433547399585e-10,8.19404183705119,37.3393290956681,24.2301758204191,-1.91182312277256e-06,-76.8908467244706,172.781810246357,0,0.545216595479312,0.0630802448213535,1.1903500001116,-5.67542033061951e-08,-0.707106781294008,-5.6878553859273e-08,0.707106781733689,-15.4831005754487,38.3070317851971,-32.1481569790615,16.5971427285279,71.2112541259522,-5.48351599084741
1,0.410154342500648,0.0627248520731429,1.33640359295991,-0.00844293416929172,0.991408911603709,0.00111158650321381,0.130521458890131,9.0565936894781,26.8633297059685,7.78933448384279,2.51241807667775,-56.0938374613306,170.789013790761,0,0.545216595479312,0.0630802448213535,1.1903500001116,-5.67542033061951e-08,-0.707106781294008,-5.6878553859273e-08,0.707106781733689,-15.4831005754487,38.3070317851971,-32.1481569790615,16.5971427285279,71.2112541259522,-5.48351599084741
1,0.410154344792176,0.0627248310565751,1.35140359326239,-0.00844293766467687,0.991408911573964,0.00111161306933997,0.130521458663706,9.05659007121386,26.0033921990477,9.63582004885667,2.43778478501062,-58.7977365379054,170.927671000588,1,0.54521659992097,0.0630802434366351,1.18935000011071,-5.67552061476353e-08,-0.707106781296139,-5.68783629015084e-08,0.707106781731558,-15.4831005460905,38.5403103064991,-32.0918899795541,16.5800332092358,71.3808983439418,-5.43016194499063
1,0.200067567822007,-1.16930769798395e-11,1.32469997349211,0.999999999999999,-2.67944733606881e-08,-2.44953707558153e-12,2.67899298791509e-08,3.53685447483198e-06,-15.4560442241803,-40.356565293849,9.02130875846893e-07,-65.0994789303314,-4.02768575979657e-06,1,0.679325386615199,-0.00984093089752673,1.32469997349211,0.00179889470410124,0.999998382450491,2.67898821400484e-08,5.06410506874216e-11,3.53685447483198e-06,-15.4560442241803,-40.356565293849,9.02130875846893e-07,-65.0994789303314,-4.02768575979657e-06
1,0.200067567822007,-1.16930769798395e-11,1.32469997349211,0.999999999999999,-2.67944733606881e-08,-2.44953707558153e-12,2.67899298791509e-08,3.53685447483198e-06,-15.4560442241803,-40.356565293849,9.02130875846893e-07,-65.0994789303314,-4.02768575979657e-06,1,0.679325386615199,-0.00984093089752673,1.32469997349211,0.00179889470410124,0.999998382450491,2.67898821400484e-08,5.06410506874216e-11,3.53685447483198e-06,-15.4560442241803,-40.356565293849,9.02130875846893e-07,-65.0994789303314,-4.02768575979657e-06
1,0.209725058516036,0.0783136338971241,1.23815000013496,0.999963740020672,0.00851578791828943,2.27960488583749e-10,2.6793322067291e-08,20.4761856693997,3.77033317940654,-43.7880199522501,-2.98468227342053e-07,-42.4416468680628,-19.5003331766383,0,0.679325386615199,-0.00984093089752673,1.32469997349211,0.00179889470410124,0.999998382450491,2.67898821400484e-08,5.06410506874216e-11,3.53685447483198e-06,-15.4560442241803,-40.356565293849,9.02130875846893e-07,-65.0994789303314,-4.02768575979657e-06
1,0.214639183036184,0.0833980633466864,1.23535000013271,0.999963740020672,0.008515787918308,2.27958369570392e-10,2.67933407329949e-08,21.2336424413854,5.6486847742227,-42.4945789521156,-4.52188837104367e-07,-41.8567362733812,-20.257789840348,0,0.679325386615199,-0.00984093089752673,1.32469997349211,0.00179889470410124,0.999998382450491,2.67898821400484e-08,5.06410506874216e-11,3.53685447483198e-06,-15.4560442241803,-40.356565293849,9.02130875846893e-07,-65.0994789303314,-4.02768575979657e-06
1,0.214639183030277,0.0833980633695469,1.23255000013077,0.999963740020672,0.00851578791833081,2.27965543715857e-10,2.67933596134279e-08,21.233642441116,6.2202802642684,-42.6361966428535,-5.04899388446325e-07,-41.1435230925976,-20.2577897998188,0,0.679325386615199,-0.00984093089752673,1.32469997349211,0.00179889470410124,0.999998382450491,2.67898821400484e-08,5.06410506874216e-11,3.53685447483198e-06,-15.4560442241803,-40.356565293849,9.02130875846893e-07,-65.0994789303314,-4.02768575979657e-06
1,0.183585410916933,0.0828691126182495,1.22846109941396,0.991408911603687,0.00844293417106535,0.130521459795108,-0.00111148024222763,26.5859394885187,-2.01615220497136,-53.1635464882454,14.7745070319924,-26.0204242882658,-38.1775278431176,0,0.679325386615199,-0.00984093089752673,1.32469997349211,0.00179889470410124,0.999998382450491,2.67898821400484e-08,5.06410506874216e-11,3.53685447483198e-06,-15.4560442241803,-40.356565293849,9.02130875846893e-07,-65.0994789303314,-4.02768575979657e-06
1,0.183585417908876,0.0828691116832439,1.24346109955324,0.991408911633505,0.00844293067256169,0.130521460021135,-0.00111145367796012,26.5859393953502,-5.69101196186438,-52.2665872599013,12.7485505032488,-30.4618342497672,-35.8796179563154,0,0.679325386615199,-0.00984093089752673,1.32469997349211,0.00179889470410124,0.999998382450491,2.67898821400484e-08,5.06410506874216e-11,3.53685447483198e-06,-15.4560442241803,-40.356565293849,9.02130875846893e-07,-65.0994789303314,-4.02768575979657e-06
1,0.200067567822007,-1.16930769798395e-11,1.32469997349211,0.999999999999999,-2.67944733606881e-08,-2.44953707558153e-12,2.67899298791509e-08,3.53685447483198e-06,-15.4560442241803,-40.356565293849,9.02130875846893e-07,-65.0994789303314,-4.02768575979657e-06,1,0.679325386615199,-0.00984093089752673,1.32469997349211,0.00179889470410124,0.999998382450491,2.67898821400484e-08,5.06410506874216e-11,3.53685447483198e-06,-15.4560442241803,-40.356565293849,9.02130875846893e-07,-65.0994789303314,-4.02768575979657e-06
1,0.401935645374568,0.0675856047810815,1.3577500003502,0.999963740020678,0.0085157879175634,2.2788569075137e-10,2.67920813073925e-08,9.54501356899239,28.0616960656095,14.3265539934565,-1.48657985746621e-06,-76.2648579275665,-8.56916129792273,0,0.679325386615199,-0.00984093089752673,1.32469997349211,0.00179889470410124,0.999998382450491,2.67898821400484e-08,5.06410506874216e-11,3.53685447483198e-06,-15.4560442241803,-40.356565293849,9.02130875846893e-07,-65.0994789303314,-4.02768575979657e-06
1,0.407020074508063,0.0626714847825957,1.35275000033681,0.999963740020678,0.00851578791756845,2.27914161528754e-10,2.67920974196275e-08,8.75345404936051,29.2447005244168,15.0219177309004,-1.54712188199533e-06,-75.7772172062031,-7.77760178153682,0,0.679325386615199,-0.00984093089752673,1.32469997349211,0.00179889470410124,0.999998382450491,2.67898821400484e-08,5.06410506874216e-11,3.53685447483198e-06,-15.4560442241803,-40.356565293849,9.02130875846893e-07,-65.0994789303314,-4.02768575979657e-06
1,0.40702008039953,0.0626714851206013,1.34775000031785,0.999963740020678,0.0085157879175782,2.2791954452659e-10,2.67921343284398e-08,8.7534539787439,29.4794347160035,14.3543669952064,-1.56486745364277e-06,-74.8749322789224,-7.77760168888786,0,0.679325386615199,-0.00984093089752673,1.32469997349211,0.00179889470410124,0.999998382450491,2.67898821400484e-08,5.06410506874216e-11,3.53685447483198e-06,-15.4560442241803,-40.356565293849,9.02130875846893e-07,-65.0994789303314,-4.02768575979657e-06
1,0.435881175564033,0.0631630815140744,1.3460035931073,0.991408911603585,0.00844293416890257,-0.13052145889116,0.00111158649596072,7.95088945614977,41.0296902905515,31.1092128568041,-1.80791494407891,-94.9709978128457,-6.89630389140493,0,0.679325386615199,-0.00984093089752673,1.32469997349211,0.00179889470410124,0.999998382450491,2.67898821400484e-08,5.06410506874216e-11,3.53685447483198e-06,-15.4560442241803,-40.356565293849,9.02130875846893e-07,-65.0994789303314,-4.02768575979657e-06
1,0.435881176887703,0.0631630749346181,1.36100359370837,0.991408911573779,0.00844293766344609,-0.130521458665287,0.00111161305824692,7.95088905192927,40.6355426782839,33.4572326300348,-1.8175535184539,-97.7117938101578,-6.98357154341578,0,0.679325386615199,-0.00984093089752673,1.32469997349211,0.00179889470410124,0.999998382450491,2.67898821400484e-08,5.06410506874216e-11,3.53685447483198e-06,-15.4560442241803,-40.356565293849,9.02130875846893e-07,-65.0994789303314,-4.02768575979657e-06
1,0.200067567822007,-1.16930769798395e-11,1.32469997349211,0.999999999999999,-2.67944733606881e-08,-2.44953707558153e-12,2.67899298791509e-08,3.53685447483198e-06,-15.4560442241803,-40.356565293849,9.02130875846893e-07,-65.0994789303314,-4.02768575979657e-06,1,0.679325386615199,-0.00984093089752673,1.32469997349211,0.00179889470410124,0.999998382450491,2.67898821400484e-08,5.06410506874216e-11,3.53685447483198e-06,-15.4560442241803,-40.356565293849,9.02130875846893e-07,-65.0994789303314,-4.02768575979657e-06
1,0.200067567822007,-1.16930769798395e-11,1.32469997349211,0.999999999999999,-2.67944733606881e-08,-2.44953707558153e-12,2.67899298791509e-08,3.53685447483198e-06,-15.4560442241803,-40.356565293849,9.02130875846893e-07,-65.0994789303314,-4.02768575979657e-06,1,0.679325386615199,-0.00984093089752673,1.32469997349211,0.00179889470410124,0.999998382450491,2.67898821400484e-08,5.06410506874216e-11,3.53685447483198e-06,-15.4560442241803,-40.356565293849,9.02130875846893e-07,-65.0994789303314,-4.02768575979657e-06
0,0.200067567822007,-1.16930769798395e-11,1.32469997349211,0.999999999999999,-2.67944733606881e-08,-2.44953707558153e-12,2.67899298791509e-08,3.53685447483198e-06,-15.4560442241803,-40.356565293849,9.02130875846893e-07,-65.0994789303314,-4.02768575979657e-06,1,0.578761670478387,0.0205903344548949,1.23815000013296,0.999963740483499,0.00851578793000684,2.28096368581078e-10,2.67946672195518e-08,-5.70969547831962,18.6833610170226,-25.3396732559196,-1.3672175074178e-06,-45.9769657267773,-173.108316265066
0,0.200067567822007,-1.16930769798395e-11,1.32469997349211,0.999999999999999,-2.67944733606881e-08,-2.44953707558153e-12,2.67899298791509e-08,3.53685447483198e-06,-15.4560442241803,-40.356565293849,9.02130875846893e-07,-65.0994789303314,-4.02768575979657e-06,1,0.583675785441314,0.0256747645159683,1.23535000013104,0.999963740483499,0.00851578793003248,2.28085752564401e-10,2.67946394335039e-08,-6.77976373789794,18.3543209013239,-26.5312129161185,-1.36395814271153e-06,-45.114466182277,-172.038247987493
0,0.200067567822007,-1.16930769798395e-11,1.32469997349211,0.999999999999999,-2.67944733606881e-08,-2.44953707558153e-12,2.67899298791509e-08,3.53685447483198e-06,-15.4560442241803,-40.356565293849,9.02130875846893e-07,-65.0994789303314,-4.02768575979657e-06,1,0.583675788391872,0.0256747638996576,1.23255000012913,0.999963740483499,0.00851578793005006,2.28088262936493e-10,2.67946223795184e-08,-6.77976369176238,18.8068170547043,-26.6503107311189,-1.41048162745088e-06,-44.5428722138963,-172.038247998602
0,0.200067567822007,-1.16930769798395e-11,1.32469997349211,0.999999999999999,-2.67944733606881e-08,-2.44953707558153e-12,2.67899298791509e-08,3.53685447483198e-06,-15.4560442241803,-40.356565293849,9.02130875846893e-07,-65.0994789303314,-4.02768575979657e-06,1,0.552622011759275,0.0251458330174873,1.22846109940865,0.991408912062547,0.00844293418156922,0.130521459855676,-0.0011114802411623,-5.64385916759952,28.3942157233881,-14.2213585091941,1.99106964368479,-62.2970945105609,-174.330567347745
0,0.200067567822007,-1.16930769798395e-11,1.32469997349211,0.999999999999999,-2.67944733606881e-08,-2.44953707558153e-12,2.67899298791509e-08,3.53685447483198e-06,-15.4560442241803,-40.356565293849,9.02130875846893e-07,-65.0994789303314,-4.02768575979657e-06,1,0.552622013502044,0.0251458542485884,1.24346109954408,0.991408912092367,0.00844293068187775,0.130521460081772,-0.00111145367535803,-5.64386330936185,26.3065820684693,-13.6310883759645,1.94547276321848,-64.9734193224458,-174.227918869444
1,0.200067567822007,-1.16930769798395e-11,1.32469997349211,0.999999999999999,-2.67944733606881e-08,-2.44953707558153e-12,2.67899298791509e-08,3.53685447483198e-06,-15.4560442241803,-40.356565293849,9.02130875846893e-07,-65.0994789303314,-4.02768575979657e-06,1,0.679325386615199,-0.00984093089752673,1.32469997349211,0.00179889470410124,0.999998382450491,2.67898821400484e-08,5.06410506874216e-11,3.53685447483198e-06,-15.4560442241803,-40.356565293849,9.02130875846893e-07,-65.0994789303314,-4.02768575979657e-06
0,0.200067567822007,-1.16930769798395e-11,1.32469997349211,0.999999999999999,-2.67944733606881e-08,-2.44953707558153e-12,2.67899298791509e-08,3.53685447483198e-06,-15.4560442241803,-40.356565293849,9.02130875846893e-07,-65.0994789303314,-4.02768575979657e-06,1,0.40193567111037,0.0675856293397994,1.36735006295468,0.999963740483505,0.00851578792931917,2.27769065325523e-10,2.67963064888996e-08,-9.08918097575475,48.1389736615481,47.3973740290984,-2.28668716670121e-06,-89.2584003672697,-169.728832547919
0,0.200067567822007,-1.16930769798395e-11,1.32469997349211,0.999999999999999,-2.67944733606881e-08,-2.44953707558153e-12,2.67899298791509e-08,3.53685447483198e-06,-15.4560442241803,-40.356565293849,9.02130875846893e-07,-65.0994789303314,-4.02768575979657e-06,1,0.407020073218723,0.0626715102763324,1.36235000154051,0.999963740483505,0.00851578792932234,2.2780479058075e-10,2.67962143303285e-08,-8.60632990529671,46.1902201960466,43.1820776922086,-2.21854128257751e-06,-86.9918574958815,-170.21168345497
0,0.200067567822007,-1.16930769798395e-11,1.32469997349211,0.999999999999999,-2.67944733606881e-08,-2.44953707558153e-12,2.67899298791509e-08,3.53685447483198e-06,-15.4560442241803,-40.356565293849,9.02130875846893e-07,-65.0994789303314,-4.02768575979657e-06,1,0.407020074543547,0.0626715104859448,1.35735000110275,0.999963740483505,0.00851578792932502,2.27811542401912e-10,2.67961732035905e-08,-8.60632993204771,46.2049610689954,42.2197500980573,-2.22139762979193e-06,-86.0147890287814,-170.211683390829
0,0.200067567822007,-1.16930769798395e-11,1.32469997349211,0.999999999999999,-2.67944733606881e-08,-2.44953707558153e-12,2.67899298791509e-08,3.53685447483198e-06,-15.4560442241803,-40.356565293849,9.02130875846893e-07,-65.0994789303314,-4.02768575979657e-06,1,0.43588117368822,0.0631631337669524,1.35560359384203,0.991408912062437,0.00844293418078822,-0.130521458951604,0.00111158650539134,-9.67921958109117,33.7627335424411,21.7672164412491,-3.12947213930617,-63.2957243203893,-168.093054793867
0,0.200067567822007,-1.16930769798395e-11,1.32469997349211,0.999999999999999,-2.67944733606881e-08,-2.44953707558153e-12,2.67899298791509e-08,3.53685447483198e-06,-15.4560442241803,-40.356565293849,9.02130875846893e-07,-65.0994789303314,-4.02768575979657e-06,1,0.435881176296682,0.06316315344679,1.37060359433231,0.991408912032631,0.00844293767606457,-0.130521458725655,0.00111161307179628,-9.6792227551076,33.2728953652343,24.0195673797058,-3.05937923920663,-66.0339179570287,-168.256814666425
1,0.200067567822007,-1.16930769798395e-11,1.32469997349211,0.999999999999999,-2.67944733606881e-08,-2.44953707558153e-12,2.67899298791509e-08,3.53685447483198e-06,-15.4560442241803,-40.356565293849,9.02130875846893e-07,-65.0994789303314,-4.02768575979657e-06,1,0.679325386615199,-0.00984093089752673,1.32469997349211,0.00179889470410124,0.999998382450491,2.67898821400484e-08,5.06410506874216e-11,3.53685447483198e-06,-15.4560442241803,-40.356565293849,9.02130875846893e-07,-65.0994789303314,-4.02768575979657e-06
1,0.200067567822007,-1.16930769798395e-11,1.32469997349211,0.999999999999999,-2.67944733606881e-08,-2.44953707558153e-12,2.67899298791509e-08,3.53685447483198e-06,-15.4560442241803,-40.356565293849,9.02130875846893e-07,-65.0994789303314,-4.02768575979657e-06,1,0.679325386615199,-0.00984093089752673,1.32469997349211,0.00179889470410124,0.999998382450491,2.67898821400484e-08,5.06410506874216e-11,3.53685447483198e-06,-15.4560442241803,-40.356565293849,9.02130875846893e-07,-65.0994789303314,-4.02768575979657e-06
1,0.210270051788043,0.0463182749561082,1.23815000013538,0.999963740020672,0.00851578791829305,2.28047803350246e-10,2.67933004960416e-08,12.4227197292601,1.97099734246676,-45.700772463887,-1.56103585289148e-07,-42.3282301933657,-11.4468673365211,0,0.679325386615199,-0.00984093089752673,1.32469997349211,0.00179889470410124,0.999998382450491,2.67898821400484e-08,5.06410506874216e-11,3.53685447483198e-06,-15.4560442241803,-40.356565293849,9.02130875846893e-07,-65.0994789303314,-4.02768575979657e-06
1,0.215184172058053,0.0514027043993263,1.23535000013311,0.999963740020672,0.00851578791831412,2.28040913203772e-10,2.6793321469704e-08,13.434920992786,3.80503050788804,-44.5315427362499,-3.05783668659657e-07,-41.6634267555815,-12.4590684919642,0,0.679325386615199,-0.00984093089752673,1.32469997349211,0.00179889470410124,0.999998382450491,2.67898821400484e-08,5.06410506874216e-11,3.53685447483198e-06,-15.4560442241803,-40.356565293849,9.02130875846893e-07,-65.0994789303314,-4.02768575979657e-06
1,0.215184167893356,0.0514027044249641,1.23255000013116,0.999963740020672,0.00851578791833785,2.28045517240935e-10,2.67933417566245e-08,13.4349212430106,4.39641822495877,-44.6775524592147,-3.58548583842562e-07,-40.926029315546,-12.4590687019885,0,0.679325386615199,-0.00984093089752673,1.32469997349211,0.00179889470410124,0.999998382450491,2.67898821400484e-08,5.06410506874216e-11,3.53685447483198e-06,-15.4560442241803,-40.356565293849,9.02130875846893e-07,-65.0994789303314,-4.02768575979657e-06
1,0.184130389631278,0.0508737491566977,1.22846109941504,0.991408911603669,0.00844293417111275,0.130521459795246,-0.00111148024225408,16.9868718665033,-4.71132673391621,-55.6468067337692,9.74755532965017,-24.9386581676338,-24.3458968797991,0,0.679325386615199,-0.00984093089752673,1.32469997349211,0.00179889470410124,0.999998382450491,2.67898821400484e-08,5.06410506874216e-11,3.53685447483198e-06,-15.4560442241803,-40.356565293849,9.02130875846893e-07,-65.0994789303314,-4.02768575979657e-06
1,0.184130392214383,0.0508737457671648,1.24346109955514,0.991408911633477,0.00844293067264059,0.130521460021346,-0.00111145367800568,16.9868718385281,-8.56481474088,-54.7010403899993,8.28965228173332,-29.6790342432008,-22.7065492636463,0,0.679325386615199,-0.00984093089752673,1.32469997349211,0.00179889470410124,0.999998382450491,2.67898821400484e-08,5.06410506874216e-11,3.53685447483198e-06,-15.4560442241803,-40.356565293849,9.02130875846893e-07,-65.0994789303314,-4.02768575979657e-06
1,0.200067567822007,-1.16930769798395e-11,1.32469997349211,0.999999999999999,-2.67944733606881e-08,-2.44953707558153e-12,2.67899298791509e-08,3.53685447483198e-06,-15.4560442241803,-40.356565293849,9.02130875846893e-07,-65.0994789303314,-4.02768575979657e-06,1,0.679325386615199,-0.00984093089752673,1.32469997349211,0.00179889470410124,0.999998382450491,2.67898821400484e-08,5.06410506874216e-11,3.53685447483198e-06,-15.4560442241803,-40.356565293849,9.02130875846893e-07,-65.0994789303314,-4.02768575979657e-06
1,0.401935645105211,0.0675856050251949,1.3769500004603,0.999963740020678,0.00851578791753204,2.27862476223979e-10,2.67919351188271e-08,9.54501357431669,27.3626133744719,17.1689013006188,-1.43354838941355e-06,-79.8062879258664,-8.56916138508888,0,0.679325386615199,-0.00984093089752673,1.32469997349211,0.00179889470410124,0.999998382450491,2.67898821400484e-08,5.06410506874216e-11,3.53685447483198e-06,-15.4560442241803,-40.356565293849,9.02130875846893e-07,-65.0994789303314,-4.02768575979657e-06
1,0.407020075503714,0.0626714850297244,1.37195000043833,0.999963740020678,0.00851578791753601,2.27893048234636e-10,2.67919522290948e-08,8.75345402747576,28.5042029129966,17.7983842918712,-1.49091743616983e-06,-79.2941813785941,-7.77760184364768,0,0.679325386615199,-0.00984093089752673,1.32469997349211,0.00179889470410124,0.999998382450491,2.67898821400484e-08,5.06410506874216e-11,3.53685447483198e-06,-15.4560442241803,-40.356565293849,9.02130875846893e-07,-65.0994789303314,-4.02768575979657e-06
1,0.40702008077502,0.0626714852791829,1.36695000040616,0.999963740020678,0.00851578791754366,2.27898681235339e-10,2.67919905617772e-08,8.75345396011939,28.6719952147072,17.0420513825538,-1.50372918352863e-06,-78.3700561675662,-7.77760175441901,0,0.679325386615199,-0.00984093089752673,1.32469997349211,0.00179889470410124,0.999998382450491,2.67898821400484e-08,5.06410506874216e-11,3.53685447483198e-06,-15.4560442241803,-40.356565293849,9.02130875846893e-07,-65.0994789303314,-4.02768575979657e-06
1,0.435881174859771,0.0631630821511283,1.3652035934393,0.991408911603579,0.00844293416888527,-0.130521458891205,0.00111158649566499,7.9508894867649,40.5584703123582,34.1657036569357,-1.82110810499041,-98.4969408403572,-7.0087632118848,0,0.679325386615199,-0.00984093089752673,1.32469997349211,0.00179889470410124,0.999998382450491,2.67898821400484e-08,5.06410506874216e-11,3.53685447483198e-06,-15.4560442241803,-40.356565293849,9.02130875846893e-07,-65.0994789303314,-4.02768575979657e-06
1,0.435881175799283,0.0631630761426014,1.38020359469545,0.99140891157377,0.00844293766343461,-0.130521458665359,0.00111161305779705,7.95088914811513,40.4115459497441,36.8950325464406,-1.83718801761365,-101.371729533139,-7.10195786415507,0,0.679325386615199,-0.00984093089752673,1.32469997349211,0.00179889470410124,0.999998382450491,2.67898821400484e-08,5.06410506874216e-11,3.53685447483198e-06,-15.4560442241803,-40.356565293849,9.02130875846893e-07,-65.0994789303314,-4.02768575979657e-06
1,0.200067567822007,-1.16930769798395e-11,1.32469997349211,0.999999999999999,-2.67944733606881e-08,-2.44953707558153e-12,2.67899298791509e-08,3.53685447483198e-06,-15.4560442241803,-40.356565293849,9.02130875846893e-07,-65.0994789303314,-4.02768575979657e-06,1,0.679325386615199,-0.00984093089752673,1.32469997349211,0.00179889470410124,0.999998382450491,2.67898821400484e-08,5.06410506874216e-11,3.53685447483198e-06,-15.4560442241803,-40.356565293849,9.02130875846893e-07,-65.0994789303314,-4.02768575979657e-06
1,0.200067567822007,-1.16930769798395e-11,1.32469997349211,0.999999999999999,-2.67944733606881e-08,-2.44953707558153e-12,2.67899298791509e-08,3.53685447483198e-06,-15.4560442241803,-40.356565293849,9.02130875846893e-07,-65.0994789303314,-4.02768575979657e-06,1,0.679325386615199,-0.00984093089752673,1.32469997349211,0.00179889470410124,0.999998382450491,2.67898821400484e-08,5.06410506874216e-11,3.53685447483198e-06,-15.4560442241803,-40.356565293849,9.02130875846893e-07,-65.0994789303314,-4.02768575979657e-06
0,0.200067567822007,-1.16930769798395e-11,1.32469997349211,0.999999999999999,-2.67944733606881e-08,-2.44953707558153e-12,2.67899298791509e-08,3.53685447483198e-06,-15.4560442241803,-40.356565293849,9.02130875846893e-07,-65.0994789303314,-4.02768575979657e-06,1,0.578216678974513,0.0525856931732235,1.23815000013294,0.999963740483499,0.00851578792999542,2.28017615447774e-10,2.67946661856313e-08,-11.635358800342,19.6669035942715,-23.9736292528318,-1.42727575183101e-06,-46.3594671526161,-167.182652925493
0,0.200067567822007,-1.16930769798395e-11,1.32469997349211,0.999999999999999,-2.67944733606881e-08,-2.44953707558153e-12,2.67899298791509e-08,3.53685447483198e-06,-15.4560442241803,-40.356565293849,9.02130875846893e-07,-65.0994789303314,-4.02768575979657e-06,1,0.58313079786563,0.05767012316345,1.235350000131,0.999963740483499,0.00851578793001997,2.28009070523269e-10,2.67946382579753e-08,-12.763311849642,19.4409553456355,-25.0224580404217,-1.43125449783702e-06,-45.5365866136623,-166.054699854618
0,0.200067567822007,-1.16930769798395e-11,1.32469997349211,0.999999999999999,-2.67944733606881e-08,-2.44953707558153e-12,2.67899298791509e-08,3.53685447483198e-06,-15.4560442241803,-40.356565293849,9.02130875846893e-07,-65.0994789303314,-4.02768575979657e-06,1,0.583130800313411,0.0576701225988198,1.23255000012908,0.999963740483499,0.00851578793003689,2.28012983736491e-10,2.67946216872035e-08,-12.7633118517509,19.8847595570365,-25.1402392441262,-1.47691071036774e-06,-44.9750011985568,-166.054699818248
0,0.200067567822007,-1.16930769798395e-11,1.32469997349211,0.999999999999999,-2.67944733606881e-08,-2.44953707558153e-12,2.67899298791509e-08,3.53685447483198e-06,-15.4560442241803,-40.356565293849,9.02130875846893e-07,-65.0994789303314,-4.02768575979657e-06,1,0.552077022579832,0.0571411915913149,1.22846109940869,0.99140891206257,0.00844293418155007,0.130521459855502,-0.00111148024116264,-10.8160879500634,29.3015783963706,-12.8067316301601,3.47366549696433,-62.6213713021484,-169.998454702472
0,0.200067567822007,-1.16930769798395e-11,1.32469997349211,0.999999999999999,-2.67944733606881e-08,-2.44953707558153e-12,2.67899298791509e-08,3.53685447483198e-06,-15.4560442241803,-40.356565293849,9.02130875846893e-07,-65.0994789303314,-4.02768575979657e-06,1,0.552077029616852,0.0571412126697452,1.24346109954426,0.991408912092405,0.00844293068185381,0.130521460081489,-0.00111145367536223,-10.8160921414478,27.245816941915,-12.2190917553878,3.39619990837695,-65.2600263501983,-169.822163039662
1,0.200067567822007,-1.16930769798395e-11,1.32469997349211,0.999999999999999,-2.67944733606881e-08,-2.44953707558153e-12,2.67899298791509e-08,3.53685447483198e-06,-15.4560442241803,-40.356565293849,9.02130875846893e-07,-65.0994789303314,-4.02768575979657e-06,1,0.679325386615199,-0.00984093089752673,1.32469997349211,0.00179889470410124,0.999998382450491,2.67898821400484e-08,5.06410506874216e-11,3.53685447483198e-06,-15.4560442241803,-40.356565293849,9.02130875846893e-07,-65.0994789303314,-4.02768575979657e-06
0,0.200067567822007,-1.16930769798395e-11,1.32469997349211,0.999999999999999,-2.67944733606881e-08,-2.44953707558153e-12,2.67899298791509e-08,3.53685447483198e-06,-15.4560442241803,-40.356565293849,9.02130875846893e-07,-65.0994789303314,-4.02768575979657e-06,1,0.401935649478636,0.0675856284209378,1.38654999914601,0.999963740483505,0.00851578792932337,2.27738892881761e-10,2.67964811875744e-08,-9.08918057411716,48.6618003348996,52.0711174975722,-2.30920463249429e-06,-93.409317162392,-169.72883313743
0,0.200067567822007,-1.16930769798395e-11,1.32469997349211,0.999999999999999,-2.67944733606881e-08,-2.44953707558153e-12,2.67899298791509e-08,3.53685447483198e-06,-15.4560442241803,-40.356565293849,9.02130875846893e-07,-65.0994789303314,-4.02768575979657e-06,1,0.407020073901,0.0626715093652385,1.38154999753738,0.999963740483505,0.00851578792931939,2.27777716239274e-10,2.67963799499165e-08,-8.60632991040303,46.4026442953986,47.3232773953106,-2.2236559558389e-06,-90.9206330996315,-170.211683610247
0,0.200067567822007,-1.16930769798395e-11,1.32469997349211,0.999999999999999,-2.67944733606881e-08,-2.44953707558153e-12,2.67899298791509e-08,3.53685447483198e-06,-15.4560442241803,-40.356565293849,9.02130875846893e-07,-65.0994789303314,-4.02768575979657e-06,1,0.40702007288858,0.062671509682188,1.37654999162071,0.999963740483505,0.00851578792931887,2.27784953756714e-10,2.67963355559017e-08,-8.6063299007335,46.3029297432782,46.1705994225976,-2.21968137721655e-06,-89.867669679039,-170.211683575195
0,0.200067567822007,-1.16930769798395e-11,1.32469997349211,0.999999999999999,-2.67944733606881e-08,-2.44953707558153e-12,2.67899298791509e-08,3.53685447483198e-06,-15.4560442241803,-40.356565293849,9.02130875846893e-07,-65.0994789303314,-4.02768575979657e-06,1,0.435881168931338,0.0631631328171662,1.37480358451045,0.991408912062431,0.0084429341807157,-0.130521458951652,0.00111158650569322,-9.67921939487217,33.1657747243395,24.69273602985,-3.0412547423242,-66.8131009687131,-168.302122309492
0,0.200067567822007,-1.16930769798395e-11,1.32469997349211,0.999999999999999,-2.67944733606881e-08,-2.44953707558153e-12,2.67899298791509e-08,3.53685447483198e-06,-15.4560442241803,-40.356565293849,9.02130875846893e-07,-65.0994789303314,-4.02768575979657e-06,1,0.435881174209843,0.0631631520724119,1.3898035852926,0.991408912032622,0.00844293767595282,-0.130521458725725,0.0011116130722458,-9.67922258357121,32.896095415204,27.2585835786971,-2.98175071578668,-69.644714747165,-168.462511424761
1,0.200067567822007,-1.16930769798395e-11,1.32469997349211,0.999999999999999,-2.67944733606881e-08,-2.44953707558153e-12,2.67899298791509e-08,3.53685447483198e-06,-15.4560442241803,-40.356565293849,9.02130875846893e-07,-65.0994789303314,-4.02768575979657e-06,1,0.679325386615199,-0.00984093089752673,1.32469997349211,0.00179889470410124,0.999998382450491,2.67898821400484e-08,5.06410506874216e-11,3.53685447483198e-06,-15.4560442241803,-40.356565293849,9.02130875846893e-07,-65.0994789303314,-4.02768575979657e-06
1,0.200067567822007,-1.16930769798395e-11,1.32469997349211,0.999999999999999,-2.67944733606881e-08,-2.44953707558153e-12,2.67899298791509e-08,3.53685447483198e-06,-15.4560442241803,-40.356565293849,9.02130875846893e-07,-65.0994789303314,-4.02768575979657e-06,1,0.679325386615199,-0.00984093089752673,1.32469997349211,0.00179889470410124,0.999998382450491,2.67898821400484e-08,5.06410506874216e-11,3.53685447483198e-06,-15.4560442241803,-40.356565293849,9.02130875846893e-07,-65.0994789303314,-4.02768575979657e-06
1,0.275895736485127,-0.0485778225344598,1.2381500001332,0.999963740020672,0.00851578791822272,2.28307688490329e-10,2.67932318235779e-08,-9.98588989716686,14.6712536728493,-30.7334060636199,-1.10695165481404e-06,-44.5953402632503,10.9617428644359,0,0.679325386615199,-0.00984093089752673,1.32469997349211,0.00179889470410124,0.999998382450491,2.67898821400484e-08,5.06410506874216e-11,3.53685447483198e-06,-15.4560442241803,-40.356565293849,9.02130875846893e-07,-65.0994789303314,-4.02768575979657e-06
1,0.280809856774512,-0.0434933930796765,1.2353500001312,0.999963740020672,0.00851578791823387,2.28291595320725e-10,2.67932400962327e-08,-8.80432721431633,15.8753221834613,-29.8942244720424,-1.2034040450723e-06,-44.2304533442158,9.78018023863478,0,0.679325386615199,-0.00984093089752673,1.32469997349211,0.00179889470410124,0.999998382450491,2.67898821400484e-08,5.06410506874216e-11,3.53685447483198e-06,-15.4560442241803,-40.356565293849,9.02130875846893e-07,-65.0994789303314,-4.02768575979657e-06
1,0.280809856779075,-0.0434933930647454,1.23255000012929,0.999963740020672,0.00851578791825217,2.28288859832028e-10,2.6793257545913e-08,-8.80432721424654,16.348531629735,-30.0166769573204,-1.2517633703409e-06,-43.634791412664,9.78018027520994,0,0.679325386615199,-0.00984093089752673,1.32469997349211,0.00179889470410124,0.999998382450491,2.67898821400484e-08,5.06410506874216e-11,3.53685447483198e-06,-15.4560442241803,-40.356565293849,9.02130875846893e-07,-65.0994789303314,-4.02768575979657e-06
1,0.24975607339955,-0.0440223512214633,1.22846109941009,0.991408911603616,0.00844293417101104,0.130521459795651,-0.00111148024234126,-10.8599026623,8.56379809046557,-41.7796204607534,-7.17971728031499,-25.1345406659699,17.949300620118,0,0.679325386615199,-0.00984093089752673,1.32469997349211,0.00179889470410124,0.999998382450491,2.67898821400484e-08,5.06410506874216e-11,3.53685447483198e-06,-15.4560442241803,-40.356565293849,9.02130875846893e-07,-65.0994789303314,-4.02768575979657e-06
1,0.249756073374949,-0.04402235823253,1.24346109954659,0.991408911633396,0.00844293067256829,0.130521460021962,-0.00111145367808535,-10.8599033899349,5.55265791194779,-41.0396810891296,-6.31436532262206,-28.8597658368301,16.9786381381058,0,0.679325386615199,-0.00984093089752673,1.32469997349211,0.00179889470410124,0.999998382450491,2.67898821400484e-08,5.06410506874216e-11,3.53685447483198e-06,-15.4560442241803,-40.356565293849,9.02130875846893e-07,-65.0994789303314,-4.02768575979657e-06
1,0.200067567822007,-1.16930769798395e-11,1.32469997349211,0.999999999999999,-2.67944733606881e-08,-2.44953707558153e-12,2.67899298791509e-08,3.53685447483198e-06,-15.4560442241803,-40.356565293849,9.02130875846893e-07,-65.0994789303314,-4.02768575979657e-06,1,0.679325386615199,-0.00984093089752673,1.32469997349211,0.00179889470410124,0.999998382450491,2.67898821400484e-08,5.06410506874216e-11,3.53685447483198e-06,-15.4560442241803,-40.356565293849,9.02130875846893e-07,-65.0994789303314,-4.02768575979657e-06
1,0.401935643842658,0.0675856053423572,1.39615000068236,0.999963740020679,0.00851578791750948,2.27838373260765e-10,2.67917836241218e-08,9.54501360250675,26.9325455783135,20.368266753644,-1.39960476596726e-06,-83.4357211750499,-8.56916149647042,0,0.679325386615199,-0.00984093089752673,1.32469997349211,0.00179889470410124,0.999998382450491,2.67898821400484e-08,5.06410506874216e-11,3.53685447483198e-06,-15.4560442241803,-40.356565293849,9.02130875846893e-07,-65.0994789303314,-4.02768575979657e-06
1,0.407020074524976,0.0626714853492304,1.39115000063626,0.999963740020679,0.00851578791751214,2.27871245618717e-10,2.67918015250033e-08,8.7534540471591,28.0307675122076,20.932479816755,-1.45378057382199e-06,-82.9017123042669,-7.77760194863429,0,0.679325386615199,-0.00984093089752673,1.32469997349211,0.00179889470410124,0.999998382450491,2.67898821400484e-08,5.06410506874216e-11,3.53685447483198e-06,-15.4560442241803,-40.356565293849,9.02130875846893e-07,-65.0994789303314,-4.02768575979657e-06
1,0.407020076486589,0.0626714852581309,1.38615000056838,0.999963740020679,0.00851578791751752,2.27876970961825e-10,2.67918413143604e-08,8.75345400592209,28.1273493844612,20.0801419945526,-1.4615924678353e-06,-81.9527926098109,-7.77760188487236,0,0.679325386615199,-0.00984093089752673,1.32469997349211,0.00179889470410124,0.999998382450491,2.67898821400484e-08,5.06410506874216e-11,3.53685447483198e-06,-15.4560442241803,-40.356565293849,9.02130875846893e-07,-65.0994789303314,-4.02768575979657e-06
1,0.435881173710615,0.0631630827301777,1.38440359459734,0.991408911603573,0.00844293416888693,-0.130521458891253,0.00111158649535778,7.95088950255861,40.4085371540791,37.7189802449078,-1.84273101785325,-102.198259281355,-7.12908214514697,0,0.679325386615199,-0.00984093089752673,1.32469997349211,0.00179889470410124,0.999998382450491,2.67898821400484e-08,5.06410506874216e-11,3.53685447483198e-06,-15.4560442241803,-40.356565293849,9.02130875846893e-07,-65.0994789303314,-4.02768575979657e-06
1,0.435881178396489,0.063163077440594,1.39940358759112,0.991408911573761,0.00844293766345323,-0.130521458665434,0.00111161305732774,7.95088917312281,40.5482866901378,40.9014199864106,-1.86677438617936,-105.239356592817,-7.23044053090684,0,0.679325386615199,-0.00984093089752673,1.32469997349211,0.00179889470410124,0.999998382450491,2.67898821400484e-08,5.06410506874216e-11,3.53685447483198e-06,-15.4560442241803,-40.356565293849,9.02130875846893e-07,-65.0994789303314,-4.02768575979657e-06
1,0.200067567822007,-1.16930769798395e-11,1.32469997349211,0.999999999999999,-2.67944733606881e-08,-2.44953707558153e-12,2.67899298791509e-08,3.53685447483198e-06,-15.4560442241803,-40.356565293849,9.02130875846893e-07,-65.0994789303314,-4.02768575979657e-06,1,0.679325386615199,-0.00984093089752673,1.32469997349211,0.00179889470410124,0.999998382450491,2.67898821400484e-08,5.06410506874216e-11,3.53685447483198e-06,-15.4560442241803,-40.356565293849,9.02130875846893e-07,-65.0994789303314,-4.02768575979657e-06
0,0.200067567822007,-1.16930769798395e-11,1.32469997349211,0.999999999999999,-2.67944733606881e-08,-2.44953707558153e-12,2.67899298791509e-08,3.53685447483198e-06,-15.4560442241803,-40.356565293849,9.02130875846893e-07,-65.0994789303314,-4.02768575979657e-06,0,0.679325386615199,-0.00984093089752673,1.32469997349211,0.00179889470410124,0.999998382450491,2.67898821400484e-08,5.06410506874216e-11,3.53685447483198e-06,-15.4560442241803,-40.356565293849,9.02130875846893e-07,-65.0994789303314,-4.02768575979657e-06
1,0.239000005260247,-8.93246858236407e-09,1.27460000011354,-1.89491637951179e-08,0.707106781188279,1.8949667963117e-08,0.707106781184816,0,0.768631999897358,-57.9230731756112,3.5936169882447e-06,58.6917051755086,179.999998091653,1,0.579306657252915,-0.0114050243221083,1.23815000013297,0.999963740483499,0.00851578793001108,2.28175380964706e-10,2.67946673801548e-08,0.36734207184733,18.2960962341938,-25.8729399687965,-1.34315702993424e-06,-45.8309637967292,-179.185353822913
1,0.239000005260247,-8.93246858236407e-09,1.27460000011354,-1.89491637951179e-08,0.707106781188279,1.8949667963117e-08,0.707106781184816,0,0.768631999897358,-57.9230731756112,3.5936169882447e-06,58.6917051755086,179.999998091653,1,0.584220775999443,-0.00632059483027543,1.23535000013107,0.999963740483499,0.00851578793003831,2.28163326890793e-10,2.67946398512256e-08,-0.61685843483729,17.8660687959496,-27.2023672226767,-1.3331025801128e-06,-44.9315639810932,-178.201153301184
1,0.239000005260247,-8.93246858236407e-09,1.27460000011354,-1.89491637951179e-08,0.707106781188279,1.8949667963117e-08,0.707106781184816,0,0.768631999897358,-57.9230731756112,3.5936169882447e-06,58.6917051755086,179.999998091653,1,0.584220779658675,-0.00632059488409587,1.23255000012915,0.999963740483499,0.00851578793005579,2.28163737216636e-10,2.67946225549513e-08,-0.616858437193012,18.322546780776,-27.3220872385045,-1.38000429075675e-06,-44.355365980439,-178.201153263468
1,0.239000005260247,-8.93246858236407e-09,1.27460000011354,-1.89491637951179e-08,0.707106781188279,1.8949667963117e-08,0.707106781184816,0,0.768631999897358,-57.9230731756112,3.5936169882447e-06,58.6917051755086,179.999998091653,1,0.553167000392105,-0.00684952571677915,1.22846109940864,0.991408912062524,0.00844293418157732,0.13052145985585,-0.00111148024116257,-0.357706724985863,27.9902206399843,-14.8476700821506,0.450619297066278,-62.1576693754108,-178.723205467292
1,0.239000005260247,-8.93246858236407e-09,1.27460000011354,-1.89491637951179e-08,0.707106781188279,1.8949667963117e-08,0.707106781184816,0,0.768631999897358,-57.9230731756112,3.5936169882447e-06,58.6917051755086,179.999998091653,1,0.553167003423719,-0.00684950444837578,1.24346109954402,0.99140891209233,0.00844293068188763,0.130521460082055,-0.00111145367535687,-0.35771089866483,25.8881383527849,-14.2561140630341,0.440177383957254,-64.8512263801097,-178.699806023386
1,0.239000005260247,-8.93246858236407e-09,1.27460000011354,-1.89491637951179e-08,0.707106781188279,1.8949667963117e-08,0.707106781184816,0,0.768631999897358,-57.9230731756112,3.5936169882447e-06,58.6917051755086,179.999998091653,1,0.679325386615199,-0.00984093089752673,1.32469997349211,0.00179889470410124,0.999998382450491,2.67898821400484e-08,5.06410506874216e-11,3.53685447483198e-06,-15.4560442241803,-40.356565293849,9.02130875846893e-07,-65.0994789303314,-4.02768575979657e-06
1,0.338999999835798,-1.31813245722412e-08,1.27460000011096,-1.8948968304512e-08,0.707106781188279,1.89496288028998e-08,0.707106781184816,0,18.968071622615,-35.0582352373149,3.58816906751075e-06,54.02630685993,179.999996894458,1,0.67939295194392,-0.00984115838272658,1.42460000063145,0.00179889470696866,0.999998382450485,5.35824987029698e-08,9.88377116484886e-11,8.03624949948181e-07,-20.3420439630811,-23.6551502771302,4.14449970601238e-06,-86.686893685951,-1.23491816147391e-06
1,0.338999999835798,-1.31813245722412e-08,1.27460000011096,-1.8948968304512e-08,0.707106781188279,1.89496288028998e-08,0.707106781184816,0,18.968071622615,-35.0582352373149,3.58816906751075e-06,54.02630685993,179.999996894458,1,0.445399996357271,-7.27305318165679e-10,1.41799999296749,1.00000000046288,2.67959070347226e-08,-2.5080620980858e-12,2.67969122656365e-08,-1.18781911335766,33.7280467575427,34.5507850912674,-1.70473538608621e-06,-90.8227383331624,-178.606040097743
1,0.338999999835798,-1.31813245722412e-08,1.27460000011096,-1.8948968304512e-08,0.707106781188279,1.89496288028998e-08,0.707106781184816,0,18.968071622615,-35.0582352373149,3.58816906751075e-06,54.02630685993,179.999996894458,1,0.445399999124825,-2.29429463154405e-10,1.40300000196666,1.00000000046288,2.67959086853119e-08,-2.50463852137701e-12,2.67967823372849e-08,-1.18781912059996,33.5669265249677,31.3473877885573,-1.69863129969109e-06,-87.7804612630273,-178.606039995452
1,0.338999999835798,-1.31813245722412e-08,1.27460000011096,-1.8948968304512e-08,0.707106781188279,1.89496288028998e-08,0.707106781184816,0,18.968071622615,-35.0582352373149,3.58816906751075e-06,54.02630685993,179.999996894458,1,0.479928137061479,2.25705861514713e-08,1.40100208010236,0.987688341051915,2.64637631827307e-08,-0.156434465115155,5.71253490409792e-08,-1.39753512649866,19.897279025253,11.0856762989523,-0.555159315294083,-63.1960755442674,-178.224427424524
1,0.338999999835798,-1.31813245722412e-08,1.27460000011096,-1.8948968304512e-08,0.707106781188279,1.89496288028998e-08,0.707106781184816,0,18.968071622615,-35.0582352373149,3.58816906751075e-06,54.02630685993,179.999996894458,1,0.480237159481654,4.35367221594893e-08,1.41695313736906,0.987688341051907,3.06534235883285e-08,-0.156434465115198,8.35921500859424e-08,-1.39885307939088,19.5519324531345,13.7922914228668,-0.541813316858936,-66.247910090821,-178.255285860867
1,0.338999999835798,-1.31813245722412e-08,1.27460000011096,-1.8948968304512e-08,0.707106781188279,1.89496288028998e-08,0.707106781184816,0,18.968071622615,-35.0582352373149,3.58816906751075e-06,54.02630685993,179.999996894458,1,0.67939295194392,-0.00984115838272658,1.42460000063145,0.00179889470696866,0.999998382450485,5.35824987029698e-08,9.88377116484886e-11,8.03624949948181e-07,-20.3420439630811,-23.6551502771302,4.14449970601238e-06,-86.686893685951,-1.23491816147391e-06
1,0.239000005260247,-8.93246858236407e-09,1.27460000011354,-1.89491637951179e-08,0.707106781188279,1.8949667963117e-08,0.707106781184816,0,0.768631999897358,-57.9230731756112,3.5936169882447e-06,58.6917051755086,179.999998091653,1,0.679325386615199,-0.00984093089752673,1.32469997349211,0.00179889470410124,0.999998382450491,2.67898821400484e-08,5.06410506874216e-11,3.53685447483198e-06,-15.4560442241803,-40.356565293849,9.02130875846893e-07,-65.0994789303314,-4.02768575979657e-06
1,0.276098970027846,0.0334375368726693,1.24255000009165,-0.00602159033414268,0.707081141347836,0.00602159033096035,0.707081141347989,8.96811208002891,17.3811372041174,-49.2128403988488,-8.69836970612809,66.8346573527428,183.44419336252,1,0.679325386615199,-0.00984093089752673,1.32469997349211,0.00179889470410124,0.999998382450491,2.67898821400484e-08,5.06410506874216e-11,3.53685447483198e-06,-15.4560442241803,-40.356565293849,9.02130875846893e-07,-65.0994789303314,-4.02768575979657e-06
1,0.296096069259609,0.0337781551730253,1.24255000009182,-0.00602159033407174,0.70708114134784,0.00602159033093369,0.707081141347986,8.26453265689726,20.1605577620615,-44.6841140531376,-8.04285017711463,65.0618985415273,183.409598217665,1,0.41756390474093,0.0308123992384744,1.3960499970659,0.999963740483505,0.00851578792931943,2.27936088583144e-10,2.67964057520086e-08,-4.91307489881206,42.0067490773394,43.0451042225239,-2.05487549928981e-06,-91.038355144904,-173.904938459139
1,0.301180495838101,0.0288640349386307,1.24535000009346,-0.00602159033402584,0.707081141347851,0.00602159033091778,0.707081141347976,6.87601749379545,20.0579821981183,-43.7005904416846,-6.57248307832737,63.908101153391,182.900921997251,1,0.417563900202875,0.0308123994747025,1.39104998689207,0.999963740483505,0.00851578792931911,2.27940323271572e-10,2.67963612719728e-08,-4.91307485057722,41.9115317656747,41.9044065906312,-2.05073849971433e-06,-89.992874824676,-173.904938466469
1,0.301180501281823,0.0288640356099911,1.24815000009509,-0.0060215903339984,0.707081141347851,0.00602159033090817,0.707081141347976,6.87601749650478,19.3493924529717,-43.7226074452262,-6.61166576989178,63.226067436738,182.98894186578,1,0.417563900202875,0.0308123994747025,1.39104998689207,0.999963740483505,0.00851578792931911,2.27940323271572e-10,2.67963612719728e-08,-4.91307485057722,41.9115317656747,41.9044065906312,-2.05073849971433e-06,-89.992874824676,-173.904938466469
1,0.302786975799839,0.0288913821509088,1.2759541251728,-0.00675606636349785,0.793324572995464,0.00518412079001388,0.608739355012054,6.77420892616259,9.19626621016494,-42.0215378681629,-9.43870059072269,36.5169133108129,186.104490024587,1,0.417563900202875,0.0308123994747025,1.39104998689207,0.999963740483505,0.00851578792931911,2.27940323271572e-10,2.67963612719728e-08,-4.91307485057722,41.9115317656747,41.9044065906312,-2.05073849971433e-06,-89.992874824676,-173.904938466469
1,0.284418468654528,0.0285784847030373,1.26534752357249,-0.00675608267620095,0.793324572856508,0.00518414204655835,0.608739354831075,7.26511649743916,8.13405376959188,-46.56269645924,-9.47567827650288,39.9971700809029,185.652560804293,1,0.41756390474093,0.0308123992384744,1.3960499970659,0.999963740483505,0.00851578792931943,2.27936088583144e-10,2.67964057520086e-08,-4.91307489881206,42.0067490773394,43.0451042225239,-2.05487549928981e-06,-91.038355144904,-173.904938459139
0,0.200067567822007,-1.16930769798395e-11,1.32469997349211,0.999999999999999,-2.67944733606881e-08,-2.44953707558153e-12,2.67899298791509e-08,3.53685447483198e-06,-15.4560442241803,-40.356565293849,9.02130875846893e-07,-65.0994789303314,-4.02768575979657e-06,0,0.679325386615199,-0.00984093089752673,1.32469997349211,0.00179889470410124,0.999998382450491,2.67898821400484e-08,5.06410506874216e-11,3.53685447483198e-06,-15.4560442241803,-40.356565293849,9.02130875846893e-07,-65.0994789303314,-4.02768575979657e-06
1,0.200067567822007,-1.16930769798395e-11,1.32469997349211,0.999999999999999,-2.67944733606881e-08,-2.44953707558153e-12,2.67899298791509e-08,3.53685447483198e-06,-15.4560442241803,-40.356565293849,9.02130875846893e-07,-65.0994789303314,-4.02768575979657e-06,1,0.679325386615199,-0.00984093089752673,1.32469997349211,0.00179889470410124,0.999998382450491,2.67898821400484e-08,5.06410506874216e-11,3.53685447483198e-06,-15.4560442241803,-40.356565293849,9.02130875846893e-07,-65.0994789303314,-4.02768575979657e-06
0,0.200067567822007,-1.16930769798395e-11,1.32469997349211,0.999999999999999,-2.67944733606881e-08,-2.44953707558153e-12,2.67899298791509e-08,3.53685447483198e-06,-15.4560442241803,-40.356565293849,9.02130875846893e-07,-65.0994789303314,-4.02768575979657e-06,1,0.546902558677493,0.0120465048083815,1.23815000013309,0.9999637404835,0.00851578792993831,2.28117009406613e-10,2.6794743385404e-08,-3.68363771731411,24.2142559736929,-17.4497001044464,-1.685127783584e-06,-48.3360439215802,-175.134373964359
0,0.200067567822007,-1.16930769798395e-11,1.32469997349211,0.999999999999999,-2.67944733606881e-08,-2.44953707558153e-12,2.67899298791509e-08,3.53685447483198e-06,-15.4560442241803,-40.356565293849,9.02130875846893e-07,-65.0994789303314,-4.02768575979657e-06,1,0.55181667612776,0.0171309344050544,1.23535000013106,0.9999637404835,0.00851578792996398,2.28106062481423e-10,2.67947138812487e-08,-4.62589057075726,23.8188223709433,-18.7433849658083,-1.682895858252e-06,-47.4377926629679,-174.1921210842
0,0.200067567822007,-1.16930769798395e-11,1.32469997349211,0.999999999999999,-2.67944733606881e-08,-2.44953707558153e-12,2.67899298791509e-08,3.53685447483198e-06,-15.4560442241803,-40.356565293849,9.02130875846893e-07,-65.0994789303314,-4.02768575979657e-06,1,0.551816676800214,0.0171309343022404,1.23255000012911,0.999963740483499,0.0085157879299792,2.28107823554796e-10,2.6794697533517e-08,-4.62589056424145,24.2299252230317,-18.856802698059,-1.72478560284925e-06,-46.9132720786288,-174.192121059769
0,0.200067567822007,-1.16930769798395e-11,1.32469997349211,0.999999999999999,-2.67944733606881e-08,-2.44953707558153e-12,2.67899298791509e-08,3.53685447483198e-06,-15.4560442241803,-40.356565293849,9.02130875846893e-07,-65.0994789303314,-4.02768575979657e-06,1,0.520762896914631,0.0166020037535221,1.22846109940934,0.991408912062543,0.00844293418143229,0.130521459855718,-0.00111148024096164,-3.86408760681909,33.8156221890142,-5.61575601488394,1.43331161977011,-65.5198546634063,-175.719057194452
0,0.200067567822007,-1.16930769798395e-11,1.32469997349211,0.999999999999999,-2.67944733606881e-08,-2.44953707558153e-12,2.67899298791509e-08,3.53685447483198e-06,-15.4560442241803,-40.356565293849,9.02130875846893e-07,-65.0994789303314,-4.02768575979657e-06,1,0.520762897161962,0.0166020252878823,1.243461099546,0.99140891209236,0.00844293068167347,0.130521460081841,-0.00111145367504377,-3.86409144478145,31.9072591143951,-5.03576858722142,1.40682838834301,-68.0074413820209,-175.65194699657
1,0.200067567822007,-1.16930769798395e-11,1.32469997349211,0.999999999999999,-2.67944733606881e-08,-2.44953707558153e-12,2.67899298791509e-08,3.53685447483198e-06,-15.4560442241803,-40.356565293849,9.02130875846893e-07,-65.0994789303314,-4.02768575979657e-06,1,0.679325386615199,-0.00984093089752673,1.32469997349211,0.00179889470410124,0.999998382450491,2.67898821400484e-08,5.06410506874216e-11,3.53685447483198e-06,-15.4560442241803,-40.356565293849,9.02130875846893e-07,-65.0994789303314,-4.02768575979657e-06
0,0.200067567822007,-1.16930769798395e-11,1.32469997349211,0.999999999999999,-2.67944733606881e-08,-2.44953707558153e-12,2.67899298791509e-08,3.53685447483198e-06,-15.4560442241803,-40.356565293849,9.02130875846893e-07,-65.0994789303314,-4.02768575979657e-06,1,0.40207189700697,0.059586787641151,1.40574999959132,0.999963740483505,0.00851578792934072,2.27753005658286e-10,2.67966665217628e-08,-8.15427756124665,49.271732731769,56.9288596735819,-2.34752917187145e-06,-97.6571269415323,-170.663736350425
0,0.200067567822007,-1.16930769798395e-11,1.32469997349211,0.999999999999999,-2.67944733606881e-08,-2.44953707558153e-12,2.67899298791509e-08,3.53685447483198e-06,-15.4560442241803,-40.356565293849,9.02130875846893e-07,-65.0994789303314,-4.02768575979657e-06,1,0.407156323356387,0.0546726688600379,1.40074999933655,0.999963740483505,0.00851578792932797,2.27793694811566e-10,2.67965537801862e-08,-7.65878307297145,46.6460347550321,51.5346812372903,-2.24051319300611e-06,-94.8886464819777,-171.159230612349
0,0.200067567822007,-1.16930769798395e-11,1.32469997349211,0.999999999999999,-2.67944733606881e-08,-2.44953707558153e-12,2.67899298791509e-08,3.53685447483198e-06,-15.4560442241803,-40.356565293849,9.02130875846893e-07,-65.0994789303314,-4.02768575979657e-06,1,0.407156321402919,0.0546726689895849,1.3957499991513,0.999963740483505,0.00851578792932417,2.27800872829501e-10,2.67965053204888e-08,-7.65878301977033,46.4097759431808,50.1490985199533,-2.22839026085216e-06,-93.7393225764919,-171.159230610757
0,0.200067567822007,-1.16930769798395e-11,1.32469997349211,0.999999999999999,-2.67944733606881e-08,-2.44953707558153e-12,2.67899298791509e-08,3.53685447483198e-06,-15.4560442241803,-40.356565293849,9.02130875846893e-07,-65.0994789303314,-4.02768575979657e-06,1,0.436017420456947,0.0551642916025594,1.39400359238151,0.991408912062435,0.00844293418066417,-0.130521458951626,0.00111158650600775,-8.63191245552984,32.485691883323,27.4789479255156,-2.68704183619723,-70.2231472536161,-169.604549147298
0,0.200067567822007,-1.16930769798395e-11,1.32469997349211,0.999999999999999,-2.67944733606881e-08,-2.44953707558153e-12,2.67899298791509e-08,3.53685447483198e-06,-15.4560442241803,-40.356565293849,9.02130875846893e-07,-65.0994789303314,-4.02768575979657e-06,1,0.436017426469551,0.0551643104530671,1.40900359432539,0.991408912032627,0.00844293767587288,-0.130521458725688,0.00111161307271212,-8.63191562379772,32.4466108101991,30.3811733181533,-2.64179620434525,-73.1612762983061,-169.748548868408
1,0.200067567822007,-1.16930769798395e-11,1.32469997349211,0.999999999999999,-2.67944733606881e-08,-2.44953707558153e-12,2.67899298791509e-08,3.53685447483198e-06,-15.4560442241803,-40.356565293849,9.02130875846893e-07,-65.0994789303314,-4.02768575979657e-06,1,0.679325386615199,-0.00984093089752673,1.32469997349211,0.00179889470410124,0.999998382450491,2.67898821400484e-08,5.06410506874216e-11,3.53685447483198e-06,-15.4560442241803,-40.356565293849,9.02130875846893e-07,-65.0994789303314,-4.02768575979657e-06