1,0.210399484363468,0.101822139659251,1.23681403708781,0.999969967079719,0.00775015732653844,-3.1010221729109e-13,3.40816857135163e-10,25.8245107239692,6.05245138936628,-41.6305619275372,-4.56327906638162e-06,-42.3169854050418,-24.9363927947586,0,0.680501865334147,-0.0111627707185754,1.32469997349211,0.00292502430606238,0.999995722412477,2.67898081201164e-08,8.08099952374991e-11,3.53685447483198e-06,-15.4560442241803,-40.356565293849,9.02130875846893e-07,-65.0994789303314,-4.02768575979657e-06
1,0.215225820075245,0.106816705347167,1.23405499827567,0.99996929857794,0.00783593654529782,-4.26010882780312e-14,4.77738643560365e-11,26.395234863918,7.89007403944102,-40.2801187080141,-4.77933246753809e-06,-41.8298059329242,-25.4972868867628,0,0.680501865334147,-0.0111627707185754,1.32469997349211,0.00292502430606238,0.999995722412477,2.67898081201164e-08,8.08099952374991e-11,3.53685447483198e-06,-15.4560442241803,-40.356565293849,9.02130875846893e-07,-65.0994789303314,-4.02768575979657e-06
1,0.215318688583285,0.106912801939384,1.23129982701913,0.999969209473483,0.00784729921548556,-5.03400637827711e-15,8.95843760777375e-12,26.4059105086749,8.45986091324123,-40.3829704683158,-4.89486099459763e-06,-41.1571672964191,-25.5066603055799,0,0.680501865334147,-0.0111627707185754,1.32469997349211,0.00292502430606238,0.999995722412477,2.67898081201164e-08,8.08099952374991e-11,3.53685447483198e-06,-15.4560442241803,-40.356565293849,9.02130875846893e-07,-65.0994789303314,-4.02768575979657e-06
1,0.186556574388489,0.106461331053827,1.22777076264293,0.992527748159928,0.00778892681664226,0.121766532715277,-0.000955647491411214,32.118930418125,1.45933447888752,-49.8210670293717,15.7023978893856,-27.5774994896248,-44.4531535523642,0,0.680501865334147,-0.0111627707185754,1.32469997349211,0.00292502430606238,0.999995722412477,2.67898081201164e-08,8.08099952374991e-11,3.53685447483198e-06,-15.4560442241803,-40.356565293849,9.02130875846893e-07,-65.0994789303314,-4.02768575979657e-06
1,0.186556594379353,0.106461269996528,1.24267096854631,0.992527772274008,0.00778904437594097,0.121766326530958,-0.000955916137066845,32.1188983275803,-1.9798208482211,-48.9925722611026,13.792210554653,-31.7052505141536,-42.2568345584432,0,0.680501865334147,-0.0111627707185754,1.32469997349211,0.00292502430606238,0.999995722412477,2.67898081201164e-08,8.08099952374991e-11,3.53685447483198e-06,-15.4560442241803,-40.356565293849,9.02130875846893e-07,-65.0994789303314,-4.02768575979657e-06
1,0.200067567822007,-1.16930769798395e-11,1.32469997349211,0.999999999999999,-2.67944733606881e-08,-2.44953707558153e-12,2.67899298791509e-08,3.53685447483198e-06,-15.4560442241803,-40.356565293849,9.02130875846893e-07,-65.0994789303314,-4.02768575979657e-06,1,0.680501865334147,-0.0111627707185754,1.32469997349211,0.00292502430606238,0.999995722412477,2.67898081201164e-08,8.08099952374991e-11,3.53685447483198e-06,-15.4560442241803,-40.356565293849,9.02130875846893e-07,-65.0994789303314,-4.02768575979657e-06
1,0.437778899324858,0.0094967136812647,1.24120000115334,0.701605493229989,0.712565598292188,2.54079434497747e-15,3.75259369284454e-12,1.24272124387878,43.3447118090644,13.6826690297496,-2.44621547117935e-06,-60.337960290515,89.6453716171733,0,0.680501865334147,-0.0111627707185754,1.32469997349211,0.00292502430606238,0.999995722412477,2.67898081201164e-08,8.08099952374991e-11,3.53685447483198e-06,-15.4560442241803,-40.356565293849,9.02130875846893e-07,-65.0994789303314,-4.02768575979657e-06
1,0.432800775743272,0.0143209145034116,1.23629823825918,0.701544272406943,0.712625872287144,-4.18070137534589e-15,5.30301015597871e-13,1.89516655473423,42.8767688768852,11.8027208202668,-2.50093504243845e-06,-58.9259550130635,89.0027712416831,0,0.680501865334147,-0.0111627707185754,1.32469997349211,0.00292502430606238,0.999995722412477,2.67898081201164e-08,8.08099952374991e-11,3.53685447483198e-06,-15.4560442241803,-40.356565293849,9.02130875846893e-07,-65.0994789303314,-4.02768575979657e-06
1,0.432702969153131,0.0144157106311299,1.23129966446178,0.701535666144311,0.71263434461683,-2.38232034199485e-15,7.50348928552648e-14,1.90813309658753,43.4009446033392,11.5698531648573,-2.54613052118448e-06,-58.1689116312249,88.9911886273798,0,0.680501865334147,-0.0111627707185754,1.32469997349211,0.00292502430606238,0.999995722412477,2.67898081201164e-08,8.08099952374991e-11,3.53685447483198e-06,-15.4560442241803,-40.356565293849,9.02130875846893e-07,-65.0994789303314,-4.02768575979657e-06
1,0.432278191932378,0.0414755296455996,1.22989332740578,0.696315056256905,0.707331135855453,-0.0854261790708772,0.0867777310646426,7.76100712760219,44.4017962879651,12.4822792527938,15.9652288450328,-60.7556971308961,74.9743342094083,0,0.680501865334147,-0.0111627707185754,1.32469997349211,0.00292502430606238,0.999995722412477,2.67898081201164e-08,8.08099952374991e-11,3.53685447483198e-06,-15.4560442241803,-40.356565293849,9.02130875846893e-07,-65.0994789303314,-4.02768575979657e-06
1,0.432278184503044,0.0414755219130882,1.24479351993476,0.696315050868664,0.707331147548381,-0.0854261580894304,0.0867776996453631,7.76100555242014,42.8078239027279,13.1003537038989,15.6424284239086,-62.8841553567817,75.6577508148846,0,0.680501865334147,-0.0111627707185754,1.32469997349211,0.00292502430606238,0.999995722412477,2.67898081201164e-08,8.08099952374991e-11,3.53685447483198e-06,-15.4560442241803,-40.356565293849,9.02130875846893e-07,-65.0994789303314,-4.02768575979657e-06
1,0.200067567822007,-1.16930769798395e-11,1.32469997349211,0.999999999999999,-2.67944733606881e-08,-2.44953707558153e-12,2.67899298791509e-08,3.53685447483198e-06,-15.4560442241803,-40.356565293849,9.02130875846893e-07,-65.0994789303314,-4.02768575979657e-06,1,0.680501865334147,-0.0111627707185754,1.32469997349211,0.00292502430606238,0.999995722412477,2.67898081201164e-08,8.08099952374991e-11,3.53685447483198e-06,-15.4560442241803,-40.356565293849,9.02130875846893e-07,-65.0994789303314,-4.02768575979657e-06
1,0.200067567822007,-1.16930769798395e-11,1.32469997349211,0.999999999999999,-2.67944733606881e-08,-2.44953707558153e-12,2.67899298791509e-08,3.53685447483198e-06,-15.4560442241803,-40.356565293849,9.02130875846893e-07,-65.0994789303314,-4.02768575979657e-06,1,0.680501865334147,-0.0111627707185754,1.32469997349211,0.00292502430606238,0.999995722412477,2.67898081201164e-08,8.08099952374991e-11,3.53685447483198e-06,-15.4560442241803,-40.356565293849,9.02130875846893e-07,-65.0994789303314,-4.02768575979657e-06
0,0.200067567822007,-1.16930769798395e-11,1.32469997349211,0.999999999999999,-2.67944733606881e-08,-2.44953707558153e-12,2.67899298791509e-08,3.53685447483198e-06,-15.4560442241803,-40.356565293849,9.02130875846893e-07,-65.0994789303314,-4.02768575979657e-06,1,0.596503236670187,0.0919987497136816,1.2368000012833,0.701463123317598,0.712705751223666,3.82247321074046e-12,1.23696730375955e-14,-19.8323282240448,18.962799693377,-25.306905812378,-2.93422408197917e-06,-45.730291629127,-68.9215037367402
0,0.200067567822007,-1.16930769798395e-11,1.32469997349211,0.999999999999999,-2.67944733606881e-08,-2.44953707558153e-12,2.67899298791509e-08,3.53685447483198e-06,-15.4560442241803,-40.356565293849,9.02130875846893e-07,-65.0994789303314,-4.02768575979657e-06,1,0.591525126128168,0.096822961599896,1.23405500240295,0.701524267921115,0.712645565986147,5.35907162538864e-13,1.6355431327339e-15,-20.3538315713426,20.5223739927509,-23.8405030535095,-3.08511968518093e-06,-45.6371200984404,-68.4098317872634
0,0.200067567822007,-1.16930769798395e-11,1.32469997349211,0.999999999999999,-2.67944733606881e-08,-2.44953707558153e-12,2.67899298791509e-08,3.53685447483198e-06,-15.4560442241803,-40.356565293849,9.02130875846893e-07,-65.0994789303314,-4.02768575979657e-06,1,0.591428845543404,0.0969162570850619,1.23129982702449,0.701532390620811,0.712637569955338,1.02893827189075e-13,-8.3133604398255e-16,-20.3637050404279,20.9762006995266,-23.9217059654351,-3.14646404894139e-06,-45.1020904798877,-68.4012643793648
0,0.200067567822007,-1.16930769798395e-11,1.32469997349211,0.999999999999999,-2.67944733606881e-08,-2.44953707558153e-12,2.67899298791509e-08,3.53685447483198e-06,-15.4560442241803,-40.356565293849,9.02130875846893e-07,-65.0994789303314,-4.02768575979657e-06,1,0.591880616688948,0.0681541460240287,1.22777076227833,0.696311792930474,0.707334351485174,0.0854257500522964,-0.0867781347172178,-12.0029342344882,19.4780311182973,-27.5829107222623,20.7678276942119,-41.5759185440364,-92.2102903230766
0,0.200067567822007,-1.16930769798395e-11,1.32469997349211,0.999999999999999,-2.67944733606881e-08,-2.44953707558153e-12,2.67899298791509e-08,3.53685447483198e-06,-15.4560442241803,-40.356565293849,9.02130875846893e-07,-65.0994789303314,-4.02768575979657e-06,1,0.591880633290379,0.0681541682359965,1.24267096295196,0.696311770139976,0.707334399000434,0.0854256365714369,-0.0867780420013717,-12.0029431340572,17.0405581331782,-26.9565116294216,19.6335115996085,-44.4515462234414,-90.6594958428395
1,0.200067567822007,-1.16930769798395e-11,1.32469997349211,0.999999999999999,-2.67944733606881e-08,-2.44953707558153e-12,2.67899298791509e-08,3.53685447483198e-06,-15.4560442241803,-40.356565293849,9.02130875846893e-07,-65.0994789303314,-4.02768575979657e-06,1,0.680501865334147,-0.0111627707185754,1.32469997349211,0.00292502430606238,0.999995722412477,2.67898081201164e-08,8.08099952374991e-11,3.53685447483198e-06,-15.4560442241803,-40.356565293849,9.02130875846893e-07,-65.0994789303314,-4.02768575979657e-06
0,0.200067567822007,-1.16930769798395e-11,1.32469997349211,0.999999999999999,-2.67944733606881e-08,-2.44953707558153e-12,2.67899298791509e-08,3.53685447483198e-06,-15.4560442241803,-40.356565293849,9.02130875846893e-07,-65.0994789303314,-4.02768575979657e-06,1,0.453415226040122,0.0276408440990664,1.25080622950042,-0.00775002510918717,0.999969968409693,2.48447465706583e-10,6.85381683544996e-13,-5.01115150953419,40.5503013017891,11.1377137171505,-5.76230163715651e-06,-60.5874127457298,6.2344335244414
0,0.200067567822007,-1.16930769798395e-11,1.32469997349211,0.999999999999999,-2.67944733606881e-08,-2.44953707558153e-12,2.67899298791509e-08,3.53685447483198e-06,-15.4560442241803,-40.356565293849,9.02130875846893e-07,-65.0994789303314,-4.02768575979657e-06,1,0.448572099448354,0.0226659468402344,1.24589835139747,-0.00783588292442189,0.999969299303369,3.49073686308022e-11,9.67226466057939e-14,-4.29666758994534,41.945183910981,12.3705789589583,-5.86859056613035e-06,-60.4253953432339,5.5297885018703
0,0.200067567822007,-1.16930769798395e-11,1.32469997349211,0.999999999999999,-2.67944733606881e-08,-2.44953707558153e-12,2.67899298791509e-08,3.53685447483198e-06,-15.4560442241803,-40.356565293849,9.02130875846893e-07,-65.0994789303314,-4.02768575979657e-06,1,0.448476932074421,0.0225682014593125,1.2408996665314,-0.00784795200394946,0.999969204655733,4.89609628236541e-12,1.40085774078922e-14,-4.28277490233723,42.4809320826009,12.161204101822,-5.94140408589303e-06,-59.6802723141057,5.51727895502432
0,0.200067567822007,-1.16930769798395e-11,1.32469997349211,0.999999999999999,-2.67944733606881e-08,-2.44953707558153e-12,2.67899298791509e-08,3.53685447483198e-06,-15.4560442241803,-40.356565293849,9.02130875846893e-07,-65.0994789303314,-4.02768575979657e-06,1,0.42141711392367,0.0221434328747075,1.2394933296189,-0.00778954520821232,0.992527741670396,0.00095565234335455,0.121766548522934,-3.77005852438553,52.5474298045068,28.7378602454961,1.22644543896749,-80.1299677816284,4.64660372882388
0,0.200067567822007,-1.16930769798395e-11,1.32469997349211,0.999999999999999,-2.67944733606881e-08,-2.44953707558153e-12,2.67899298791509e-08,3.53685447483198e-06,-15.4560442241803,-40.356565293849,9.02130875846893e-07,-65.0994789303314,-4.02768575979657e-06,1,0.421417122164705,0.0221434326661999,1.2543935209894,-0.00778954526894546,0.992527741691855,0.000955650196665313,0.121766548360978,-3.77005862133375,51.2356470640638,29.5683482333298,1.21936722603779,-82.2717506813276,4.69286634605278
1,0.200067567822007,-1.16930769798395e-11,1.32469997349211,0.999999999999999,-2.67944733606881e-08,-2.44953707558153e-12,2.67899298791509e-08,3.53685447483198e-06,-15.4560442241803,-40.356565293849,9.02130875846893e-07,-65.0994789303314,-4.02768575979657e-06,1,0.680501865334147,-0.0111627707185754,1.32469997349211,0.00292502430606238,0.999995722412477,2.67898081201164e-08,8.08099952374991e-11,3.53685447483198e-06,-15.4560442241803,-40.356565293849,9.02130875846893e-07,-65.0994789303314,-4.02768575979657e-06
1,0.200067567822007,-1.16930769798395e-11,1.32469997349211,0.999999999999999,-2.67944733606881e-08,-2.44953707558153e-12,2.67899298791509e-08,3.53685447483198e-06,-15.4560442241803,-40.356565293849,9.02130875846893e-07,-65.0994789303314,-4.02768575979657e-06,1,0.680501865334147,-0.0111627707185754,1.32469997349211,0.00292502430606238,0.999995722412477,2.67898081201164e-08,8.08099952374991e-11,3.53685447483198e-06,-15.4560442241803,-40.356565293849,9.02130875846893e-07,-65.0994789303314,-4.02768575979657e-06
1,0.243143892553524,0.0543380239490098,1.23681403280095,0.999969967079719,0.00775015732652366,-1.61443578159785e-13,3.40876396212537e-10,12.597516416721,9.08111384756461,-38.1015538993319,-5.07964486609177e-06,-42.8173316379193,-11.7093981570719,0,0.680501865334147,-0.0111627707185754,1.32469997349211,0.00292502430606238,0.999995722412477,2.67898081201164e-08,8.08099952374991e-11,3.53685447483198e-06,-15.4560442241803,-40.356565293849,9.02130875846893e-07,-65.0994789303314,-4.02768575979657e-06
1,0.247974858301802,0.0593246521222888,1.23405527726577,0.999969298852556,0.00783590150060126,-2.38684314013053e-14,4.79000531466761e-11,13.4543686120296,10.7115857760814,-36.881973120148,-5.28157297511679e-06,-42.406440437205,-12.5564243366735,0,0.680501865334147,-0.0111627707185754,1.32469997349211,0.00292502430606238,0.999995722412477,2.67898081201164e-08,8.08099952374991e-11,3.53685447483198e-06,-15.4560442241803,-40.356565293849,9.02130875846893e-07,-65.0994789303314,-4.02768575979657e-06
1,0.248068293275393,0.0594210854136334,1.23129983675611,0.999969209525016,0.00784729264866308,-3.42451350104861e-15,8.98224576577278e-12,13.4705513876562,11.2501911695024,-36.9817933998556,-5.39593866489335e-06,-41.7680147622927,-12.5713016235034,0,0.680501865334147,-0.0111627707185754,1.32469997349211,0.00292502430606238,0.999995722412477,2.67898081201164e-08,8.08099952374991e-11,3.53685447483198e-06,-15.4560442241803,-40.356565293849,9.02130875846893e-07,-65.0994789303314,-4.02768575979657e-06
1,0.219306176659123,0.0589696226368281,1.22777077180731,0.99252774706222,0.00778891134953054,0.121766542909013,-0.000955614760414697,16.2099370095417,3.67335589096672,-47.4737448529539,8.49876328319094,-25.5878801539584,-22.5527600439744,0,0.680501865334147,-0.0111627707185754,1.32469997349211,0.00292502430606238,0.999995722412477,2.67898081201164e-08,8.08099952374991e-11,3.53685447483198e-06,-15.4560442241803,-40.356565293849,9.02130875846893e-07,-65.0994789303314,-4.02768575979657e-06
1,0.219306170291106,0.0589695843585377,1.24267096915503,0.99252775383292,0.00778897710482641,0.12176648212833,-0.000955791362974561,16.2099199627164,0.37524021129336,-46.6786045691595,7.41506754603689,-29.6419391972113,-21.3305088073117,0,0.680501865334147,-0.0111627707185754,1.32469997349211,0.00292502430606238,0.999995722412477,2.67898081201164e-08,8.08099952374991e-11,3.53685447483198e-06,-15.4560442241803,-40.356565293849,9.02130875846893e-07,-65.0994789303314,-4.02768575979657e-06
1,0.200067567822007,-1.16930769798395e-11,1.32469997349211,0.999999999999999,-2.67944733606881e-08,-2.44953707558153e-12,2.67899298791509e-08,3.53685447483198e-06,-15.4560442241803,-40.356565293849,9.02130875846893e-07,-65.0994789303314,-4.02768575979657e-06,1,0.680501865334147,-0.0111627707185754,1.32469997349211,0.00292502430606238,0.999995722412477,2.67898081201164e-08,8.08099952374991e-11,3.53685447483198e-06,-15.4560442241803,-40.356565293849,9.02130875846893e-07,-65.0994789303314,-4.02768575979657e-06
1,0.437778899325237,0.00949671368126917,1.2604000008866,0.701605493229989,0.712565598292188,2.41378554888746e-15,3.75195368201411e-12,1.24272123298331,41.4565671203608,14.7227028816224,-2.29641996218501e-06,-63.2661388310913,89.6453715187429,0,0.680501865334147,-0.0111627707185754,1.32469997349211,0.00292502430606238,0.999995722412477,2.67898081201164e-08,8.08099952374991e-11,3.53685447483198e-06,-15.4560442241803,-40.356565293849,9.02130875846893e-07,-65.0994789303314,-4.02768575979657e-06
1,0.432800775298004,0.0143209144912721,1.25549823761213,0.701544272406942,0.712625872287145,-3.63867379201931e-15,5.2948991462058e-13,1.89516654605892,40.9095762958728,12.7586374154702,-2.34043810325173e-06,-61.8490641892793,89.0027711341126,0,0.680501865334147,-0.0111627707185754,1.32469997349211,0.00292502430606238,0.999995722412477,2.67898081201164e-08,8.08099952374991e-11,3.53685447483198e-06,-15.4560442241803,-40.356565293849,9.02130875846893e-07,-65.0994789303314,-4.02768575979657e-06
1,0.432702969079925,0.014415710628751,1.25049966453642,0.701535666144311,0.71263434461683,-1.62630181704085e-15,7.53949269054875e-14,1.90813308844353,41.3838039315794,12.4491568519524,-2.38053530003961e-06,-61.0653559900798,88.9911885172588,0,0.680501865334147,-0.0111627707185754,1.32469997349211,0.00292502430606238,0.999995722412477,2.67898081201164e-08,8.08099952374991e-11,3.53685447483198e-06,-15.4560442241803,-40.356565293849,9.02130875846893e-07,-65.0994789303314,-4.02768575979657e-06
1,0.432278192308858,0.0414755295177062,1.24909332750375,0.696315056141508,0.707331136073804,-0.0854261801012292,0.0867777291965119,7.76100708049155,42.3688379474406,13.3117013186728,15.5540894497876,-63.5105392908382,75.8536617958613,0,0.680501865334147,-0.0111627707185754,1.32469997349211,0.00292502430606238,0.999995722412477,2.67898081201164e-08,8.08099952374991e-11,3.53685447483198e-06,-15.4560442241803,-40.356565293849,9.02130875846893e-07,-65.0994789303314,-4.02768575979657e-06
1,0.432278184647881,0.0414755218078055,1.26399352029455,0.696315051109342,0.707331147369674,-0.0854261590718747,0.0867776982036449,7.76100551522606,40.922786425049,14.1594096918976,15.2648512200953,-65.7218690495865,76.5282429302272,0,0.680501865334147,-0.0111627707185754,1.32469997349211,0.00292502430606238,0.999995722412477,2.67898081201164e-08,8.08099952374991e-11,3.53685447483198e-06,-15.4560442241803,-40.356565293849,9.02130875846893e-07,-65.0994789303314,-4.02768575979657e-06
1,0.200067567822007,-1.16930769798395e-11,1.32469997349211,0.999999999999999,-2.67944733606881e-08,-2.44953707558153e-12,2.67899298791509e-08,3.53685447483198e-06,-15.4560442241803,-40.356565293849,9.02130875846893e-07,-65.0994789303314,-4.02768575979657e-06,1,0.680501865334147,-0.0111627707185754,1.32469997349211,0.00292502430606238,0.999995722412477,2.67898081201164e-08,8.08099952374991e-11,3.53685447483198e-06,-15.4560442241803,-40.356565293849,9.02130875846893e-07,-65.0994789303314,-4.02768575979657e-06
1,0.200067567822007,-1.16930769798395e-11,1.32469997349211,0.999999999999999,-2.67944733606881e-08,-2.44953707558153e-12,2.67899298791509e-08,3.53685447483198e-06,-15.4560442241803,-40.356565293849,9.02130875846893e-07,-65.0994789303314,-4.02768575979657e-06,1,0.680501865334147,-0.0111627707185754,1.32469997349211,0.00292502430606238,0.999995722412477,2.67898081201164e-08,8.08099952374991e-11,3.53685447483198e-06,-15.4560442241803,-40.356565293849,9.02130875846893e-07,-65.0994789303314,-4.02768575979657e-06
0,0.200067567822007,-1.16930769798395e-11,1.32469997349211,0.999999999999999,-2.67944733606881e-08,-2.44953707558153e-12,2.67899298791509e-08,3.53685447483198e-06,-15.4560442241803,-40.356565293849,9.02130875846893e-07,-65.0994789303314,-4.02768575979657e-06,1,0.598010374729075,-0.00398941760691502,1.23680000128405,0.701463123317597,0.712705751223667,3.81951970804569e-12,1.40424330836901e-14,-1.3562441211133,15.3628676757791,-30.1854878277802,-1.3593994530945e-06,-44.4516414291567,-87.3975888605529
0,0.200067567822007,-1.16930769798395e-11,1.32469997349211,0.999999999999999,-2.67944733606881e-08,-2.44953707558153e-12,2.67899298791509e-08,3.53685447483198e-06,-15.4560442241803,-40.356565293849,9.02130875846893e-07,-65.0994789303314,-4.02768575979657e-06,1,0.593032264364761,0.000834797246274987,1.23405500428287,0.701524267921117,0.712645565986145,5.36735367941617e-13,-2.19003829220594e-16,-2.28691452375434,16.7562309029512,-29.0595929762747,-1.53996058622512e-06,-44.184173055869,-86.4767498231638
0,0.200067567822007,-1.16930769798395e-11,1.32469997349211,0.999999999999999,-2.67944733606881e-08,-2.44953707558153e-12,2.67899298791509e-08,3.53685447483198e-06,-15.4560442241803,-40.356565293849,9.02130875846893e-07,-65.0994789303314,-4.02768575979657e-06,1,0.592935983939955,0.000928089200637269,1.23129982716035,0.701532390620811,0.712637569955338,1.02317668234826e-13,-1.56315578852062e-15,-2.30458261270389,17.2367189617406,-29.1517814855984,-1.59306235785633e-06,-43.6114964877766,-86.460387808993
0,0.200067567822007,-1.16930769798395e-11,1.32469997349211,0.999999999999999,-2.67944733606881e-08,-2.44953707558153e-12,2.67899298791509e-08,3.53685447483198e-06,-15.4560442241803,-40.356565293849,9.02130875846893e-07,-65.0994789303314,-4.02768575979657e-06,1,0.593387754510793,-0.0278340252168664,1.22777076157826,0.696311801884561,0.707334340181661,0.0854257608709064,-0.086778144354877,6.87746061157459,18.3531246970883,-29.1642399115719,19.6725484611254,-45.6082728796758,-109.855387681269
0,0.200067567822007,-1.16930769798395e-11,1.32469997349211,0.999999999999999,-2.67944733606881e-08,-2.44953707558153e-12,2.67899298791509e-08,3.53685447483198e-06,-15.4560442241803,-40.356565293849,9.02130875846893e-07,-65.0994789303314,-4.02768575979657e-06,1,0.593387763675513,-0.0278340019449215,1.24267096132271,0.69631178383894,0.707334379973892,0.0854256910377661,-0.0867780335494105,6.87745262599149,15.864065301322,-28.5297113215729,18.7173913107418,-48.5583829630172,-108.453176117774
1,0.200067567822007,-1.16930769798395e-11,1.32469997349211,0.999999999999999,-2.67944733606881e-08,-2.44953707558153e-12,2.67899298791509e-08,3.53685447483198e-06,-15.4560442241803,-40.356565293849,9.02130875846893e-07,-65.0994789303314,-4.02768575979657e-06,1,0.680501865334147,-0.0111627707185754,1.32469997349211,0.00292502430606238,0.999995722412477,2.67898081201164e-08,8.08099952374991e-11,3.53685447483198e-06,-15.4560442241803,-40.356565293849,9.02130875846893e-07,-65.0994789303314,-4.02768575979657e-06
0,0.200067567822007,-1.16930769798395e-11,1.32469997349211,0.999999999999999,-2.67944733606881e-08,-2.44953707558153e-12,2.67899298791509e-08,3.53685447483198e-06,-15.4560442241803,-40.356565293849,9.02130875846893e-07,-65.0994789303314,-4.02768575979657e-06,1,0.453415224017385,0.0276408442065841,1.27000460106337,-0.00775002510924553,0.999969968409692,2.48408632475551e-10,6.84118225023944e-13,-5.01115150942389,38.7057827709309,12.309573887559,-5.51883812159869e-06,-63.6037914469968,6.23443321108415
0,0.200067567822007,-1.16930769798395e-11,1.32469997349211,0.999999999999999,-2.67944733606881e-08,-2.44953707558153e-12,2.67899298791509e-08,3.53685447483198e-06,-15.4560442241803,-40.356565293849,9.02130875846893e-07,-65.0994789303314,-4.02768575979657e-06,1,0.448572099121953,0.0226659468673536,1.26509831946484,-0.00783588292442974,0.999969299303369,3.49021593218995e-11,9.72227503557552e-14,-4.29666760087393,40.0771280960307,13.4749182267252,-5.62381149947499e-06,-63.3977904259512,5.52978820031484
0,0.200067567822007,-1.16930769798395e-11,1.32469997349211,0.999999999999999,-2.67944733606881e-08,-2.44953707558153e-12,2.67899298791509e-08,3.53685447483198e-06,-15.4560442241803,-40.356565293849,9.02130875846893e-07,-65.0994789303314,-4.02768575979657e-06,1,0.448476932126855,0.0225682014550848,1.26009966599606,-0.00784795200395052,0.999969204655733,4.89525028210187e-12,1.38165926444331e-14,-4.2827749122658,40.5626501182908,13.1885627437854,-5.68879827697653e-06,-62.6259129203792,5.51727864942738
0,0.200067567822007,-1.16930769798395e-11,1.32469997349211,0.999999999999999,-2.67944733606881e-08,-2.44953707558153e-12,2.67899298791509e-08,3.53685447483198e-06,-15.4560442241803,-40.356565293849,9.02130875846893e-07,-65.0994789303314,-4.02768575979657e-06,1,0.421417113980134,0.022143432958967,1.25869332908026,-0.00778954520992981,0.992527741673364,0.000955651942268843,0.121766548501776,-3.77005856108883,50.8805461527701,29.8466955386078,1.21761514639365,-82.9050556634835,4.70644999186305
0,0.200067567822007,-1.16930769798395e-11,1.32469997349211,0.999999999999999,-2.67944733606881e-08,-2.44953707558153e-12,2.67899298791509e-08,3.53685447483198e-06,-15.4560442241803,-40.356565293849,9.02130875846893e-07,-65.0994789303314,-4.02768575979657e-06,1,0.421417122532939,0.0221434327548274,1.27359352062984,-0.00778954517309048,0.992527741697219,0.00095564965013032,0.121766548327681,-3.77005866930068,49.7345043129946,30.9487996642785,1.21262778540127,-85.1526961977526,4.75438199441369
1,0.200067567822007,-1.16930769798395e-11,1.32469997349211,0.999999999999999,-2.67944733606881e-08,-2.44953707558153e-12,2.67899298791509e-08,3.53685447483198e-06,-15.4560442241803,-40.356565293849,9.02130875846893e-07,-65.0994789303314,-4.02768575979657e-06,1,0.680501865334147,-0.0111627707185754,1.32469997349211,0.00292502430606238,0.999995722412477,2.67898081201164e-08,8.08099952374991e-11,3.53685447483198e-06,-15.4560442241803,-40.356565293849,9.02130875846893e-07,-65.0994789303314,-4.02768575979657e-06
1,0.200067567822007,-1.16930769798395e-11,1.32469997349211,0.999999999999999,-2.67944733606881e-08,-2.44953707558153e-12,2.67899298791509e-08,3.53685447483198e-06,-15.4560442241803,-40.356565293849,9.02130875846893e-07,-65.0994789303314,-4.02768575979657e-06,1,0.680501865334147,-0.0111627707185754,1.32469997349211,0.00292502430606238,0.999995722412477,2.67898081201164e-08,8.08099952374991e-11,3.53685447483198e-06,-15.4560442241803,-40.356565293849,9.02130875846893e-07,-65.0994789303314,-4.02768575979657e-06
1,0.211906400775723,0.0058493013262541,1.23681404356625,0.999969967079719,0.00775015732651184,-4.31612742249253e-14,3.40861415624931e-10,1.58114915696789,1.54475274215827,-46.5157107715585,-4.65837177718564e-06,-41.9395364496442,-0.693031120860967,0,0.680501865334147,-0.0111627707185754,1.32469997349211,0.00292502430606238,0.999995722412477,2.67898081201164e-08,8.08099952374991e-11,3.53685447483198e-06,-15.4560442241803,-40.356565293849,9.02130875846893e-07,-65.0994789303314,-4.02768575979657e-06
1,0.216732468542701,0.0108283440887089,1.23405527798994,0.999969298852556,0.00783590150059616,-8.32768683069422e-15,4.79022289762052e-11,2.86022394797634,3.1994109759293,-45.5494891577655,-4.90473865374934e-06,-41.2510997611188,-1.96227983619417,0,0.680501865334147,-0.0111627707185754,1.32469997349211,0.00292502430606238,0.999995722412477,2.67898081201164e-08,8.08099952374991e-11,3.53685447483198e-06,-15.4560442241803,-40.356565293849,9.02130875846893e-07,-65.0994789303314,-4.02768575979657e-06
1,0.216825808942103,0.0109246276108139,1.23129983693472,0.999969209525016,0.00784729264866141,-1.51878288544802e-15,8.98495534310873e-12,2.88437356343052,3.8151761184189,-45.6698992840692,-5.03557232540927e-06,-40.5149244909141,-1.98512394340498,0,0.680501865334147,-0.0111627707185754,1.32469997349211,0.00292502430606238,0.999995722412477,2.67898081201164e-08,8.08099952374991e-11,3.53685447483198e-06,-15.4560442241803,-40.356565293849,9.02130875846893e-07,-65.0994789303314,-4.02768575979657e-06
1,0.188063690905919,0.0104731744101796,1.22777077165424,0.992527746484349,0.00778889792906479,0.121766548786972,-0.000955575355394207,3.42036554003315,-5.11934287243474,-56.1178077261033,1.43992821285857,-25.0329158403339,-3.75116290927281,0,0.680501865334147,-0.0111627707185754,1.32469997349211,0.00292502430606238,0.999995722412477,2.67898081201164e-08,8.08099952374991e-11,3.53685447483198e-06,-15.4560442241803,-40.356565293849,9.02130875846893e-07,-65.0994789303314,-4.02768575979657e-06
1,0.188063669808934,0.0104731647448631,1.2426709670736,0.992527746651465,0.00778891376320567,0.121766546064108,-0.00095561967957921,3.42036057679579,-8.99219506602009,-55.1760696711562,1.22422681227529,-29.8462148662197,-3.50833004099869,0,0.680501865334147,-0.0111627707185754,1.32469997349211,0.00292502430606238,0.999995722412477,2.67898081201164e-08,8.08099952374991e-11,3.53685447483198e-06,-15.4560442241803,-40.356565293849,9.02130875846893e-07,-65.0994789303314,-4.02768575979657e-06
1,0.200067567822007,-1.16930769798395e-11,1.32469997349211,0.999999999999999,-2.67944733606881e-08,-2.44953707558153e-12,2.67899298791509e-08,3.53685447483198e-06,-15.4560442241803,-40.356565293849,9.02130875846893e-07,-65.0994789303314,-4.02768575979657e-06,1,0.680501865334147,-0.0111627707185754,1.32469997349211,0.00292502430606238,0.999995722412477,2.67898081201164e-08,8.08099952374991e-11,3.53685447483198e-06,-15.4560442241803,-40.356565293849,9.02130875846893e-07,-65.0994789303314,-4.02768575979657e-06
1,0.437778899325507,0.00949671368127208,1.27960000061984,0.701605493229988,0.712565598292189,2.25824626341793e-15,3.75142006503592e-12,1.24272121798008,39.7679841072714,16.0644469280274,-2.16488855686005e-06,-66.2964658905857,89.6453714299049,0,0.680501865334147,-0.0111627707185754,1.32469997349211,0.00292502430606238,0.999995722412477,2.67898081201164e-08,8.08099952374991e-11,3.53685447483198e-06,-15.4560442241803,-40.356565293849,9.02130875846893e-07,-65.0994789303314,-4.02768575979657e-06
1,0.432800774816027,0.0143209144781385,1.27469823688198,0.701544272406942,0.712625872287145,-3.29692846283437e-15,5.2864547552795e-13,1.89516653377432,39.1387326868992,14.0113296237187,-2.19901633079969e-06,-64.8726000065014,89.00277103699,0,0.680501865334147,-0.0111627707185754,1.32469997349211,0.00292502430606238,0.999995722412477,2.67898081201164e-08,8.08099952374991e-11,3.53685447483198e-06,-15.4560442241803,-40.356565293849,9.02130875846893e-07,-65.0994789303314,-4.02768575979657e-06
1,0.432702968987925,0.0144157106257526,1.26969966458679,0.70153566614431,0.71263434461683,-1.11394102803967e-15,7.5584666693504e-14,1.9081330768282,39.5602219593901,13.6238720281127,-2.23405199519884e-06,-64.0636531384293,88.9911884176846,0,0.680501865334147,-0.0111627707185754,1.32469997349211,0.00292502430606238,0.999995722412477,2.67898081201164e-08,8.08099952374991e-11,3.53685447483198e-06,-15.4560442241803,-40.356565293849,9.02130875846893e-07,-65.0994789303314,-4.02768575979657e-06
1,0.432278192657091,0.0414755294008611,1.26829332757537,0.696315056028311,0.707331136280651,-0.0854261811393262,0.0867777273968617,7.76100703286058,40.5276839350564,14.4375751382901,15.1863048824342,-66.371506464678,76.7217137281718,0,0.680501865334147,-0.0111627707185754,1.32469997349211,0.00292502430606238,0.999995722412477,2.67898081201164e-08,8.08099952374991e-11,3.53685447483198e-06,-15.4560442241803,-40.356565293849,9.02130875846893e-07,-65.0994789303314,-4.02768575979657e-06
1,0.432278184710048,0.0414755217177271,1.28319352056188,0.696315051505325,0.707331147017747,-0.0854261601043014,0.0867776968784593,7.7610054796439,39.2379244070535,15.5192414503555,14.931266590972,-68.6615239781864,77.3884783906283,0,0.680501865334147,-0.0111627707185754,1.32469997349211,0.00292502430606238,0.999995722412477,2.67898081201164e-08,8.08099952374991e-11,3.53685447483198e-06,-15.4560442241803,-40.356565293849,9.02130875846893e-07,-65.0994789303314,-4.02768575979657e-06
1,0.200067567822007,-1.16930769798395e-11,1.32469997349211,0.999999999999999,-2.67944733606881e-08,-2.44953707558153e-12,2.67899298791509e-08,3.53685447483198e-06,-15.4560442241803,-40.356565293849,9.02130875846893e-07,-65.0994789303314,-4.02768575979657e-06,1,0.680501865334147,-0.0111627707185754,1.32469997349211,0.00292502430606238,0.999995722412477,2.67898081201164e-08,8.08099952374991e-11,3.53685447483198e-06,-15.4560442241803,-40.356565293849,9.02130875846893e-07,-65.0994789303314,-4.02768575979657e-06
1,0.200067567822007,-1.16930769798395e-11,1.32469997349211,0.999999999999999,-2.67944733606881e-08,-2.44953707558153e-12,2.67899298791509e-08,3.53685447483198e-06,-15.4560442241803,-40.356565293849,9.02130875846893e-07,-65.0994789303314,-4.02768575979657e-06,1,0.680501865334147,-0.0111627707185754,1.32469997349211,0.00292502430606238,0.999995722412477,2.67898081201164e-08,8.08099952374991e-11,3.53685447483198e-06,-15.4560442241803,-40.356565293849,9.02130875846893e-07,-65.0994789303314,-4.02768575979657e-06
0,0.200067567822007,-1.16930769798395e-11,1.32469997349211,0.999999999999999,-2.67944733606881e-08,-2.44953707558153e-12,2.67899298791509e-08,3.53685447483198e-06,-15.4560442241803,-40.356565293849,9.02130875846893e-07,-65.0994789303314,-4.02768575979657e-06,1,0.5660143189562,-0.00449179696037095,1.23680000128282,0.701463123317597,0.712705751223667,3.8195001908578e-12,1.40663746414181e-14,-1.09283008203067,21.1083154359827,-22.2910553709631,-1.69314194461268e-06,-46.6006261251632,-87.6610028030167
0,0.200067567822007,-1.16930769798395e-11,1.32469997349211,0.999999999999999,-2.67944733606881e-08,-2.44953707558153e-12,2.67899298791509e-08,3.53685447483198e-06,-15.4560442241803,-40.356565293849,9.02130875846893e-07,-65.0994789303314,-4.02768575979657e-06,1,0.561036207994138,0.000332417081459414,1.2340550050788,0.701524267921116,0.712645565986146,5.3548067115721e-13,9.41035856663253e-16,-1.93472849989252,22.4311218611642,-21.1028719964078,-1.84953551488545e-06,-46.4660030764213,-86.8289357793469
0,0.200067567822007,-1.16930769798395e-11,1.32469997349211,0.999999999999999,-2.67944733606881e-08,-2.44953707558153e-12,2.67899298791509e-08,3.53685447483198e-06,-15.4560442241803,-40.356565293849,9.02130875846893e-07,-65.0994789303314,-4.02768575979657e-06,1,0.560939927455701,0.00042570983553756,1.23129982713695,0.701532390620811,0.712637569955338,1.01293763255363e-13,-1.55140297767736e-15,-1.95074258724475,22.8665188886453,-21.187555158871,-1.89681042950505e-06,-45.945922886487,-86.8142277723613
0,0.200067567822007,-1.16930769798395e-11,1.32469997349211,0.999999999999999,-2.67944733606881e-08,-2.44953707558153e-12,2.67899298791509e-08,3.53685447483198e-06,-15.4560442241803,-40.356565293849,9.02130875846893e-07,-65.0994789303314,-4.02768575979657e-06,1,0.561391696491239,-0.0283364044074753,1.22777076160452,0.696311802022974,0.707334340194242,0.0854257649077087,-0.0867781391678076,6.31522443953588,23.8718636096062,-21.1993310447214,18.9706348721115,-47.788275531509,-108.239548855859
0,0.200067567822007,-1.16930769798395e-11,1.32469997349211,0.999999999999999,-2.67944733606881e-08,-2.44953707558153e-12,2.67899298791509e-08,3.53685447483198e-06,-15.4560442241803,-40.356565293849,9.02130875846893e-07,-65.0994789303314,-4.02768575979657e-06,1,0.561391705649129,-0.0283363865312234,1.24267095928315,0.696311787680865,0.707334371152473,0.0854257102180399,-0.0867780557442735,6.31521895579251,21.6218008354345,-20.5993005214605,18.1849875443872,-50.4899728073545,-107.03902759476
1,0.200067567822007,-1.16930769798395e-11,1.32469997349211,0.999999999999999,-2.67944733606881e-08,-2.44953707558153e-12,2.67899298791509e-08,3.53685447483198e-06,-15.4560442241803,-40.356565293849,9.02130875846893e-07,-65.0994789303314,-4.02768575979657e-06,1,0.680501865334147,-0.0111627707185754,1.32469997349211,0.00292502430606238,0.999995722412477,2.67898081201164e-08,8.08099952374991e-11,3.53685447483198e-06,-15.4560442241803,-40.356565293849,9.02130875846893e-07,-65.0994789303314,-4.02768575979657e-06
0,0.200067567822007,-1.16930769798395e-11,1.32469997349211,0.999999999999999,-2.67944733606881e-08,-2.44953707558153e-12,2.67899298791509e-08,3.53685447483198e-06,-15.4560442241803,-40.356565293849,9.02130875846893e-07,-65.0994789303314,-4.02768575979657e-06,1,0.45341522264461,0.0276408442733598,1.28920297242707,-0.00775002510930481,0.999969968409692,2.48375313530574e-10,6.8117558945798e-13,-5.01115151591383,37.065509856477,13.7798771145775,-5.30630334730723e-06,-66.7143675884692,6.23443291567828
0,0.200067567822007,-1.16930769798395e-11,1.32469997349211,0.999999999999999,-2.67944733606881e-08,-2.44953707558153e-12,2.67899298791509e-08,3.53685447483198e-06,-15.4560442241803,-40.356565293849,9.02130875846893e-07,-65.0994789303314,-4.02768575979657e-06,1,0.448572098833588,0.0226659468914667,1.28429828757363,-0.00783588292443777,0.999969299303369,3.48977939260453e-11,9.61609812201946e-14,-4.29666761581819,38.410846327743,14.8792153910159,-5.4091291028437e-06,-66.4683693585296,5.52978791306537
0,0.200067567822007,-1.16930769798395e-11,1.32469997349211,0.999999999999999,-2.67944733606881e-08,-2.44953707558153e-12,2.67899298791509e-08,3.53685447483198e-06,-15.4560442241803,-40.356565293849,9.02130875846893e-07,-65.0994789303314,-4.02768575979657e-06,1,0.448476932198397,0.0225682014493128,1.27929966543922,-0.00784795200395173,0.999969204655733,4.894461642881e-12,1.40689538526461e-14,-4.28277492601975,38.8433268671708,14.5143381184694,-5.4663393910039e-06,-65.6710115461832,5.51727835833609
0,0.200067567822007,-1.16930769798395e-11,1.32469997349211,0.999999999999999,-2.67944733606881e-08,-2.44953707558153e-12,2.67899298791509e-08,3.53685447483198e-06,-15.4560442241803,-40.356565293849,9.02130875846893e-07,-65.0994789303314,-4.02768575979657e-06,1,0.421417114056246,0.0221434330424387,1.27789332852011,-0.00778954519824982,0.992527741676444,0.000955651538105001,0.121766548480593,-3.77005860495848,49.4288884410918,31.3073809032997,1.21151847233041,-85.8167446994221,4.76847538409381
0,0.200067567822007,-1.16930769798395e-11,1.32469997349211,0.999999999999999,-2.67944733606881e-08,-2.44953707558153e-12,2.67899298791509e-08,3.53685447483198e-06,-15.4560442241803,-40.356565293849,9.02130875846893e-07,-65.0994789303314,-4.02768575979657e-06,1,0.42141712302839,0.022143432839316,1.29279352017097,-0.00778954503637272,0.992527741703177,0.00095564907705983,0.121766548292357,-3.77005872622914,48.4607795721312,32.6955480126013,1.20890508176507,-88.1724952204541,4.81830657501636
1,0.200067567822007,-1.16930769798395e-11,1.32469997349211,0.999999999999999,-2.67944733606881e-08,-2.44953707558153e-12,2.67899298791509e-08,3.53685447483198e-06,-15.4560442241803,-40.356565293849,9.02130875846893e-07,-65.0994789303314,-4.02768575979657e-06,1,0.680501865334147,-0.0111627707185754,1.32469997349211,0.00292502430606238,0.999995722412477,2.67898081201164e-08,8.08099952374991e-11,3.53685447483198e-06,-15.4560442241803,-40.356565293849,9.02130875846893e-07,-65.0994789303314,-4.02768575979657e-06
1,0.200067567822007,-1.16930769798395e-11,1.32469997349211,0.999999999999999,-2.67944733606881e-08,-2.44953707558153e-12,2.67899298791509e-08,3.53685447483198e-06,-15.4560442241803,-40.356565293849,9.02130875846893e-07,-65.0994789303314,-4.02768575979657e-06,1,0.680501865334147,-0.0111627707185754,1.32469997349211,0.00292502430606238,0.999995722412477,2.67898081201164e-08,8.08099952374991e-11,3.53685447483198e-06,-15.4560442241803,-40.356565293849,9.02130875846893e-07,-65.0994789303314,-4.02768575979657e-06
1,0.242390431066408,0.102324448032961,1.2368140277416,0.999969967079719,0.00775015732655198,-2.77441335500134e-13,3.4084173657449e-10,22.8869068170015,11.7392821219572,-34.8463660898755,-4.9980082228712e-06,-43.414350652669,-21.9987886785638,0,0.680501865334147,-0.0111627707185754,1.32469997349211,0.00292502430606238,0.999995722412477,2.67898081201164e-08,8.08099952374991e-11,3.53685447483198e-06,-15.4560442241803,-40.356565293849,9.02130875846893e-07,-65.0994789303314,-4.02768575979657e-06
1,0.247221776167612,0.107319083377016,1.23405499994653,0.99996929857794,0.0078359365453004,-3.96294047556017e-14,4.77742556650796e-11,23.4656883831995,13.4228969667322,-33.4619454843486,-5.183166103291e-06,-43.1151563724127,-22.5677402384567,0,0.680501865334147,-0.0111627707185754,1.32469997349211,0.00292502430606238,0.999995722412477,2.67898081201164e-08,8.08099952374991e-11,3.53685447483198e-06,-15.4560442241803,-40.356565293849,9.02130875846893e-07,-65.0994789303314,-4.02768575979657e-06
1,0.247314741544605,0.107415181510853,1.23129982700717,0.999969209473483,0.00784729921548647,-5.0867826278189e-15,8.95734803755513e-12,23.4765536254782,13.9372930294567,-33.5541750537705,-5.28814956216808e-06,-42.5085307380503,-22.5773032664435,0,0.680501865334147,-0.0111627707185754,1.32469997349211,0.00292502430606238,0.999995722412477,2.67898081201164e-08,8.08099952374991e-11,3.53685447483198e-06,-15.4560442241803,-40.356565293849,9.02130875846893e-07,-65.0994789303314,-4.02768575979657e-06
1,0.218552627031152,0.106963712425586,1.22777076256326,0.992527748009157,0.0077889269304755,0.121766533997098,-0.000955639826299263,27.941573376694,7.16494597173881,-43.5412839268344,13.7865104090579,-27.46322159559,-38.63291699058,0,0.680501865334147,-0.0111627707185754,1.32469997349211,0.00292502430606238,0.999995722412477,2.67898081201164e-08,8.08099952374991e-11,3.53685447483198e-06,-15.4560442241803,-40.356565293849,9.02130875846893e-07,-65.0994789303314,-4.02768575979657e-06
1,0.218552635435423,0.106963665673969,1.24267096351519,0.992527763321362,0.00778901297727515,0.121766402066,-0.000955845716984088,27.9415529609504,4.08075460153609,-42.7938073518703,12.2496567266271,-31.1968117899305,-36.8710519237458,0,0.680501865334147,-0.0111627707185754,1.32469997349211,0.00292502430606238,0.999995722412477,2.67898081201164e-08,8.08099952374991e-11,3.53685447483198e-06,-15.4560442241803,-40.356565293849,9.02130875846893e-07,-65.0994789303314,-4.02768575979657e-06
1,0.200067567822007,-1.16930769798395e-11,1.32469997349211,0.999999999999999,-2.67944733606881e-08,-2.44953707558153e-12,2.67899298791509e-08,3.53685447483198e-06,-15.4560442241803,-40.356565293849,9.02130875846893e-07,-65.0994789303314,-4.02768575979657e-06,1,0.680501865334147,-0.0111627707185754,1.32469997349211,0.00292502430606238,0.999995722412477,2.67898081201164e-08,8.08099952374991e-11,3.53685447483198e-06,-15.4560442241803,-40.356565293849,9.02130875846893e-07,-65.0994789303314,-4.02768575979657e-06
1,0.437778899325667,0.00949671368127343,1.29880000035303,0.701605493229988,0.71256559829219,2.2222606165584e-15,3.75100357339174e-12,1.24272119806355,38.290208120271,17.7158365916034,-2.05159284399365e-06,-69.4256315411622,89.6453713503718,0,0.680501865334147,-0.0111627707185754,1.32469997349211,0.00292502430606238,0.999995722412477,2.67898081201164e-08,8.08099952374991e-11,3.53685447483198e-06,-15.4560442241803,-40.356565293849,9.02130875846893e-07,-65.0994789303314,-4.02768575979657e-06
1,0.432800774281812,0.0143209144635897,1.29389823606311,0.701544272406941,0.712625872287146,-2.47384089422589e-15,5.28402031583404e-13,1.89516651715466,37.5751185927743,15.5672310838843,-2.07651988090714e-06,-67.9921155607918,89.0027709499765,0,0.680501865334147,-0.0111627707185754,1.32469997349211,0.00292502430606238,0.999995722412477,2.67898081201164e-08,8.08099952374991e-11,3.53685447483198e-06,-15.4560442241803,-40.356565293849,9.02130875846893e-07,-65.0994789303314,-4.02768575979657e-06
1,0.432702968875782,0.0144157106220917,1.28889966460817,0.701535666144311,0.71263434461683,-1.48768410890999e-15,7.49343579900893e-14,1.90813306105468,37.9409927884117,15.0998114632881,-2.10655520739162e-06,-67.1588217445831,88.9911883283768,0,0.680501865334147,-0.0111627707185754,1.32469997349211,0.00292502430606238,0.999995722412477,2.67898081201164e-08,8.08099952374991e-11,3.53685447483198e-06,-15.4560442241803,-40.356565293849,9.02130875846893e-07,-65.0994789303314,-4.02768575979657e-06
1,0.432278192976871,0.0414755292942728,1.28749332761608,0.696315055917769,0.707331136476151,-0.0854261821863675,0.0867777256595961,7.76100698387477,38.8891623128296,15.8657327355678,14.8626504219592,-69.3334112708562,77.5799292848501,0,0.680501865334147,-0.0111627707185754,1.32469997349211,0.00292502430606238,0.999995722412477,2.67898081201164e-08,8.08099952374991e-11,3.53685447483198e-06,-15.4560442241803,-40.356565293849,9.02130875846893e-07,-65.0994789303314,-4.02768575979657e-06
1,0.432278184689586,0.041475521621645,1.30239352072148,0.696315052057233,0.707331146512052,-0.0854261611227574,0.0867776955692451,7.76100543990415,37.7644168388261,17.1876544991935,14.642188383119,-71.6994515694124,78.2407563096877,0,0.680501865334147,-0.0111627707185754,1.32469997349211,0.00292502430606238,0.999995722412477,2.67898081201164e-08,8.08099952374991e-11,3.53685447483198e-06,-15.4560442241803,-40.356565293849,9.02130875846893e-07,-65.0994789303314,-4.02768575979657e-06
1,0.200067567822007,-1.16930769798395e-11,1.32469997349211,0.999999999999999,-2.67944733606881e-08,-2.44953707558153e-12,2.67899298791509e-08,3.53685447483198e-06,-15.4560442241803,-40.356565293849,9.02130875846893e-07,-65.0994789303314,-4.02768575979657e-06,1,0.680501865334147,-0.0111627707185754,1.32469997349211,0.00292502430606238,0.999995722412477,2.67898081201164e-08,8.08099952374991e-11,3.53685447483198e-06,-15.4560442241803,-40.356565293849,9.02130875846893e-07,-65.0994789303314,-4.02768575979657e-06
1,0.200067567822007,-1.16930769798395e-11,1.32469997349211,0.999999999999999,-2.67944733606881e-08,-2.44953707558153e-12,2.67899298791509e-08,3.53685447483198e-06,-15.4560442241803,-40.356565293849,9.02130875846893e-07,-65.0994789303314,-4.02768575979657e-06,1,0.680501865334147,-0.0111627707185754,1.32469997349211,0.00292502430606238,0.999995722412477,2.67898081201164e-08,8.08099952374991e-11,3.53685447483198e-06,-15.4560442241803,-40.356565293849,9.02130875846893e-07,-65.0994789303314,-4.02768575979657e-06
0,0.200067567822007,-1.16930769798395e-11,1.32469997349211,0.999999999999999,-2.67944733606881e-08,-2.44953707558153e-12,2.67899298791509e-08,3.53685447483198e-06,-15.4560442241803,-40.356565293849,9.02130875846893e-07,-65.0994789303314,-4.02768575979657e-06,1,0.565260749926403,0.043502286700139,1.2368000012826,0.701463123317597,0.712705751223667,3.82081191389688e-12,1.32121518790357e-14,-9.70686532164723,22.0957675754381,-20.8772934210548,-2.37463027317596e-06,-47.0269359889408,-79.0469671275279
0,0.200067567822007,-1.16930769798395e-11,1.32469997349211,0.999999999999999,-2.67944733606881e-08,-2.44953707558153e-12,2.67899298791509e-08,3.53685447483198e-06,-15.4560442241803,-40.356565293849,9.02130875846893e-07,-65.0994789303314,-4.02768575979657e-06,1,0.560282639234214,0.0483264998547259,1.23405500404206,0.701524267921116,0.712645565986147,5.35258067850058e-13,1.66917244376968e-15,-10.3892535548074,23.5217899888642,-19.5122241827527,-2.52213633051331e-06,-46.9659828206575,-78.3744102999917
0,0.200067567822007,-1.16930769798395e-11,1.32469997349211,0.999999999999999,-2.67944733606881e-08,-2.44953707558153e-12,2.67899298791509e-08,3.53685447483198e-06,-15.4560442241803,-40.356565293849,9.02130875846893e-07,-65.0994789303314,-4.02768575979657e-06,1,0.560186358346542,0.0484197938301675,1.23129982707503,0.70153239062081,0.712637569955339,1.01959315209799e-13,-7.92434057135482e-16,-10.4022115130599,23.9514165444069,-19.5925701590893,-2.57334882938156e-06,-46.4560102888762,-78.3627584157576
0,0.200067567822007,-1.16930769798395e-11,1.32469997349211,0.999999999999999,-2.67944733606881e-08,-2.44953707558153e-12,2.67899298791509e-08,3.53685447483198e-06,-15.4560442241803,-40.356565293849,9.02130875846893e-07,-65.0994789303314,-4.02768575979657e-06,1,0.560638127758853,0.0196576810359669,1.22777076190336,0.696311797692458,0.707334345528797,0.085425759914786,-0.0867781353488713,-2.27789718014295,23.7584971633958,-21.3679690351184,19.6926648072148,-45.7252363932194,-100.408422394402
0,0.200067567822007,-1.16930769798395e-11,1.32469997349211,0.999999999999999,-2.67944733606881e-08,-2.44953707558153e-12,2.67899298791509e-08,3.53685447483198e-06,-15.4560442241803,-40.356565293849,9.02130875846893e-07,-65.0994789303314,-4.02768575979657e-06,1,0.56063813955413,0.0196576990403813,1.24267096020469,0.69631178118414,0.707334380486772,0.0854256876810136,-0.0867780539755931,-2.27790321993304,21.5038727303175,-20.7673645279216,18.8166797449874,-48.4208858812916,-99.1226114857755
1,0.200067567822007,-1.16930769798395e-11,1.32469997349211,0.999999999999999,-2.67944733606881e-08,-2.44953707558153e-12,2.67899298791509e-08,3.53685447483198e-06,-15.4560442241803,-40.356565293849,9.02130875846893e-07,-65.0994789303314,-4.02768575979657e-06,1,0.680501865334147,-0.0111627707185754,1.32469997349211,0.00292502430606238,0.999995722412477,2.67898081201164e-08,8.08099952374991e-11,3.53685447483198e-06,-15.4560442241803,-40.356565293849,9.02130875846893e-07,-65.0994789303314,-4.02768575979657e-06
0,0.200067567822007,-1.16930769798395e-11,1.32469997349211,0.999999999999999,-2.67944733606881e-08,-2.44953707558153e-12,2.67899298791509e-08,3.53685447483198e-06,-15.4560442241803,-40.356565293849,9.02130875846893e-07,-65.0994789303314,-4.02768575979657e-06,1,0.453415221928811,0.0276408442986306,1.30840134356327,-0.00775002510936552,0.999969968409691,2.48346811146801e-10,6.80828641444808e-13,-5.01115152986936,35.6404546676404,15.5563446041814,-5.12418457737751e-06,-69.91589026691,6.23443263688642
0,0.200067567822007,-1.16930769798395e-11,1.32469997349211,0.999999999999999,-2.67944733606881e-08,-2.44953707558153e-12,2.67899298791509e-08,3.53685447483198e-06,-15.4560442241803,-40.356565293849,9.02130875846893e-07,-65.0994789303314,-4.02768575979657e-06,1,0.448572098583428,0.0226659469125561,1.30349825571565,-0.00783588292444598,0.999969299303369,3.4893915596919e-11,9.68995852196709e-14,-4.29666763561848,36.9574562805006,16.5912795082385,-5.22424813535996e-06,-69.6338235229946,5.52978763899078
0,0.200067567822007,-1.16930769798395e-11,1.32469997349211,0.999999999999999,-2.67944733606881e-08,-2.44953707558153e-12,2.67899298791509e-08,3.53685447483198e-06,-15.4560442241803,-40.356565293849,9.02130875846893e-07,-65.0994789303314,-4.02768575979657e-06,1,0.448476932290336,0.022568201441892,1.29849966485605,-0.00784795200395295,0.999969204655733,4.89390107004127e-12,1.29106359758864e-14,-4.2827749443864,37.333958764305,16.1456434737877,-5.27375946873345e-06,-68.8116850043672,5.51727808071955
0,0.200067567822007,-1.16930769798395e-11,1.32469997349211,0.999999999999999,-2.67944733606881e-08,-2.44953707558153e-12,2.67899298791509e-08,3.53685447483198e-06,-15.4560442241803,-40.356565293849,9.02130875846893e-07,-65.0994789303314,-4.02768575979657e-06,1,0.421417114153496,0.0221434331257342,1.29709332793353,-0.0077895451697173,0.992527741679691,0.00095565112772226,0.121766548459172,-3.77005865722678,48.2085433371586,33.1393744463172,1.20852606123341,-88.8684030119603,4.83299439811601
0,0.200067567822007,-1.16930769798395e-11,1.32469997349211,0.999999999999999,-2.67944733606881e-08,-2.44953707558153e-12,2.67899298791509e-08,3.53685447483198e-06,-15.4560442241803,-40.356565293849,9.02130875846893e-07,-65.0994789303314,-4.02768575979657e-06,1,0.421417123679136,0.0221434329213086,1.31199351958372,-0.00778954484905441,0.992527741710013,0.00095564845804965,0.121766548253478,-3.77005879429265,47.4335076747663,34.8345641993111,1.20861971670829,-91.3380790648509,4.88509262980557
1,0.200067567822007,-1.16930769798395e-11,1.32469997349211,0.999999999999999,-2.67944733606881e-08,-2.44953707558153e-12,2.67899298791509e-08,3.53685447483198e-06,-15.4560442241803,-40.356565293849,9.02130875846893e-07,-65.0994789303314,-4.02768575979657e-06,1,0.680501865334147,-0.0111627707185754,1.32469997349211,0.00292502430606238,0.999995722412477,2.67898081201164e-08,8.08099952374991e-11,3.53685447483198e-06,-15.4560442241803,-40.356565293849,9.02130875846893e-07,-65.0994789303314,-4.02768575979657e-06
1,0.200067567822007,-1.16930769798395e-11,1.32469997349211,0.999999999999999,-2.67944733606881e-08,-2.44953707558153e-12,2.67899298791509e-08,3.53685447483198e-06,-15.4560442241803,-40.356565293849,9.02130875846893e-07,-65.0994789303314,-4.02768575979657e-06,1,0.680501865334147,-0.0111627707185754,1.32469997349211,0.00292502430606238,0.999995722412477,2.67898081201164e-08,8.08099952374991e-11,3.53685447483198e-06,-15.4560442241803,-40.356565293849,9.02130875846893e-07,-65.0994789303314,-4.02768575979657e-06
1,0.220154282987155,-0.0161230095518179,1.23680000127952,0.712705868111838,-0.701463003699376,-2.50030779334689e-15,3.81408085127866e-12,-4.18857862246904,3.39924723175256,-44.5637718178216,-6.78139541618264e-07,-42.0369778921133,-84.9004161282139,0,0.680501865334147,-0.0111627707185754,1.32469997349211,0.00292502430606238,0.999995722412477,2.67898081201164e-08,8.08099952374991e-11,3.53685447483198e-06,-15.4560442241803,-40.356565293849,9.02130875846893e-07,-65.0994789303314,-4.02768575979657e-06
1,0.225132391721341,-0.0209472263930132,1.23405500156986,0.712645582043829,-0.701524250752184,6.63271179330946e-15,5.39871370663306e-13,-5.31572318802927,5.07184659718889,-43.5040216288561,-9.11906862399409e-07,-41.4241287213012,-83.7831193396584,0,0.680501865334147,-0.0111627707185754,1.32469997349211,0.00292502430606238,0.999995722412477,2.67898081201164e-08,8.08099952374991e-11,3.53685447483198e-06,-15.4560442241803,-40.356565293849,9.02130875846893e-07,-65.0994789303314,-4.02768575979657e-06
1,0.225228672196995,-0.0210405163818257,1.23129982722159,0.712637572616296,-0.701532387061035,3.28514901380826e-15,1.04201120923171e-13,-5.33699140875443,5.66786827538468,-43.6182955795722,-9.75415551414949e-07,-40.713833092474,-83.7631593710446,0,0.680501865334147,-0.0111627707185754,1.32469997349211,0.00292502430606238,0.999995722412477,2.67898081201164e-08,8.08099952374991e-11,3.53685447483198e-06,-15.4560442241803,-40.356565293849,9.02130875846893e-07,-65.0994789303314,-4.02768575979657e-06
1,0.224776897875237,0.00772159814932228,1.2277707615877,0.707334343717652,-0.696311797282501,0.0867781557530774,0.0854257504902693,6.38532823394779,6.81511646198686,-43.9478319221457,20.8532909439439,-42.5277681571157,-111.33284795659,0,0.680501865334147,-0.0111627707185754,1.32469997349211,0.00292502430606238,0.999995722412477,2.67898081201164e-08,8.08099952374991e-11,3.53685447483198e-06,-15.4560442241803,-40.356565293849,9.02130875846893e-07,-65.0994789303314,-4.02768575979657e-06
1,0.224776888441667,0.00772155852467292,1.24267096775151,0.707334410756496,-0.696311767934077,0.0867779624031014,0.0854256310333508,6.38531052436919,3.71002063001207,-43.1958506451477,19.4915251704104,-46.1486587521855,-109.429917896372,0,0.680501865334147,-0.0111627707185754,1.32469997349211,0.00292502430606238,0.999995722412477,2.67898081201164e-08,8.08099952374991e-11,3.53685447483198e-06,-15.4560442241803,-40.356565293849,9.02130875846893e-07,-65.0994789303314,-4.02768575979657e-06
1,0.200067567822007,-1.16930769798395e-11,1.32469997349211,0.999999999999999,-2.67944733606881e-08,-2.44953707558153e-12,2.67899298791509e-08,3.53685447483198e-06,-15.4560442241803,-40.356565293849,9.02130875846893e-07,-65.0994789303314,-4.02768575979657e-06,1,0.680501865334147,-0.0111627707185754,1.32469997349211,0.00292502430606238,0.999995722412477,2.67898081201164e-08,8.08099952374991e-11,3.53685447483198e-06,-15.4560442241803,-40.356565293849,9.02130875846893e-07,-65.0994789303314,-4.02768575979657e-06
1,0.4277196994039,0.017237563055703,1.31800099543088,0.999969967079711,0.00775015732750039,-6.19280658955409e-14,3.40416372538928e-10,2.30783397857768,34.7983682723775,16.2351737948306,-5.04472520138486e-06,-71.4368054473737,-1.41971834948946,0,0.680501865334147,-0.0111627707185754,1.32469997349211,0.00292502430606238,0.999995722412477,2.67898081201164e-08,8.08099952374991e-11,3.53685447483198e-06,-15.4560442241803,-40.356565293849,9.02130875846893e-07,-65.0994789303314,-4.02768575979657e-06
1,0.432579575512567,0.0222183775195219,1.31309824751046,0.999969298852555,0.00783590150073854,-9.88782645526425e-15,4.78304547423637e-11,2.940273327479,36.2555075287118,17.4749377614272,-5.15265260442195e-06,-71.2194301232493,-2.04233183402182,0,0.680501865334147,-0.0111627707185754,1.32469997349211,0.00292502430606238,0.999995722412477,2.67898081201164e-08,8.08099952374991e-11,3.53685447483198e-06,-15.4560442241803,-40.356565293849,9.02130875846893e-07,-65.0994789303314,-4.02768575979657e-06
1,0.432675071637545,0.022316239713752,1.3080996646934,0.999969204330068,0.00784795460557715,-6.46074228921555e-16,6.70696165822848e-12,2.95255041378874,36.6062995148922,16.9927610902982,-5.19983361300936e-06,-70.3864614651506,-2.0532276183694,0,0.680501865334147,-0.0111627707185754,1.32469997349211,0.00292502430606238,0.999995722412477,2.67898081201164e-08,8.08099952374991e-11,3.53685447483198e-06,-15.4560442241803,-40.356565293849,9.02130875846893e-07,-65.0994789303314,-4.02768575979657e-06
1,0.459734889736501,0.0227410071369683,1.30669332777137,0.992527741314267,0.00778955434005846,-0.121766548380778,0.000955646490709058,2.76145853276456,47.668034574779,34.1642592242973,-0.450077739133784,-90.4776775250486,-1.81070304906719,0,0.680501865334147,-0.0111627707185754,1.32469997349211,0.00292502430606238,0.999995722412477,2.67898081201164e-08,8.08099952374991e-11,3.53685447483198e-06,-15.4560442241803,-40.356565293849,9.02130875846893e-07,-65.0994789303314,-4.02768575979657e-06
1,0.459734879883639,0.0227410068486547,1.32159351936943,0.992527741317097,0.00778955449595211,-0.121766548339541,0.000955647534475763,2.76145853608687,46.9957622296253,36.0226323987598,-0.450683004005273,-93.0082448872112,-1.83060285378841,0,0.680501865334147,-0.0111627707185754,1.32469997349211,0.00292502430606238,0.999995722412477,2.67898081201164e-08,8.08099952374991e-11,3.53685447483198e-06,-15.4560442241803,-40.356565293849,9.02130875846893e-07,-65.0994789303314,-4.02768575979657e-06
1,0.200067567822007,-1.16930769798395e-11,1.32469997349211,0.999999999999999,-2.67944733606881e-08,-2.44953707558153e-12,2.67899298791509e-08,3.53685447483198e-06,-15.4560442241803,-40.356565293849,9.02130875846893e-07,-65.0994789303314,-4.02768575979657e-06,1,0.680501865334147,-0.0111627707185754,1.32469997349211,0.00292502430606238,0.999995722412477,2.67898081201164e-08,8.08099952374991e-11,3.53685447483198e-06,-15.4560442241803,-40.356565293849,9.02130875846893e-07,-65.0994789303314,-4.02768575979657e-06
1,0.200067567822007,-1.16930769798395e-11,1.32469997349211,0.999999999999999,-2.67944733606881e-08,-2.44953707558153e-12,2.67899298791509e-08,3.53685447483198e-06,-15.4560442241803,-40.356565293849,9.02130875846893e-07,-65.0994789303314,-4.02768575979657e-06,1,0.680501865334147,-0.0111627707185754,1.32469997349211,0.00292502430606238,0.999995722412477,2.67898081201164e-08,8.08099952374991e-11,3.53685447483198e-06,-15.4560442241803,-40.356565293849,9.02130875846893e-07,-65.0994789303314,-4.02768575979657e-06
1,0.218647144925605,0.0798651577743118,1.23680000127919,0.712705868111839,-0.701463003699376,-4.91859143490352e-15,3.81003746628002e-12,20.0657158154549,5.86125996836478,-41.8506612923167,1.03242222978465e-06,-42.288075838957,-109.154711844207,0,0.680501865334147,-0.0111627707185754,1.32469997349211,0.00292502430606238,0.999995722412477,2.67898081201164e-08,8.08099952374991e-11,3.53685447483198e-06,-15.4560442241803,-40.356565293849,9.02130875846893e-07,-65.0994789303314,-4.02768575979657e-06
1,0.223625254145471,0.0750409412504843,1.2340550072549,0.712645582043827,-0.701524250752186,7.8541612169408e-15,5.35161857364442e-13,18.5499840888854,7.02739472249773,-41.2852930469859,8.35779578392978e-07,-41.68730930434,-107.648827935543,0,0.680501865334147,-0.0111627707185754,1.32469997349211,0.00292502430606238,0.999995722412477,2.67898081201164e-08,8.08099952374991e-11,3.53685447483198e-06,-15.4560442241803,-40.356565293849,9.02130875846893e-07,-65.0994789303314,-4.02768575979657e-06
1,0.223721534394561,0.0749476510839453,1.23129982746629,0.712637572616296,-0.701532387061035,2.89182771866689e-15,1.01006731919458e-13,18.5210684900255,7.59379900342255,-41.404791272557,7.99155730519808e-07,-41.0014067973518,-107.621220624202,0,0.680501865334147,-0.0111627707185754,1.32469997349211,0.00292502430606238,0.999995722412477,2.67898081201164e-08,8.08099952374991e-11,3.53685447483198e-06,-15.4560442241803,-40.356565293849,9.02130875846893e-07,-65.0994789303314,-4.02768575979657e-06
1,0.223269762869631,0.103709767438409,1.22777076137901,0.707334335080684,-0.696311804726791,0.0867781536496414,0.0854257634630542,28.5069239080006,12.0911216419569,-37.529643598768,16.7005396908106,-48.193902142531,-129.631359148519,0,0.680501865334147,-0.0111627707185754,1.32469997349211,0.00292502430606238,0.999995722412477,2.67898081201164e-08,8.08099952374991e-11,3.53685447483198e-06,-15.4560442241803,-40.356565293849,9.02130875846893e-07,-65.0994789303314,-4.02768575979657e-06
1,0.223269761744861,0.103709741564522,1.24267096069683,0.707334370413944,-0.696311788275857,0.0867780228095658,0.0854257379040399,28.5069147547706,9.28710799501712,-36.8392364503435,15.874153659344,-51.548247506159,-128.349748164927,0,0.680501865334147,-0.0111627707185754,1.32469997349211,0.00292502430606238,0.999995722412477,2.67898081201164e-08,8.08099952374991e-11,3.53685447483198e-06,-15.4560442241803,-40.356565293849,9.02130875846893e-07,-65.0994789303314,-4.02768575979657e-06
1,0.200067567822007,-1.16930769798395e-11,1.32469997349211,0.999999999999999,-2.67944733606881e-08,-2.44953707558153e-12,2.67899298791509e-08,3.53685447483198e-06,-15.4560442241803,-40.356565293849,9.02130875846893e-07,-65.0994789303314,-4.02768575979657e-06,1,0.680501865334147,-0.0111627707185754,1.32469997349211,0.00292502430606238,0.999995722412477,2.67898081201164e-08,8.08099952374991e-11,3.53685447483198e-06,-15.4560442241803,-40.356565293849,9.02130875846893e-07,-65.0994789303314,-4.02768575979657e-06
1,0.44371516419125,0.0174887126882792,1.32759945342527,0.99996996707971,0.00775015732765636,-6.32670144527461e-14,3.40376606427148e-10,2.25710476716611,37.96198550842,23.0787976772617,-5.08955772820423e-06,-75.1168120964456,-1.36898953734827,1,0.579572702187606,0.0228802549252295,1.17857900337701,-4.59538931194912e-06,-0.707036204277578,-4.26712172510798e-06,0.707177351455678,-8.40676886602397,37.8647969410466,-40.7205265134393,8.91445939015994,78.7310901637657,-1.75744151573461
1,0.448577552967585,0.022469566208707,1.32269821727682,0.999969298852555,0.00783590150076096,-1.03510853956517e-14,4.78243249434366e-11,2.86759057042617,39.4391476823591,24.412703325543,-5.19064703741759e-06,-74.9735555376036,-1.96964949474942,1,0.57157372763196,0.0227546598371903,1.18157898877711,-4.57864225764957e-06,-0.707036205549412,-4.28966606544739e-06,0.70717735018407,-8.0863331472752,37.6395193010644,-39.1665806536463,8.64530104555575,76.9622965718744,-1.96619796286335
1,0.448673098743846,0.0225674293776505,1.31769966405067,0.999969204330068,0.00784795460558047,-9.00041443358357e-16,6.70593223157464e-12,2.87944671349452,39.7309033590461,23.8647990451685,-5.22910961987122e-06,-74.1338955797813,-1.98012433740278,0,0.57157372763196,0.0227546598371903,1.18157898877711,-4.57864225764957e-06,-0.707036205549412,-4.28966606544739e-06,0.70717735018407,-8.0863331472752,37.6395193010644,-39.1665806536463,8.64530104555575,76.9622965718744,-1.96619796286335
1,0.475732916810602,0.0229921968627945,1.31629332711972,0.992527741313906,0.00778955446497999,-0.121766548373518,0.000955646771693315,2.70112539841883,51.9417579214904,43.3044488872486,-0.437386521586333,-95.3444561899436,-1.7891437721276,0,0.57157372763196,0.0227546598371903,1.18157898877711,-4.57864225764957e-06,-0.707036205549412,-4.28966606544739e-06,0.70717735018407,-8.0863331472752,37.6395193010644,-39.1665806536463,8.64530104555575,76.9622965718744,-1.96619796286335
1,0.475732905924055,0.0229921965563167,1.33119351828996,0.992527741316152,0.00778955473711216,-0.121766548328749,0.000955647925224825,2.70112538820951,51.5751972123369,45.6279706573529,-0.439801991668604,-98.0344598831063,-1.80987511199775,1,0.579572702187606,0.0228802549252295,1.17857900337701,-4.59538931194912e-06,-0.707036204277578,-4.26712172510798e-06,0.707177351455678,-8.40676886602397,37.8647969410466,-40.7205265134393,8.91445939015994,78.7310901637657,-1.75744151573461
1,0.200067567822007,-1.16930769798395e-11,1.32469997349211,0.999999999999999,-2.67944733606881e-08,-2.44953707558153e-12,2.67899298791509e-08,3.53685447483198e-06,-15.4560442241803,-40.356565293849,9.02130875846893e-07,-65.0994789303314,-4.02768575979657e-06,1,0.680501865334147,-0.0111627707185754,1.32469997349211,0.00292502430606238,0.999995722412477,2.67898081201164e-08,8.08099952374991e-11,3.53685447483198e-06,-15.4560442241803,-40.356565293849,9.02130875846893e-07,-65.0994789303314,-4.02768575979657e-06
1,0.200067567822007,-1.16930769798395e-11,1.32469997349211,0.999999999999999,-2.67944733606881e-08,-2.44953707558153e-12,2.67899298791509e-08,3.53685447483198e-06,-15.4560442241803,-40.356565293849,9.02130875846893e-07,-65.0994789303314,-4.02768575979657e-06,1,0.680501865334147,-0.0111627707185754,1.32469997349211,0.00292502430606238,0.999995722412477,2.67898081201164e-08,8.08099952374991e-11,3.53685447483198e-06,-15.4560442241803,-40.356565293849,9.02130875846893e-07,-65.0994789303314,-4.02768575979657e-06
1,0.252150338762453,-0.0156206301984432,1.23680000127864,0.712705868111838,-0.701463003699376,-2.3174736934723e-15,3.81428700790805e-12,-3.54492154262699,9.75558623525892,-37.2932023790701,-1.11236515419598e-06,-42.9512083244892,-85.5440729365389,0,0.680501865334147,-0.0111627707185754,1.32469997349211,0.00292502430606238,0.999995722412477,2.67898081201164e-08,8.08099952374991e-11,3.53685447483198e-06,-15.4560442241803,-40.356565293849,9.02130875846893e-07,-65.0994789303314,-4.02768575979657e-06
1,0.257128448388059,-0.0204448458567717,1.23405500302899,0.71264558204383,-0.701524250752183,3.78861516797472e-15,5.37372313354618e-13,-4.54614561882705,11.2708357004087,-36.1887996847148,-1.31781265747159e-06,-42.5403615580327,-84.552696668866,0,0.680501865334147,-0.0111627707185754,1.32469997349211,0.00292502430606238,0.999995722412477,2.67898081201164e-08,8.08099952374991e-11,3.53685447483198e-06,-15.4560442241803,-40.356565293849,9.02130875846893e-07,-65.0994789303314,-4.02768575979657e-06
1,0.257224728821737,-0.0205381370498291,1.23129982717694,0.712637572616296,-0.701532387061035,2.4228266768796e-15,1.03216978342649e-13,-4.56510030130118,11.8020420911232,-36.2898295880167,-1.37715930683005e-06,-41.9081252640743,-84.5350502428333,0,0.680501865334147,-0.0111627707185754,1.32469997349211,0.00292502430606238,0.999995722412477,2.67898081201164e-08,8.08099952374991e-11,3.53685447483198e-06,-15.4560442241803,-40.356565293849,9.02130875846893e-07,-65.0994789303314,-4.02768575979657e-06
1,0.256772956352447,0.00822397728733146,1.22777076159884,0.707334343620505,-0.696311797550807,0.0867781495639879,0.0854257553947425,5.70535521887125,12.825631658148,-36.5888130115107,20.4299554370943,-43.6359460200845,-110.039167806532,0,0.680501865334147,-0.0111627707185754,1.32469997349211,0.00292502430606238,0.999995722412477,2.67898081201164e-08,8.08099952374991e-11,3.53685447483198e-06,-15.4560442241803,-40.356565293849,9.02130875846893e-07,-65.0994789303314,-4.02768575979657e-06
1,0.256772946702571,0.00822394690033706,1.24267096418113,0.70733439562992,-0.69631177441638,0.0867780034038321,0.0854256617955846,5.7053433609106,10.0610011295878,-35.9059108053669,19.2694094247899,-46.87892245155,-108.391201703751,0,0.680501865334147,-0.0111627707185754,1.32469997349211,0.00292502430606238,0.999995722412477,2.67898081201164e-08,8.08099952374991e-11,3.53685447483198e-06,-15.4560442241803,-40.356565293849,9.02130875846893e-07,-65.0994789303314,-4.02768575979657e-06
1,0.200067567822007,-1.16930769798395e-11,1.32469997349211,0.999999999999999,-2.67944733606881e-08,-2.44953707558153e-12,2.67899298791509e-08,3.53685447483198e-06,-15.4560442241803,-40.356565293849,9.02130875846893e-07,-65.0994789303314,-4.02768575979657e-06,1,0.680501865334147,-0.0111627707185754,1.32469997349211,0.00292502430606238,0.999995722412477,2.67898081201164e-08,8.08099952374991e-11,3.53685447483198e-06,-15.4560442241803,-40.356565293849,9.02130875846893e-07,-65.0994789303314,-4.02768575979657e-06
1,0.459710625472807,0.0177398621994862,1.33719790993896,0.999969967079709,0.007750157327832,-6.38260545226197e-14,3.40339830990065e-10,2.20990254647314,41.544600505331,30.6668898082454,-5.15915191066149e-06,-79.1222892330149,-1.32178777303828,1,0.595570650910218,0.0231314450371457,1.18817895611668,-4.60898498417934e-06,-0.707036204065231,-4.24246988103532e-06,0.707177351668042,-9.11784196442351,34.0847185573448,-44.8827893058769,9.62661626471378,79.1305716429033,-1.83389302036499
1,0.464575530043801,0.0227207548956569,1.33229818688077,0.999969298852555,0.00783590150078632,-9.41837680178721e-15,4.78185156643859e-11,2.79990522628338,43.0680146089218,32.141148976657,-5.2547289234743e-06,-79.0731342657733,-1.90196462850215,1,0.587571676354992,0.0230058498986706,1.19117894160554,-4.59024304876878e-06,-0.707036205625713,-4.26736085323903e-06,0.707177350107844,-8.74978928275751,33.8286545416237,-43.3343012878399,9.31267887465714,77.3380938914389,-2.06045480534449
1,0.464671125761519,0.022818619037302,1.32729966337576,0.999969204330068,0.00784795460558432,-1.68593679411026e-15,6.70511017683421e-12,2.81136826436442,43.2904486908014,31.5043996531728,-5.28424906043829e-06,-78.2139508596755,-1.91204636491563,0,0.587571676354992,0.0230058498986706,1.19117894160554,-4.59024304876878e-06,-0.707036205625713,-4.26736085323903e-06,0.707177350107844,-8.74978928275751,33.8286545416237,-43.3343012878399,9.31267887465714,77.3380938914389,-2.06045480534449
1,0.491730943750363,0.0232433865975471,1.325893326422,0.99252774131287,0.00778955469956304,-0.121766548364248,0.000955647117319211,2.64457831656151,57.5042481843059,54.8346294193364,-0.430179961257162,-101.312401178216,-1.77791534085767,0,0.587571676354992,0.0230058498986706,1.19117894160554,-4.59024304876878e-06,-0.707036205625713,-4.26736085323903e-06,0.707177350107844,-8.74978928275751,33.8286545416237,-43.3343012878399,9.31267887465714,77.3380938914389,-2.06045480534449
1,0.491730929394834,0.0232433862149757,1.34079351639068,0.9925277413146,0.00778955522045473,-0.12176654830458,0.000955648677054593,2.64457828725162,57.7117327877929,58.1408821100141,-0.435526249953743,-104.411080883712,-1.80192486539586,1,0.595570650910218,0.0231314450371457,1.18817895611668,-4.60898498417934e-06,-0.707036204065231,-4.24246988103532e-06,0.707177351668042,-9.11784196442351,34.0847185573448,-44.8827893058769,9.62661626471378,79.1305716429033,-1.83389302036499
1,0.200067567822007,-1.16930769798395e-11,1.32469997349211,0.999999999999999,-2.67944733606881e-08,-2.44953707558153e-12,2.67899298791509e-08,3.53685447483198e-06,-15.4560442241803,-40.356565293849,9.02130875846893e-07,-65.0994789303314,-4.02768575979657e-06,1,0.680501865334147,-0.0111627707185754,1.32469997349211,0.00292502430606238,0.999995722412477,2.67898081201164e-08,8.08099952374991e-11,3.53685447483198e-06,-15.4560442241803,-40.356565293849,9.02130875846893e-07,-65.0994789303314,-4.02768575979657e-06
1,0.200067567822007,-1.16930769798395e-11,1.32469997349211,0.999999999999999,-2.67944733606881e-08,-2.44953707558153e-12,2.67899298791509e-08,3.53685447483198e-06,-15.4560442241803,-40.356565293849,9.02130875846893e-07,-65.0994789303314,-4.02768575979657e-06,1,0.680501865334147,-0.0111627707185754,1.32469997349211,0.00292502430606238,0.999995722412477,2.67898081201164e-08,8.08099952374991e-11,3.53685447483198e-06,-15.4560442241803,-40.356565293849,9.02130875846893e-07,-65.0994789303314,-4.02768575979657e-06
1,0.243897346227867,0.00635160110247144,1.23681403456271,0.999969967079719,0.0077501573265139,-4.1495287067522e-14,3.40889239293274e-10,1.4917677707723,8.07846576652795,-39.2913794993813,-5.112002167301e-06,-42.6301547021803,-0.603649468042971,0,0.680501865334147,-0.0111627707185754,1.32469997349211,0.00292502430606238,0.999995722412477,2.67898081201164e-08,8.08099952374991e-11,3.53685447483198e-06,-15.4560442241803,-40.356565293849,9.02130875846893e-07,-65.0994789303314,-4.02768575979657e-06
1,0.248728424972546,0.0113307204772276,1.2340552791216,0.999969298852556,0.00783590150059807,-8.6237480127835e-15,4.79022571985287e-11,2.60828430696362,9.57339093867518,-38.2728947306044,-5.32497415900729e-06,-42.1537142390044,-1.71033997301875,0,0.680501865334147,-0.0111627707185754,1.32469997349211,0.00292502430606238,0.999995722412477,2.67898081201164e-08,8.08099952374991e-11,3.53685447483198e-06,-15.4560442241803,-40.356565293849,9.02130875846893e-07,-65.0994789303314,-4.02768575979657e-06
1,0.24882186209612,0.0114270068993267,1.23129983686503,0.999969209525016,0.0078472926486624,-1.32241955754845e-15,8.98314214918593e-12,2.6294316317056,10.1204572011155,-38.3786514256755,-5.44347145627127e-06,-41.5008912802616,-1.73018180401463,0,0.680501865334147,-0.0111627707185754,1.32469997349211,0.00292502430606238,0.999995722412477,2.67898081201164e-08,8.08099952374991e-11,3.53685447483198e-06,-15.4560442241803,-40.356565293849,9.02130875846893e-07,-65.0994789303314,-4.02768575979657e-06
1,0.22005974404517,0.0109755539563506,1.22777077159402,0.99252774648263,0.00778889783415725,0.121766548815587,-0.000955574268020572,3.02300244650521,2.14448189792302,-49.1069179691377,1.22490585272632,-24.7742482732175,-3.17303200576123,0,0.680501865334147,-0.0111627707185754,1.32469997349211,0.00292502430606238,0.999995722412477,2.67898081201164e-08,8.08099952374991e-11,3.53685447483198e-06,-15.4560442241803,-40.356565293849,9.02130875846893e-07,-65.0994789303314,-4.02768575979657e-06
1,0.220059725972649,0.0109755474061246,1.24267096583598,0.99252774656508,0.00778890829360871,0.121766547242174,-0.000955603870389408,3.02299966588584,-1.25064129481449,-48.2890062091134,1.05916769041911,-28.9864514292211,-2.98734109403689,0,0.680501865334147,-0.0111627707185754,1.32469997349211,0.00292502430606238,0.999995722412477,2.67898081201164e-08,8.08099952374991e-11,3.53685447483198e-06,-15.4560442241803,-40.356565293849,9.02130875846893e-07,-65.0994789303314,-4.02768575979657e-06
1,0.200067567822007,-1.16930769798395e-11,1.32469997349211,0.999999999999999,-2.67944733606881e-08,-2.44953707558153e-12,2.67899298791509e-08,3.53685447483198e-06,-15.4560442241803,-40.356565293849,9.02130875846893e-07,-65.0994789303314,-4.02768575979657e-06,1,0.680501865334147,-0.0111627707185754,1.32469997349211,0.00292502430606238,0.999995722412477,2.67898081201164e-08,8.08099952374991e-11,3.53685447483198e-06,-15.4560442241803,-40.356565293849,9.02130875846893e-07,-65.0994789303314,-4.02768575979657e-06
1,0.421780871428397,0.00924552400434618,1.31800000008703,0.701605493229988,0.712565598292189,2.19126875593181e-15,3.75091216521488e-12,1.25573626386767,33.4194504250006,14.1359634318233,-1.81157299843148e-06,-70.7165160766482,89.6323563146929,0,0.680501865334147,-0.0111627707185754,1.32469997349211,0.00292502430606238,0.999995722412477,2.67898081201164e-08,8.08099952374991e-11,3.53685447483198e-06,-15.4560442241803,-40.356565293849,9.02130875846893e-07,-65.0994789303314,-4.02768575979657e-06
1,0.41680274665964,0.0140697245793749,1.31309823549579,0.701544272406941,0.712625872287147,-1.85306912619129e-15,5.28052925360226e-13,1.93336228108913,32.6866979368545,12.0175351955406,-1.83092001258453e-06,-69.3308403283317,88.9645752048649,0,0.680501865334147,-0.0111627707185754,1.32469997349211,0.00292502430606238,0.999995722412477,2.67898081201164e-08,8.08099952374991e-11,3.53685447483198e-06,-15.4560442241803,-40.356565293849,9.02130875846893e-07,-65.0994789303314,-4.02768575979657e-06
1,0.416704940585355,0.0141645209293598,1.30809966465689,0.70153566614431,0.71263434461683,-5.0961949380605e-16,7.5653142260886e-14,1.94683502081616,33.0208366715553,11.4846058091505,-1.85855281475829e-06,-68.4637722072646,88.9524863861475,0,0.680501865334147,-0.0111627707185754,1.32469997349211,0.00292502430606238,0.999995722412477,2.67898081201164e-08,8.08099952374991e-11,3.53685447483198e-06,-15.4560442241803,-40.356565293849,9.02130875846893e-07,-65.0994789303314,-4.02768575979657e-06
1,0.416280164644306,0.0412243395668891,1.30669332767079,0.696315055804012,0.70733113661515,-0.0854261819478065,0.086777725674253,8.021699596802,33.9644662822205,12.1827244929601,14.7326194732597,-70.5954737354231,77.6694504578826,0,0.680501865334147,-0.0111627707185754,1.32469997349211,0.00292502430606238,0.999995722412477,2.67898081201164e-08,8.08099952374991e-11,3.53685447483198e-06,-15.4560442241803,-40.356565293849,9.02130875846893e-07,-65.0994789303314,-4.02768575979657e-06
1,0.416280155912003,0.0412243314141562,1.32159352102441,0.696315052075815,0.707331146873748,-0.0854261597362295,0.0867776938368552,8.02169790466437,32.9351927995656,13.7042806337011,14.5211642395526,-73.0636623594389,78.3473545638204,0,0.680501865334147,-0.0111627707185754,1.32469997349211,0.00292502430606238,0.999995722412477,2.67898081201164e-08,8.08099952374991e-11,3.53685447483198e-06,-15.4560442241803,-40.356565293849,9.02130875846893e-07,-65.0994789303314,-4.02768575979657e-06
1,0.200067567822007,-1.16930769798395e-11,1.32469997349211,0.999999999999999,-2.67944733606881e-08,-2.44953707558153e-12,2.67899298791509e-08,3.53685447483198e-06,-15.4560442241803,-40.356565293849,9.02130875846893e-07,-65.0994789303314,-4.02768575979657e-06,1,0.680501865334147,-0.0111627707185754,1.32469997349211,0.00292502430606238,0.999995722412477,2.67898081201164e-08,8.08099952374991e-11,3.53685447483198e-06,-15.4560442241803,-40.356565293849,9.02130875846893e-07,-65.0994789303314,-4.02768575979657e-06
1,0.200067567822007,-1.16930769798395e-11,1.32469997349211,0.999999999999999,-2.67944733606881e-08,-2.44953707558153e-12,2.67899298791509e-08,3.53685447483198e-06,-15.4560442241803,-40.356565293849,9.02130875846893e-07,-65.0994789303314,-4.02768575979657e-06,1,0.680501865334147,-0.0111627707185754,1.32469997349211,0.00292502430606238,0.999995722412477,2.67898081201164e-08,8.08099952374991e-11,3.53685447483198e-06,-15.4560442241803,-40.356565293849,9.02130875846893e-07,-65.0994789303314,-4.02768575979657e-06
0,0.200067567822007,-1.16930769798395e-11,1.32469997349211,0.999999999999999,-2.67944733606881e-08,-2.44953707558153e-12,2.67899298791509e-08,3.53685447483198e-06,-15.4560442241803,-40.356565293849,9.02130875846893e-07,-65.0994789303314,-4.02768575979657e-06,1,0.597256805699299,0.0440046660533496,1.23680000128383,0.701463123317597,0.712705751223667,3.82116989028105e-12,1.33144509218393e-14,-10.9117278398529,16.4859696031959,-28.6887717452035,-2.15203956386686e-06,-44.8252556499605,-77.8421046023668
0,0.200067567822007,-1.16930769798395e-11,1.32469997349211,0.999999999999999,-2.67944733606881e-08,-2.44953707558153e-12,2.67899298791509e-08,3.53685447483198e-06,-15.4560442241803,-40.356565293849,9.02130875846893e-07,-65.0994789303314,-4.02768575979657e-06,1,0.592278695432335,0.0488288797154366,1.23405500303058,0.701524267921116,0.712645565986146,5.36424384288101e-13,5.57669496865386e-16,-11.6428864242152,17.9876327914771,-27.3807656474241,-2.32295367360223e-06,-44.6315985676291,-77.1207773936122
0,0.200067567822007,-1.16930769798395e-11,1.32469997349211,0.999999999999999,-2.67944733606881e-08,-2.44953707558153e-12,2.67899298791509e-08,3.53685447483198e-06,-15.4560442241803,-40.356565293849,9.02130875846893e-07,-65.0994789303314,-4.02768575979657e-06,1,0.592182414796734,0.048922173116403,1.23129982708349,0.701532390620811,0.712637569955338,1.02645577144862e-13,-1.511581743282e-15,-11.6567392757867,18.4600904507482,-27.4678902253107,-2.3818539614065e-06,-44.0720163305943,-77.1082306081533
0,0.200067567822007,-1.16930769798395e-11,1.32469997349211,0.999999999999999,-2.67944733606881e-08,-2.44953707558153e-12,2.67899298791509e-08,3.53685447483198e-06,-15.4560442241803,-40.356565293849,9.02130875846893e-07,-65.0994789303314,-4.02768575979657e-06,1,0.592634185785734,0.0201600603067804,1.22777076190185,0.696311797461145,0.707334345724428,0.0854257552847477,-0.0867781401682219,-2.66787399696557,18.2250763291722,-29.342801421639,20.5721892135421,-43.3402914632663,-101.24613460705
0,0.200067567822007,-1.16930769798395e-11,1.32469997349211,0.999999999999999,-2.67944733606881e-08,-2.44953707558153e-12,2.67899298791509e-08,3.53685447483198e-06,-15.4560442241803,-40.356565293849,9.02130875846893e-07,-65.0994789303314,-4.02768575979657e-06,1,0.592634198748912,0.0201600843244194,1.24267096260677,0.696311776433779,0.707334391331808,0.085425659356862,-0.0867780315767726,-2.66788292561168,15.730049178366,-28.7073111100825,19.49242363983,-46.2816228918892,-99.7246763510776
1,0.200067567822007,-1.16930769798395e-11,1.32469997349211,0.999999999999999,-2.67944733606881e-08,-2.44953707558153e-12,2.67899298791509e-08,3.53685447483198e-06,-15.4560442241803,-40.356565293849,9.02130875846893e-07,-65.0994789303314,-4.02768575979657e-06,1,0.680501865334147,-0.0111627707185754,1.32469997349211,0.00292502430606238,0.999995722412477,2.67898081201164e-08,8.08099952374991e-11,3.53685447483198e-06,-15.4560442241803,-40.356565293849,9.02130875846893e-07,-65.0994789303314,-4.02768575979657e-06
1,0.285581356692579,0.0217513874195386,1.17857900246782,0.707036200103207,9.86758289377729e-08,0.707177355225285,4.23819190373533e-07,5.81503485294743,36.7660890789317,-44.459325767781,-5.88325901121454,81.2823573669663,0.895977033799869,1,0.421421892998523,0.0271385072866092,1.32759970316743,-0.00775002510960327,0.999969968409689,2.48286354368981e-10,6.82772481352813e-13,-4.57833698728384,42.1307727440004,29.6913259178554,-5.20785183520009e-06,-77.5605534813723,5.80161723826825
1,0.293580331254891,0.0218769816541953,1.18157898768713,0.707036200815993,8.66912771345554e-08,0.70717735451265,4.11776897859477e-07,5.6386404959803,36.4232549331024,-42.9373799254709,-5.73642565511182,79.4241461465023,1.05742707982981,1,0.416576096439334,0.0221635687609195,1.32269822350814,-0.00783588292448036,0.999969299303368,3.48844865661727e-11,9.57938714878945e-14,-3.91682283412206,43.4972129595815,30.9202215265468,-5.29402502902327e-06,-77.423008841981,5.14994194592862
0,0.293580331254891,0.0218769816541953,1.18157898768713,0.707036200815993,8.66912771345554e-08,0.70717735451265,4.11776897859477e-07,5.6386404959803,36.4232549331024,-42.9373799254709,-5.73642565511182,79.4241461465023,1.05742707982981,1,0.416480877191299,0.0220658221197697,1.31769966412244,-0.00784795200395831,0.999969204655733,4.89224073052937e-12,1.30427242565984e-14,-3.90395197357589,43.7505238267289,30.3308478714463,-5.32571096092271e-06,-76.5803243193923,5.13845421639612
0,0.293580331254891,0.0218769816541953,1.18157898768713,0.707036200815993,8.66912771345554e-08,0.70717735451265,4.11776897859477e-07,5.6386404959803,36.4232549331024,-42.9373799254709,-5.73642565511182,79.4241461465023,1.05742707982981,1,0.389421059158541,0.0216410541630793,1.31629332717618,-0.00778954430272586,0.992527741696271,0.000955649512126442,0.121766548392167,-3.45622362726271,57.5422111937727,53.0069120310418,1.14812237895512,-99.4063893140009,4.73987834395229
1,0.285581356692579,0.0217513874195386,1.17857900246782,0.707036200103207,9.86758289377729e-08,0.707177355225285,4.23819190373533e-07,5.81503485294743,36.7660890789317,-44.459325767781,-5.88325901121454,81.2823573669663,0.895977033799869,1,0.389421071981699,0.0216410539733699,1.33119351766932,-0.00778954318870525,0.992527741741596,0.000955645851198268,0.12176654812272,-3.45622383758769,57.5306448011284,55.9268581149148,1.15946163030532,-102.337307691456,4.79997994907164
1,0.200067567822007,-1.16930769798395e-11,1.32469997349211,0.999999999999999,-2.67944733606881e-08,-2.44953707558153e-12,2.67899298791509e-08,3.53685447483198e-06,-15.4560442241803,-40.356565293849,9.02130875846893e-07,-65.0994789303314,-4.02768575979657e-06,1,0.680501865334147,-0.0111627707185754,1.32469997349211,0.00292502430606238,0.999995722412477,2.67898081201164e-08,8.08099952374991e-11,3.53685447483198e-06,-15.4560442241803,-40.356565293849,9.02130875846893e-07,-65.0994789303314,-4.02768575979657e-06
1,0.200067567822007,-1.16930769798395e-11,1.32469997349211,0.999999999999999,-2.67944733606881e-08,-2.44953707558153e-12,2.67899298791509e-08,3.53685447483198e-06,-15.4560442241803,-40.356565293849,9.02130875846893e-07,-65.0994789303314,-4.02768575979657e-06,1,0.680501865334147,-0.0111627707185754,1.32469997349211,0.00292502430606238,0.999995722412477,2.67898081201164e-08,8.08099952374991e-11,3.53685447483198e-06,-15.4560442241803,-40.356565293849,9.02130875846893e-07,-65.0994789303314,-4.02768575979657e-06
0,0.200067567822007,-1.16930769798395e-11,1.32469997349211,0.999999999999999,-2.67944733606881e-08,-2.44953707558153e-12,2.67899298791509e-08,3.53685447483198e-06,-15.4560442241803,-40.356565293849,9.02130875846893e-07,-65.0994789303314,-4.02768575979657e-06,1,0.606262664020567,-0.0259614074896705,1.23680745714298,-0.00775002510869897,0.999969968409696,2.48680639851475e-10,7.69727215845911e-13,3.17947717003935,13.8874932952548,-32.1135296648251,-5.43674784561915e-06,-43.9989769361095,-1.95619342642546
0,0.200067567822007,-1.16930769798395e-11,1.32469997349211,0.999999999999999,-2.67944733606881e-08,-2.44953707558153e-12,2.67899298791509e-08,3.53685447483198e-06,-15.4560442241803,-40.356565293849,9.02130875846893e-07,-65.0994789303314,-4.02768575979657e-06,1,0.601432273910118,-0.0309407624119398,1.2340551506297,-0.00783588292435281,0.999969299303369,3.49430264770594e-11,1.09184568029652e-13,4.14898897667749,15.2957457691651,-31.0144650641232,-5.60537123548416e-06,-43.6897890104854,-2.91586623011567
0,0.200067567822007,-1.16930769798395e-11,1.32469997349211,0.999999999999999,-2.67944733606881e-08,-2.44953707558153e-12,2.67899298791509e-08,3.53685447483198e-06,-15.4560442241803,-40.356565293849,9.02130875846893e-07,-65.0994789303314,-4.02768575979657e-06,1,0.601338850144927,-0.0310370545780611,1.2312998322948,-0.00784728916971923,0.999969209857565,6.55320075444758e-12,1.98430390585482e-14,4.16738749537765,15.7888174430009,-31.1091835464389,-5.70846191500489e-06,-43.1019988532182,-2.93295754149218
0,0.200067567822007,-1.16930769798395e-11,1.32469997349211,0.999999999999999,-2.67944733606881e-08,-2.44953707558153e-12,2.67899298791509e-08,3.53685447483198e-06,-15.4560442241803,-40.356565293849,9.02130875846893e-07,-65.0994789303314,-4.02768575979657e-06,1,0.63010096816909,-0.0305856007598203,1.22777076704315,-0.00778889615234826,0.992527746826923,-0.000955578240388125,-0.121766548592388,4.7464465423658,8.3379845358479,-42.1580045157209,1.96723634365434,-25.5538308553198,-5.1830490340722
0,0.200067567822007,-1.16930769798395e-11,1.32469997349211,0.999999999999999,-2.67944733606881e-08,-2.44953707558153e-12,2.67899298791509e-08,3.53685447483198e-06,-15.4560442241803,-40.356565293849,9.02130875846893e-07,-65.0994789303314,-4.02768575979657e-06,1,0.630100983599993,-0.0305855925994909,1.24267096058926,-0.00778890934439621,0.992527747059949,-0.00095561500638345,-0.121766545560599,4.74644352084652,5.32295339395015,-41.4251922102184,1.7339197979147,-29.2997286101017,-4.92032595203809
1,0.200067567822007,-1.16930769798395e-11,1.32469997349211,0.999999999999999,-2.67944733606881e-08,-2.44953707558153e-12,2.67899298791509e-08,3.53685447483198e-06,-15.4560442241803,-40.356565293849,9.02130875846893e-07,-65.0994789303314,-4.02768575979657e-06,1,0.680501865334147,-0.0111627707185754,1.32469997349211,0.00292502430606238,0.999995722412477,2.67898081201164e-08,8.08099952374991e-11,3.53685447483198e-06,-15.4560442241803,-40.356565293849,9.02130875846893e-07,-65.0994789303314,-4.02768575979657e-06
1,0.269457813734435,0.0294991904083863,1.18817895560212,0.707036201206895,1.46024655431011e-07,0.707177354121697,5.80345879426277e-07,8.49687037566827,32.9883225391279,-48.43365349364,-8.59134008467639,81.5282619823951,1.27681693041118,1,0.379380995572433,0.0343829713597302,1.3371999999943,0.712705778220781,-0.701463095887788,3.74918049656967e-12,-3.13649075633416e-15,-4.99004844333744,55.0165366811211,53.1470954563136,-2.1830231405801e-06,-88.1305618275445,96.2362177724295
1,0.277456788295562,0.0296247845223176,1.19117894108295,0.70703620276182,1.27750049749035e-07,0.707177352567102,5.61157841037697e-07,8.20493399543019,32.6118268164368,-46.9168051806065,-8.34167829238183,79.6484418715508,1.51093039550475,1,0.384359152528785,0.0295587658840887,1.33229822535223,0.712645569779932,-0.701524264067187,5.26402529152974e-13,-1.9546132913096e-15,-4.49053216717528,53.0064573073868,48.7135181102634,-2.15151660786924e-06,-85.7070638577865,95.7268664041833
0,0.277456788295562,0.0296247845223176,1.19117894108295,0.70703620276182,1.27750049749035e-07,0.707177352567102,5.61157841037697e-07,8.20493399543019,32.6118268164368,-46.9168051806065,-8.34167829238183,79.6484418715508,1.51093039550475,1,0.384456930724087,0.0294639740163577,1.32729966392653,0.712637105822743,-0.701532862100263,7.38304908687959e-14,-2.09661116788703e-15,-4.48060854377412,53.0251982702956,47.7589051860715,-2.15575388449439e-06,-84.7337099707063,95.7155602671695
0,0.277456788295562,0.0296247845223176,1.19117894108295,0.70703620276182,1.27750049749035e-07,0.707177352567102,5.61157841037697e-07,8.20493399543019,32.6118268164368,-46.9168051806065,-8.34167829238183,79.6484418715508,1.51093039550475,1,0.384881917010431,0.00240415923570973,1.32589332704403,0.707333883742553,-0.696312266522645,-0.0867780512250552,-0.085425847536657,0.643390480374244,52.2535145754804,45.7376139141543,14.0791572832633,-83.5351752487773,88.9921555601585
1,0.269457813734435,0.0294991904083863,1.18817895560212,0.707036201206895,1.46024655431011e-07,0.707177354121697,5.80345879426277e-07,8.49687037566827,32.9883225391279,-48.43365349364,-8.59134008467639,81.5282619823951,1.27681693041118,1,0.384881928689541,0.0024041661736163,1.34079351907697,0.707333889704125,-0.6963122672795,-0.086778023438602,-0.0854258202313862,0.643388988062312,52.061696017609,48.3523525934977,14.0182957095179,-86.2578193346689,89.6760884265439
1,0.200067567822007,-1.16930769798395e-11,1.32469997349211,0.999999999999999,-2.67944733606881e-08,-2.44953707558153e-12,2.67899298791509e-08,3.53685447483198e-06,-15.4560442241803,-40.356565293849,9.02130875846893e-07,-65.0994789303314,-4.02768575979657e-06,1,0.680501865334147,-0.0111627707185754,1.32469997349211,0.00292502430606238,0.999995722412477,2.67898081201164e-08,8.08099952374991e-11,3.53685447483198e-06,-15.4560442241803,-40.356565293849,9.02130875846893e-07,-65.0994789303314,-4.02768575979657e-06