1,0.210810244079096,0.0533470496325352,1.23786962156926,0.999956520428652,0.00932508725009227,-1.50890953802241e-13,2.83920733351231e-10,14.2009872967118,2.48533581447856,-45.2391079354353,-4.59515298647986e-06,-42.2755555598932,-13.1323890557019,0,0.679269404222601,-0.00869190228531162,1.32587997349211,0.000575026889343979,0.999999834984579,2.67899240503319e-08,1.78537267428344e-11,3.53685447483198e-06,-15.4560442241803,-40.356565293849,9.02130875846893e-07,-65.0994789303314,-4.02768575979657e-06
1,0.215620400730969,0.0583466405312694,1.23511491281061,0.999955716725323,0.00941087606686335,-2.03162950279304e-14,3.98009496377815e-11,15.1415545635204,4.29458873496147,-44.0639521860942,-4.82100490048607e-06,-41.6414583337202,-14.0631250198016,0,0.679269404222601,-0.00869190228531162,1.32587997349211,0.000575026889343979,0.999999834984579,2.67899240503319e-08,1.78537267428344e-11,3.53685447483198e-06,-15.4560442241803,-40.356565293849,9.02130875846893e-07,-65.0994789303314,-4.02768575979657e-06
1,0.215712958752902,0.0584428304919545,1.23235982411875,0.999955609711371,0.00942224000757458,-1.71077070173472e-15,7.46588389260849e-12,15.1591604237782,4.89568435889349,-44.1801827782481,-4.9444102136976e-06,-40.9241321158508,-14.0794284801544,0,0.679269404222601,-0.00869190228531162,1.32587997349211,0.000575026889343979,0.999999834984579,2.67899240503319e-08,1.78537267428344e-11,3.53685447483198e-06,-15.4560442241803,-40.356565293849,9.02130875846893e-07,-65.0994789303314,-4.02768575979657e-06
1,0.186952407063052,0.0579007679266654,1.22883075918399,0.992514248477497,0.00935213837695718,0.121764886345816,-0.00114740146307266,18.7554456931637,-3.45202942902011,-54.3047499560293,9.5992086940821,-26.1128203781752,-25.8178159474072,0,0.679269404222601,-0.00869190228531162,1.32587997349211,0.000575026889343979,0.999999834984579,2.67899240503319e-08,1.78537267428344e-11,3.53685447483198e-06,-15.4560442241803,-40.356565293849,9.02130875846893e-07,-65.0994789303314,-4.02768575979657e-06
1,0.186952404620814,0.0579007153113555,1.24373095962906,0.992514259253268,0.0093522314594578,0.121764789072024,-0.00114764450521116,18.7554176385088,-7.16922696961591,-53.3809387588996,8.26591514612159,-30.6979071769327,-24.303246219791,0,0.679269404222601,-0.00869190228531162,1.32587997349211,0.000575026889343979,0.999999834984579,2.67899240503319e-08,1.78537267428344e-11,3.53685447483198e-06,-15.4560442241803,-40.356565293849,9.02130875846893e-07,-65.0994789303314,-4.02768575979657e-06
1,0.200067567822007,-1.16930769798395e-11,1.32469997349211,0.999999999999999,-2.67944733606881e-08,-2.44953707558153e-12,2.67899298791509e-08,3.53685447483198e-06,-15.4560442241803,-40.356565293849,9.02130875846893e-07,-65.0994789303314,-4.02768575979657e-06,1,0.679269404222601,-0.00869190228531162,1.32587997349211,0.000575026889343979,0.999999834984579,2.67899240503319e-08,1.78537267428344e-11,3.53685447483198e-06,-15.4560442241803,-40.356565293849,9.02130875846893e-07,-65.0994789303314,-4.02768575979657e-06
1,0.396868009776621,-0.0551528496234399,1.24226908109395,0.999956520428649,0.0093250872505018,7.64268493953106e-14,2.83772983152767e-10,-7.91173483725081,35.9282195912827,1.66620144824921,-5.80996180247264e-06,-55.7379823311872,8.98033236789286,0,0.679269404222601,-0.00869190228531162,1.32587997349211,0.000575026889343979,0.999999834984579,2.67899240503319e-08,1.78537267428344e-11,3.53685447483198e-06,-15.4560442241803,-40.356565293849,9.02130875846893e-07,-65.0994789303314,-4.02768575979657e-06
1,0.401697899527286,-0.050165533704447,1.23735840758745,0.999955717055174,0.00941084101830817,9.41840759476074e-15,3.98723350802591e-11,-7.11845554758963,37.275890823029,2.72145721353029,-5.94187168039641e-06,-55.445566827383,8.19688022361619,0,0.679269404222601,-0.00869190228531162,1.32587997349211,0.000575026889343979,0.999999834984579,2.67899240503319e-08,1.78537267428344e-11,3.53685447483198e-06,-15.4560442241803,-40.356565293849,9.02130875846893e-07,-65.0994789303314,-4.02768575979657e-06
1,0.40179280626589,-0.0500675447520198,1.2323596676292,0.999955603534949,0.00942289547093161,9.45077163793088e-16,5.59305693534716e-12,-7.10303216606282,37.8775309743585,2.54759587096627,-6.0345558378776e-06,-54.6700653332693,8.18283834172075,0,0.679269404222601,-0.00869190228531162,1.32587997349211,0.000575026889343979,0.999999834984579,2.67899240503319e-08,1.78537267428344e-11,3.53685447483198e-06,-15.4560442241803,-40.356565293849,9.02130875846893e-07,-65.0994789303314,-4.02768575979657e-06
1,0.428851152176052,-0.049557539106874,1.23095333070943,0.992514241754829,0.00935276689577002,-0.121764892531397,0.00114743716459961,-6.29528217032133,46.9369650535553,17.0917130727952,1.84944067141124,-74.03997192932,6.64997393970324,0,0.679269404222601,-0.00869190228531162,1.32587997349211,0.000575026889343979,0.999999834984579,2.67899240503319e-08,1.78537267428344e-11,3.53685447483198e-06,-15.4560442241803,-40.356565293849,9.02130875846893e-07,-65.0994789303314,-4.02768575979657e-06
1,0.428851143604043,-0.0495575388000615,1.24585352210366,0.992514241804216,0.00935276729258951,-0.121764892131977,0.00114743359735062,-6.29528232373794,45.412517292899,17.7390691039277,1.83091470891849,-76.2106559847559,6.72212822049664,0,0.679269404222601,-0.00869190228531162,1.32587997349211,0.000575026889343979,0.999999834984579,2.67899240503319e-08,1.78537267428344e-11,3.53685447483198e-06,-15.4560442241803,-40.356565293849,9.02130875846893e-07,-65.0994789303314,-4.02768575979657e-06
1,0.200067567822007,-1.16930769798395e-11,1.32469997349211,0.999999999999999,-2.67944733606881e-08,-2.44953707558153e-12,2.67899298791509e-08,3.53685447483198e-06,-15.4560442241803,-40.356565293849,9.02130875846893e-07,-65.0994789303314,-4.02768575979657e-06,1,0.679269404222601,-0.00869190228531162,1.32587997349211,0.000575026889343979,0.999999834984579,2.67899240503319e-08,1.78537267428344e-11,3.53685447483198e-06,-15.4560442241803,-40.356565293849,9.02130875846893e-07,-65.0994789303314,-4.02768575979657e-06
1,0.200067567822007,-1.16930769798395e-11,1.32469997349211,0.999999999999999,-2.67944733606881e-08,-2.44953707558153e-12,2.67899298791509e-08,3.53685447483198e-06,-15.4560442241803,-40.356565293849,9.02130875846893e-07,-65.0994789303314,-4.02768575979657e-06,1,0.679269404222601,-0.00869190228531162,1.32587997349211,0.000575026889343979,0.999999834984579,2.67899240503319e-08,1.78537267428344e-11,3.53685447483198e-06,-15.4560442241803,-40.356565293849,9.02130875846893e-07,-65.0994789303314,-4.02768575979657e-06
0,0.200067567822007,-1.16930769798395e-11,1.32469997349211,0.999999999999999,-2.67944733606881e-08,-2.44953707558153e-12,2.67899298791509e-08,3.53685447483198e-06,-15.4560442241803,-40.356565293849,9.02130875846893e-07,-65.0994789303314,-4.02768575979657e-06,1,0.605265061354816,0.0227793096766783,1.23786867876478,-0.00932492267678745,0.999956522275961,2.68069682964074e-10,1.17493830157673e-13,-6.53206610063458,14.1395580977749,-31.8187714355112,-5.41160591057208e-06,-44.0416708722558,7.66653604186725
0,0.200067567822007,-1.16930769798395e-11,1.32469997349211,0.999999999999999,-2.67944733606881e-08,-2.44953707558153e-12,2.67899298791509e-08,3.53685447483198e-06,-15.4560442241803,-40.356565293849,9.02130875846893e-07,-65.0994789303314,-4.02768575979657e-06,1,0.600449393246861,0.0177890562598224,1.23511517633641,-0.00941081789611052,0.999955717585379,3.76675982274818e-11,1.88040815799728e-14,-5.40504447901946,15.3907940327423,-30.9210034781002,-5.58896156734355e-06,-43.688202838642,6.54935785355302
0,0.200067567822007,-1.16930769798395e-11,1.32469997349211,0.999999999999999,-2.67944733606881e-08,-2.44953707558153e-12,2.67899298791509e-08,3.53685447483198e-06,-15.4560442241803,-40.356565293849,9.02130875846893e-07,-65.0994789303314,-4.02768575979657e-06,1,0.600356254501318,0.0176925537527695,1.2323598332182,-0.0094222291096935,0.999955610126654,7.06374941140622e-12,4.08908746754408e-15,-5.38358920623783,15.8805549981767,-31.0192019647961,-5.69222958097836e-06,-43.1002433858049,6.52921037523361
0,0.200067567822007,-1.16930769798395e-11,1.32469997349211,0.999999999999999,-2.67944733606881e-08,-2.44953707558153e-12,2.67899298791509e-08,3.53685447483198e-06,-15.4560442241803,-40.356565293849,9.02130875846893e-07,-65.0994789303314,-4.02768575979657e-06,1,0.629116807615263,0.0182345968388443,1.22883076804361,-0.00935210280518964,0.992514248582619,-0.00114732242102442,-0.121764891532932,-6.66678544300659,8.49355942023093,-42.0073032539291,-4.34547364330243,-25.699772850329,11.5004789052156
0,0.200067567822007,-1.16930769798395e-11,1.32469997349211,0.999999999999999,-2.67944733606881e-08,-2.44953707558153e-12,2.67899298791509e-08,3.53685447483198e-06,-15.4560442241803,-40.356565293849,9.02130875846893e-07,-65.0994789303314,-4.02768575979657e-06,1,0.629116821527582,0.0182345799506845,1.24373096216896,-0.00935207407741537,0.992514250478313,-0.00114724291117625,-0.121764879036571,-6.66677878094692,5.4843371085011,-41.2777579765153,-3.83442383718685,-29.4290620939633,10.9242964268703
1,0.200067567822007,-1.16930769798395e-11,1.32469997349211,0.999999999999999,-2.67944733606881e-08,-2.44953707558153e-12,2.67899298791509e-08,3.53685447483198e-06,-15.4560442241803,-40.356565293849,9.02130875846893e-07,-65.0994789303314,-4.02768575979657e-06,1,0.679269404222601,-0.00869190228531162,1.32587997349211,0.000575026889343979,0.999999834984579,2.67899240503319e-08,1.78537267428344e-11,3.53685447483198e-06,-15.4560442241803,-40.356565293849,9.02130875846893e-07,-65.0994789303314,-4.02768575979657e-06
0,0.200067567822007,-1.16930769798395e-11,1.32469997349211,0.999999999999999,-2.67944733606881e-08,-2.44953707558153e-12,2.67899298791509e-08,3.53685447483198e-06,-15.4560442241803,-40.356565293849,9.02130875846893e-07,-65.0994789303314,-4.02768575979657e-06,1,0.42252213955692,-0.0446708668303436,1.2518672409519,-0.00932492267747131,0.999956522275955,2.67762810495374e-10,2.31251678725541e-13,4.54055997335939,46.7752180362852,21.5595754026199,-5.82643790820499e-06,-64.7843571857649,-3.40609231447719
0,0.200067567822007,-1.16930769798395e-11,1.32469997349211,0.999999999999999,-2.67944733606881e-08,-2.44953707558153e-12,2.67899298791509e-08,3.53685447483198e-06,-15.4560442241803,-40.356565293849,9.02130875846893e-07,-65.0994789303314,-4.02768575979657e-06,1,0.417688285103614,-0.0496681336051468,1.24695787804476,-0.00941085300263603,0.999955717254983,3.75253647503912e-11,3.34957185517228e-14,5.10987665832084,48.4094026789876,23.3143599872172,-5.9128344501219e-06,-64.9049570959466,-3.96556171653852
0,0.200067567822007,-1.16930769798395e-11,1.32469997349211,0.999999999999999,-2.67944733606881e-08,-2.44953707558153e-12,2.67899298791509e-08,3.53685447483198e-06,-15.4560442241803,-40.356565293849,9.02130875846893e-07,-65.0994789303314,-4.02768575979657e-06,1,0.417593781633444,-0.0497658191915605,1.24195965722051,-0.0094228971532149,0.999955603831692,5.26232578525026e-12,4.80207110105896e-15,5.12087716372458,48.9021237799925,23.0981829287567,-5.97118099585e-06,-64.1960589356733,-3.9751819311207
0,0.200067567822007,-1.16930769798395e-11,1.32469997349211,0.999999999999999,-2.67944733606881e-08,-2.44953707558153e-12,2.67899298791509e-08,3.53685447483198e-06,-15.4560442241803,-40.356565293849,9.02130875846893e-07,-65.0994789303314,-4.02768575979657e-06,1,0.390535435795494,-0.0502758225214319,1.24055332030686,-0.00935277886974125,0.99251424199596,0.0011474260484265,0.121764892318053,4.77312967436756,60.7038281258769,43.2675637835446,-0.877922155570644,-86.5257793378027,-3.46692996559872
0,0.200067567822007,-1.16930769798395e-11,1.32469997349211,0.999999999999999,-2.67944733606881e-08,-2.44953707558153e-12,2.67899298791509e-08,3.53685447483198e-06,-15.4560442241803,-40.356565293849,9.02130875846893e-07,-65.0994789303314,-4.02768575979657e-06,1,0.390535443824185,-0.0502758221213369,1.25545351153317,-0.00935277898174611,0.992514242005847,0.00114742750552275,0.121764892215128,4.77312970463199,59.5928008225961,44.2920226182372,-0.87654771990869,-88.6610152431619,-3.4996513142715
1,0.200067567822007,-1.16930769798395e-11,1.32469997349211,0.999999999999999,-2.67944733606881e-08,-2.44953707558153e-12,2.67899298791509e-08,3.53685447483198e-06,-15.4560442241803,-40.356565293849,9.02130875846893e-07,-65.0994789303314,-4.02768575979657e-06,1,0.679269404222601,-0.00869190228531162,1.32587997349211,0.000575026889343979,0.999999834984579,2.67899240503319e-08,1.78537267428344e-11,3.53685447483198e-06,-15.4560442241803,-40.356565293849,9.02130875846893e-07,-65.0994789303314,-4.02768575979657e-06
1,0.200067567822007,-1.16930769798395e-11,1.32469997349211,0.999999999999999,-2.67944733606881e-08,-2.44953707558153e-12,2.67899298791509e-08,3.53685447483198e-06,-15.4560442241803,-40.356565293849,9.02130875846893e-07,-65.0994789303314,-4.02768575979657e-06,1,0.679269404222601,-0.00869190228531162,1.32587997349211,0.000575026889343979,0.999999834984579,2.67899240503319e-08,1.78537267428344e-11,3.53685447483198e-06,-15.4560442241803,-40.356565293849,9.02130875846893e-07,-65.0994789303314,-4.02768575979657e-06
1,0.212619537783962,-0.0426252617977086,1.23786962171769,0.999956520428653,0.00932508725009149,8.3429800924422e-14,2.83920787297592e-10,-11.3361900298704,2.35720171991628,-45.374068618366,-4.59802946877979e-06,-42.2687303143241,12.4047882736672,0,0.679269404222601,-0.00869190228531162,1.32587997349211,0.000575026889343979,0.999999834984579,2.67899240503319e-08,1.78537267428344e-11,3.53685447483198e-06,-15.4560442241803,-40.356565293849,9.02130875846893e-07,-65.0994789303314,-4.02768575979657e-06
1,0.217429407487073,-0.0376365929157174,1.23511519440395,0.999955717055175,0.00941084101824659,6.79693263832123e-15,3.98992581377654e-11,-9.82047041584656,3.73516477674838,-44.6732624832277,-4.83575313823258e-06,-41.5915733194739,10.8988959590287,0,0.679269404222601,-0.00869190228531162,1.32587997349211,0.000575026889343979,0.999999834984579,2.67899240503319e-08,1.78537267428344e-11,3.53685447483198e-06,-15.4560442241803,-40.356565293849,9.02130875846893e-07,-65.0994789303314,-4.02768575979657e-06
1,0.217522434491997,-0.0375401232711687,1.23235983405161,0.999955609773255,0.00942223344001751,-4.54321217444161e-16,7.48464283190687e-12,-9.79167875902204,4.33447228876346,-44.7997459185777,-4.96113914968054e-06,-40.8657823713315,10.8714099683934,0,0.679269404222601,-0.00869190228531162,1.32587997349211,0.000575026889343979,0.999999834984579,2.67899240503319e-08,1.78537267428344e-11,3.53685447483198e-06,-15.4560442241803,-40.356565293849,9.02130875846893e-07,-65.0994789303314,-4.02768575979657e-06
1,0.188761881840998,-0.0380821625593598,1.22883076898429,0.992514248526286,0.00935210355828796,0.121764889520829,-0.00114730611316763,-12.6339083710227,-4.27467952153068,-55.0534384824523,-7.5627069646365,-25.8121071537015,20.1372875033844,0,0.679269404222601,-0.00869190228531162,1.32587997349211,0.000575026889343979,0.999999834984579,2.67899240503319e-08,1.78537267428344e-11,3.53685447483198e-06,-15.4560442241803,-40.356565293849,9.02130875846893e-07,-65.0994789303314,-4.02768575979657e-06
1,0.188761871047491,-0.0380821186313332,1.24373096764421,0.992514256781686,0.00935202676064835,0.121764830080082,-0.00114709900838282,-12.6338846386218,-8.04530425677194,-54.1146146999547,-6.48566338764332,-30.4864515840885,18.9167779835649,0,0.679269404222601,-0.00869190228531162,1.32587997349211,0.000575026889343979,0.999999834984579,2.67899240503319e-08,1.78537267428344e-11,3.53685447483198e-06,-15.4560442241803,-40.356565293849,9.02130875846893e-07,-65.0994789303314,-4.02768575979657e-06
1,0.200067567822007,-1.16930769798395e-11,1.32469997349211,0.999999999999999,-2.67944733606881e-08,-2.44953707558153e-12,2.67899298791509e-08,3.53685447483198e-06,-15.4560442241803,-40.356565293849,9.02130875846893e-07,-65.0994789303314,-4.02768575979657e-06,1,0.679269404222601,-0.00869190228531162,1.32587997349211,0.000575026889343979,0.999999834984579,2.67899240503319e-08,1.78537267428344e-11,3.53685447483198e-06,-15.4560442241803,-40.356565293849,9.02130875846893e-07,-65.0994789303314,-4.02768575979657e-06
1,0.396868012895465,-0.0551528498630077,1.26146695712989,0.999956520428648,0.00932508725056855,7.86627598629706e-14,2.83717263319406e-10,-7.91173481330266,33.8209407203483,2.67943320687036,-5.50201373030644e-06,-58.8584929607435,8.98033198302258,0,0.679269404222601,-0.00869190228531162,1.32587997349211,0.000575026889343979,0.999999834984579,2.67899240503319e-08,1.78537267428344e-11,3.53685447483198e-06,-15.4560442241803,-40.356565293849,9.02130875846893e-07,-65.0994789303314,-4.02768575979657e-06
1,0.401697899827204,-0.0501655337406208,1.25655836595838,0.999955717055174,0.00941084101831717,9.58210476839732e-15,3.9864798138739e-11,-7.11845555128329,35.1443638699852,3.66463030434418,-5.63010399376747e-06,-58.5202668712408,8.19687986464621,0,0.679269404222601,-0.00869190228531162,1.32587997349211,0.000575026889343979,0.999999834984579,2.67899240503319e-08,1.78537267428344e-11,3.53685447483198e-06,-15.4560442241803,-40.356565293849,9.02130875846893e-07,-65.0994789303314,-4.02768575979657e-06
1,0.401792806228237,-0.0500675447472986,1.25155966692645,0.999955603534949,0.00942289547093282,1.45447117025966e-15,5.59175695912457e-12,-7.10303216950598,35.6964171320506,3.41717409122764,-5.712426183321e-06,-57.7207573958385,8.18283797616779,0,0.679269404222601,-0.00869190228531162,1.32587997349211,0.000575026889343979,0.999999834984579,2.67899240503319e-08,1.78537267428344e-11,3.53685447483198e-06,-15.4560442241803,-40.356565293849,9.02130875846893e-07,-65.0994789303314,-4.02768575979657e-06
1,0.428851152129678,-0.0495575392384245,1.25015333000518,0.99251424176116,0.00935276693449525,-0.121764892482653,0.00114743654608443,-6.29528220939775,44.9938820620929,17.9599262159285,1.82602768007823,-76.8498227313169,6.74310955129228,0,0.679269404222601,-0.00869190228531162,1.32587997349211,0.000575026889343979,0.999999834984579,2.67899240503319e-08,1.78537267428344e-11,3.53685447483198e-06,-15.4560442241803,-40.356565293849,9.02130875846893e-07,-65.0994789303314,-4.02768575979657e-06
1,0.428851143357107,-0.0495575389295241,1.26505352164866,0.992514241813605,0.00935276721118361,-0.121764892068528,0.00114743287312314,-6.29528237092719,43.6194176519806,18.8446727795795,1.81075988192496,-79.1078963295333,6.81640091681201,0,0.679269404222601,-0.00869190228531162,1.32587997349211,0.000575026889343979,0.999999834984579,2.67899240503319e-08,1.78537267428344e-11,3.53685447483198e-06,-15.4560442241803,-40.356565293849,9.02130875846893e-07,-65.0994789303314,-4.02768575979657e-06
1,0.200067567822007,-1.16930769798395e-11,1.32469997349211,0.999999999999999,-2.67944733606881e-08,-2.44953707558153e-12,2.67899298791509e-08,3.53685447483198e-06,-15.4560442241803,-40.356565293849,9.02130875846893e-07,-65.0994789303314,-4.02768575979657e-06,1,0.679269404222601,-0.00869190228531162,1.32587997349211,0.000575026889343979,0.999999834984579,2.67899240503319e-08,1.78537267428344e-11,3.53685447483198e-06,-15.4560442241803,-40.356565293849,9.02130875846893e-07,-65.0994789303314,-4.02768575979657e-06
1,0.200067567822007,-1.16930769798395e-11,1.32469997349211,0.999999999999999,-2.67944733606881e-08,-2.44953707558153e-12,2.67899298791509e-08,3.53685447483198e-06,-15.4560442241803,-40.356565293849,9.02130875846893e-07,-65.0994789303314,-4.02768575979657e-06,1,0.679269404222601,-0.00869190228531162,1.32587997349211,0.000575026889343979,0.999999834984579,2.67899240503319e-08,1.78537267428344e-11,3.53685447483198e-06,-15.4560442241803,-40.356565293849,9.02130875846893e-07,-65.0994789303314,-4.02768575979657e-06
0,0.200067567822007,-1.16930769798395e-11,1.32469997349211,0.999999999999999,-2.67944733606881e-08,-2.44953707558153e-12,2.67899298791509e-08,3.53685447483198e-06,-15.4560442241803,-40.356565293849,9.02130875846893e-07,-65.0994789303314,-4.02768575979657e-06,1,0.606169717735139,-0.0252074300924646,1.23786867929667,-0.00932492267678298,0.999956522275961,2.68075118506652e-10,2.03441683688966e-13,3.47766606055196,13.7253956094358,-32.3551330757596,-5.42810600827e-06,-43.919471190553,-2.34319609407573
0,0.200067567822007,-1.16930769798395e-11,1.32469997349211,0.999999999999999,-2.67944733606881e-08,-2.44953707558153e-12,2.67899298791509e-08,3.53685447483198e-06,-15.4560442241803,-40.356565293849,9.02130875846893e-07,-65.0994789303314,-4.02768575979657e-06,1,0.601353655681821,-0.0302028228391967,1.23511489867167,-0.00941085300253681,0.999955717254984,3.75741442960229e-11,2.98533809558381e-14,4.44359900000345,15.1426048884208,-31.2497883073635,-5.60027579185631e-06,-43.6076066275166,-3.29928158527065
0,0.200067567822007,-1.16930769798395e-11,1.32469997349211,0.999999999999999,-2.67944733606881e-08,-2.44953707558153e-12,2.67899298791509e-08,3.53685447483198e-06,-15.4560442241803,-40.356565293849,9.02130875846893e-07,-65.0994789303314,-4.02768575979657e-06,1,0.601260984011208,-0.0302989325492544,1.23235982348587,-0.00942223568808315,0.999955610064668,7.04630706351926e-12,5.25838619882738e-15,4.46183272698133,15.6374413321128,-31.3444743251178,-5.7042461818476e-06,-43.0180841649278,-3.31621078622711
0,0.200067567822007,-1.16930769798395e-11,1.32469997349211,0.999999999999999,-2.67944733606881e-08,-2.44953707558153e-12,2.67899298791509e-08,3.53685447483198e-06,-15.4560442241803,-40.356565293849,9.02130875846893e-07,-65.0994789303314,-4.02768575979657e-06,1,0.630021537227704,-0.029756879766935,1.22883075823972,-0.00935212293326365,0.99251424824008,-0.00114736147477004,-0.121764892411073,5.11911450350093,8.18327836899249,-42.3773005410223,2.22984492434661,-25.5000261401779,-5.86883232790993
0,0.200067567822007,-1.16930769798395e-11,1.32469997349211,0.999999999999999,-2.67944733606881e-08,-2.44953707558153e-12,2.67899298791509e-08,3.53685447483198e-06,-15.4560442241803,-40.356565293849,9.02130875846893e-07,-65.0994789303314,-4.02768575979657e-06,1,0.630021552527734,-0.0297568704392355,1.24373095184671,-0.00935213799483918,0.992514248533557,-0.00114740346617179,-0.121764888466437,5.11911103141938,5.15591749603313,-41.6439683238714,1.9640330361058,-29.258212622752,-5.56964840843074
1,0.200067567822007,-1.16930769798395e-11,1.32469997349211,0.999999999999999,-2.67944733606881e-08,-2.44953707558153e-12,2.67899298791509e-08,3.53685447483198e-06,-15.4560442241803,-40.356565293849,9.02130875846893e-07,-65.0994789303314,-4.02768575979657e-06,1,0.679269404222601,-0.00869190228531162,1.32587997349211,0.000575026889343979,0.999999834984579,2.67899240503319e-08,1.78537267428344e-11,3.53685447483198e-06,-15.4560442241803,-40.356565293849,9.02130875846893e-07,-65.0994789303314,-4.02768575979657e-06
0,0.200067567822007,-1.16930769798395e-11,1.32469997349211,0.999999999999999,-2.67944733606881e-08,-2.44953707558153e-12,2.67899298791509e-08,3.53685447483198e-06,-15.4560442241803,-40.356565293849,9.02130875846893e-07,-65.0994789303314,-4.02768575979657e-06,1,0.422522137414835,-0.0446708669150809,1.27106534819075,-0.00932492267753528,0.999956522275954,2.67728392937314e-10,2.3259747666801e-13,4.54055994499329,45.1155654770694,22.8099027450121,-5.63073882688573e-06,-67.6943370873728,-3.40609256726893
0,0.200067567822007,-1.16930769798395e-11,1.32469997349211,0.999999999999999,-2.67944733606881e-08,-2.44953707558153e-12,2.67899298791509e-08,3.53685447483198e-06,-15.4560442241803,-40.356565293849,9.02130875846893e-07,-65.0994789303314,-4.02768575979657e-06,1,0.417688284657949,-0.0496681336404412,1.26615784095644,-0.00941085300264479,0.999955717254983,3.75208541506948e-11,3.39487237884153e-14,5.10987663979399,46.7326541039674,24.503124526787,-5.71914531451622e-06,-67.7704702105366,-3.9655619757911
0,0.200067567822007,-1.16930769798395e-11,1.32469997349211,0.999999999999999,-2.67944733606881e-08,-2.44953707558153e-12,2.67899298791509e-08,3.53685447483198e-06,-15.4560442241803,-40.356565293849,9.02130875846893e-07,-65.0994789303314,-4.02768575979657e-06,1,0.417593781698149,-0.0497658191857635,1.26115965657182,-0.0094228971532162,0.999955603831692,5.26168491713917e-12,4.64911072307149e-15,5.12087714711646,47.1732941996541,24.2027938729379,-5.77148678168528e-06,-67.029499460193,-3.97518219247317
0,0.200067567822007,-1.16930769798395e-11,1.32469997349211,0.999999999999999,-2.67944733606881e-08,-2.44953707558153e-12,2.67899298791509e-08,3.53685447483198e-06,-15.4560442241803,-40.356565293849,9.02130875846893e-07,-65.0994789303314,-4.02768575979657e-06,1,0.390535435867819,-0.0502758225811192,1.25975331965228,-0.00935277890179433,0.992514241997307,0.00114742634544324,0.12176489230181,4.77312965595684,59.3011050242666,44.6377853001773,-0.876374171582598,-89.2983991445694,-3.50940364723689
0,0.200067567822007,-1.16930769798395e-11,1.32469997349211,0.999999999999999,-2.67944733606881e-08,-2.44953707558153e-12,2.67899298791509e-08,3.53685447483198e-06,-15.4560442241803,-40.356565293849,9.02130875846893e-07,-65.0994789303314,-4.02768575979657e-06,1,0.390535444446914,-0.0502758221713111,1.27465351098452,-0.00935277911128244,0.992514242007819,0.00114742799794579,0.121764892184467,4.773129684838,58.3967405761802,46.0192428094852,-0.876643239518867,-91.5839537054496,-3.54436941228475
1,0.200067567822007,-1.16930769798395e-11,1.32469997349211,0.999999999999999,-2.67944733606881e-08,-2.44953707558153e-12,2.67899298791509e-08,3.53685447483198e-06,-15.4560442241803,-40.356565293849,9.02130875846893e-07,-65.0994789303314,-4.02768575979657e-06,1,0.679269404222601,-0.00869190228531162,1.32587997349211,0.000575026889343979,0.999999834984579,2.67899240503319e-08,1.78537267428344e-11,3.53685447483198e-06,-15.4560442241803,-40.356565293849,9.02130875846893e-07,-65.0994789303314,-4.02768575979657e-06
1,0.200067567822007,-1.16930769798395e-11,1.32469997349211,0.999999999999999,-2.67944733606881e-08,-2.44953707558153e-12,2.67899298791509e-08,3.53685447483198e-06,-15.4560442241803,-40.356565293849,9.02130875846893e-07,-65.0994789303314,-4.02768575979657e-06,1,0.679269404222601,-0.00869190228531162,1.32587997349211,0.000575026889343979,0.999999834984579,2.67899240503319e-08,1.78537267428344e-11,3.53685447483198e-06,-15.4560442241803,-40.356565293849,9.02130875846893e-07,-65.0994789303314,-4.02768575979657e-06
1,0.211714893901628,0.00536089392340957,1.23786962263106,0.999956520428653,0.00932508725008731,-3.34034543561846e-14,2.83929826678822e-10,1.45049503570354,1.27402101578414,-46.5005464040941,-4.6210546916338e-06,-42.2254325598996,-0.381896770681735,0,0.679269404222601,-0.00869190228531162,1.32587997349211,0.000575026889343979,0.999999834984579,2.67899240503319e-08,1.78537267428344e-11,3.53685447483198e-06,-15.4560442241803,-40.356565293849,9.02130875846893e-07,-65.0994789303314,-4.02768575979657e-06
1,0.216525144837526,0.0103552747627594,1.23511491524764,0.999955716725323,0.00941087606686064,-6.42568566282518e-15,3.98025302988163e-11,2.73807575700221,2.92446469670644,-45.5441682028296,-4.85757165153919e-06,-41.5313670114314,-1.65964617513917,0,0.679269404222601,-0.00869190228531162,1.32587997349211,0.000575026889343979,0.999999834984579,2.67899240503319e-08,1.78537267428344e-11,3.53685447483198e-06,-15.4560442241803,-40.356565293849,9.02130875846893e-07,-65.0994789303314,-4.02768575979657e-06
1,0.216617704892961,0.0104513623703657,1.23235982426412,0.999955609711371,0.00942224000757383,-9.11206845591333e-16,7.46699488321771e-12,2.7622644197727,3.53721275241017,-45.6678089531977,-4.98530030152116e-06,-40.7949782039912,-1.68253243254913,0,0.679269404222601,-0.00869190228531162,1.32587997349211,0.000575026889343979,0.999999834984579,2.67899240503319e-08,1.78537267428344e-11,3.53685447483198e-06,-15.4560442241803,-40.356565293849,9.02130875846893e-07,-65.0994789303314,-4.02768575979657e-06
1,0.18785715161911,0.00990931085516663,1.22883075898038,0.992514247870991,0.00935212461987637,0.121764892776235,-0.00114735581537695,3.21722080821454,-5.46761824969273,-56.1114876478924,1.20519937847944,-25.3818256524348,-3.16305166741446,0,0.679269404222601,-0.00869190228531162,1.32587997349211,0.000575026889343979,0.999999834984579,2.67899240503319e-08,1.78537267428344e-11,3.53685447483198e-06,-15.4560442241803,-40.356565293849,9.02130875846893e-07,-65.0994789303314,-4.02768575979657e-06
1,0.187857130378788,0.00990930273579871,1.24373095442283,0.992514247950032,0.00935213776797371,0.121764890777937,-0.00114739234255468,3.2172167254264,-9.31570560954693,-55.1503292675033,1.02728302386473,-30.1901655121822,-2.96212170912532,0,0.679269404222601,-0.00869190228531162,1.32587997349211,0.000575026889343979,0.999999834984579,2.67899240503319e-08,1.78537267428344e-11,3.53685447483198e-06,-15.4560442241803,-40.356565293849,9.02130875846893e-07,-65.0994789303314,-4.02768575979657e-06
1,0.200067567822007,-1.16930769798395e-11,1.32469997349211,0.999999999999999,-2.67944733606881e-08,-2.44953707558153e-12,2.67899298791509e-08,3.53685447483198e-06,-15.4560442241803,-40.356565293849,9.02130875846893e-07,-65.0994789303314,-4.02768575979657e-06,1,0.679269404222601,-0.00869190228531162,1.32587997349211,0.000575026889343979,0.999999834984579,2.67899240503319e-08,1.78537267428344e-11,3.53685447483198e-06,-15.4560442241803,-40.356565293849,9.02130875846893e-07,-65.0994789303314,-4.02768575979657e-06
1,0.396868015212342,-0.0551528500339473,1.28066483294706,0.999956520428647,0.00932508725063577,8.25365760063684e-14,2.8366956898357e-10,-7.91173479741442,31.9164241122586,3.97610750310439,-5.23344950407232e-06,-62.0596838650675,8.98033162928572,0,0.679269404222601,-0.00869190228531162,1.32587997349211,0.000575026889343979,0.999999834984579,2.67899240503319e-08,1.78537267428344e-11,3.53685447483198e-06,-15.4560442241803,-40.356565293849,9.02130875846893e-07,-65.0994789303314,-4.02768575979657e-06
1,0.401697900089179,-0.0501655337725181,1.27575832437164,0.999955717055174,0.00941084101832607,9.70743877185464e-15,3.98582636653317e-11,-7.11845555710005,33.2120227822903,4.89191501120934,-5.3570031675024e-06,-61.679892665801,8.1968795299586,0,0.679269404222601,-0.00869190228531162,1.32587997349211,0.000575026889343979,0.999999834984579,2.67899240503319e-08,1.78537267428344e-11,3.53685447483198e-06,-15.4560442241803,-40.356565293849,9.02130875846893e-07,-65.0994789303314,-4.02768575979657e-06
1,0.401792806176121,-0.0500675447407821,1.27075966620211,0.999955603534949,0.00942289547093431,8.27746349977303e-16,5.5904471195347e-12,-7.10303217485592,33.7117074247811,4.57032602610649,-5.42941851894838e-06,-60.8586190379869,8.18283763531485,0,0.679269404222601,-0.00869190228531162,1.32587997349211,0.000575026889343979,0.999999834984579,2.67899240503319e-08,1.78537267428344e-11,3.53685447483198e-06,-15.4560442241803,-40.356565293849,9.02130875846893e-07,-65.0994789303314,-4.02768575979657e-06
1,0.428851152068954,-0.049557539365839,1.26935332927945,0.992514241767413,0.00935276696297384,-0.121764892435217,0.00114743593841289,-6.29528225237184,43.2453044965077,19.1348044459319,1.80685150493061,-79.7718101875298,6.83772825464784,0,0.679269404222601,-0.00869190228531162,1.32587997349211,0.000575026889343979,0.999999834984579,2.67899240503319e-08,1.78537267428344e-11,3.53685447483198e-06,-15.4560442241803,-40.356565293849,9.02130875846893e-07,-65.0994789303314,-4.02768575979657e-06
1,0.42885114303101,-0.0495575390495425,1.28425352110804,0.992514241823374,0.00935276708860156,-0.121764892005126,0.00114743215065651,-6.29528242301864,42.0296106814792,20.262954128421,1.79510769131661,-82.1144962079416,6.91231529683014,0,0.679269404222601,-0.00869190228531162,1.32587997349211,0.000575026889343979,0.999999834984579,2.67899240503319e-08,1.78537267428344e-11,3.53685447483198e-06,-15.4560442241803,-40.356565293849,9.02130875846893e-07,-65.0994789303314,-4.02768575979657e-06
1,0.200067567822007,-1.16930769798395e-11,1.32469997349211,0.999999999999999,-2.67944733606881e-08,-2.44953707558153e-12,2.67899298791509e-08,3.53685447483198e-06,-15.4560442241803,-40.356565293849,9.02130875846893e-07,-65.0994789303314,-4.02768575979657e-06,1,0.679269404222601,-0.00869190228531162,1.32587997349211,0.000575026889343979,0.999999834984579,2.67899240503319e-08,1.78537267428344e-11,3.53685447483198e-06,-15.4560442241803,-40.356565293849,9.02130875846893e-07,-65.0994789303314,-4.02768575979657e-06