1,0.209058089661636,0.0861778582197575,1.24070000013667,0.999961425298995,0.00878338852622587,2.35103298689895e-10,2.67932488860211e-08,22.4024233464729,3.72259660685873,-43.1372663097329,-2.90833458451181e-07,-43.1401370831278,-21.3959049434733,0,0.678846030491543,-0.00971147010442357,1.32469997349211,0.00152356356174598,0.999998839958504,2.67898950710059e-08,4.32649480650038e-11,3.53685447483198e-06,-15.4560442241803,-40.356565293849,9.02130875846893e-07,-65.0994789303314,-4.02768575979657e-06
1,0.213969487908148,0.0912649170859366,1.2379000001344,0.999961425298994,0.0087833885262441,2.35102194874086e-10,2.67932675050412e-08,23.0998209048378,5.61105134889193,-41.8274309713563,-4.43133806304323e-07,-42.5615176794712,-22.0933023958951,0,0.678846030491543,-0.00971147010442357,1.32469997349211,0.00152356356174598,0.999998839958504,2.67898950710059e-08,4.32649480650038e-11,3.53685447483198e-06,-15.4560442241803,-40.356565293849,9.02130875846893e-07,-65.0994789303314,-4.02768575979657e-06
1,0.213969487901353,0.0912649171090619,1.23510000013244,0.999961425298994,0.00878338852626637,2.35109950788714e-10,2.67932862268097e-08,23.0998209045399,6.17034269123388,-41.9746785859349,-4.93878321373539e-07,-41.8549787225507,-22.0933023572032,0,0.678846030491543,-0.00971147010442357,1.32469997349211,0.00152356356174598,0.999998839958504,2.67898950710059e-08,4.32649480650038e-11,3.53685447483198e-06,-15.4560442241803,-40.356565293849,9.02130875846893e-07,-65.0994789303314,-4.02768575979657e-06
1,0.180898113430724,0.0906838897089246,1.2304514037747,0.990229869446968,0.00869790919178742,0.139167732865017,-0.00122235835282654,29.2878991671357,-2.39166952704636,-53.0325327074181,17.1984531381827,-26.2112623175034,-42.8669249741287,0,0.678846030491543,-0.00971147010442357,1.32469997349211,0.00152356356174598,0.999998839958504,2.67898950710059e-08,4.32649480650038e-11,3.53685447483198e-06,-15.4560442241803,-40.356565293849,9.02130875846893e-07,-65.0994789303314,-4.02768575979657e-06
1,0.180898120705199,0.0906838891559293,1.24545140391518,0.990229869479762,0.00869790546160505,0.139167733097855,-0.00122233182014873,29.2878990268769,-6.02458460491988,-52.109164889482,14.8696784482275,-30.591376716494,-40.2215379605948,0,0.678846030491543,-0.00971147010442357,1.32469997349211,0.00152356356174598,0.999998839958504,2.67898950710059e-08,4.32649480650038e-11,3.53685447483198e-06,-15.4560442241803,-40.356565293849,9.02130875846893e-07,-65.0994789303314,-4.02768575979657e-06
1,0.200067567822007,-1.16930769798395e-11,1.32469997349211,0.999999999999999,-2.67944733606881e-08,-2.44953707558153e-12,2.67899298791509e-08,3.53685447483198e-06,-15.4560442241803,-40.356565293849,9.02130875846893e-07,-65.0994789303314,-4.02768575979657e-06,1,0.678846030491543,-0.00971147010442357,1.32469997349211,0.00152356356174598,0.999998839958504,2.67898950710059e-08,4.32649480650038e-11,3.53685447483198e-06,-15.4560442241803,-40.356565293849,9.02130875846893e-07,-65.0994789303314,-4.02768575979657e-06
1,0.4018365025645,0.0435576427049988,1.31230000022307,0.999961425299,0.00878338852563254,2.35199006493435e-10,2.679234564899e-08,6.18650559943902,29.9881106600334,7.82827013684801,-1.65666557733842e-06,-67.8401594765341,-5.17998718841108,0,0.678846030491543,-0.00971147010442357,1.32469997349211,0.00152356356174598,0.999998839958504,2.67898950710059e-08,4.32649480650038e-11,3.53685447483198e-06,-15.4560442241803,-40.356565293849,9.02130875846893e-07,-65.0994789303314,-4.02768575979657e-06
1,0.406923561377296,0.0386462447103962,1.30730000021674,0.999961425299,0.00878338852563901,2.35220531762849e-10,2.67923594206276e-08,5.42521077632524,31.3286117005798,8.77169361388368,-1.72830639005066e-06,-67.4430819130234,-4.41869236382723,0,0.678846030491543,-0.00971147010442357,1.32469997349211,0.00152356356174598,0.999998839958504,2.67898950710059e-08,4.32649480650038e-11,3.53685447483198e-06,-15.4560442241803,-40.356565293849,9.02130875846893e-07,-65.0994789303314,-4.02768575979657e-06
1,0.406923561386523,0.0386462446849143,1.30230000020861,0.999961425299,0.00878338852565331,2.35223358721788e-10,2.67923930553661e-08,5.42521077623458,31.7136420423315,8.29852628467625,-1.75848595680904e-06,-66.5848842420642,-4.41869233869786,0,0.678846030491543,-0.00971147010442357,1.32469997349211,0.00152356356174598,0.999998839958504,2.67898950710059e-08,4.32649480650038e-11,3.53685447483198e-06,-15.4560442241803,-40.356565293849,9.02130875846893e-07,-65.0994789303314,-4.02768575979657e-06
1,0.437678902756678,0.0391865715119082,1.30016938922087,0.990229869446892,0.00869790918975754,-0.139167731933486,0.00122246448080982,4.93875423796723,43.3556972709606,25.5766056826933,-1.08362772159925,-88.1854881122605,-3.74604353385617,0,0.678846030491543,-0.00971147010442357,1.32469997349211,0.00152356356174598,0.999998839958504,2.67898950710059e-08,4.32649480650038e-11,3.53685447483198e-06,-15.4560442241803,-40.356565293849,9.02130875846893e-07,-65.0994789303314,-4.02768575979657e-06
1,0.437678900882834,0.0391865639255436,1.31516938949776,0.990229869414138,0.00869791291597416,-0.139167731700607,0.00122249101181146,4.93875376881717,42.4657038099143,27.173346111706,-1.08315551953587,-90.6717778113794,-3.79305997231247,0,0.678846030491543,-0.00971147010442357,1.32469997349211,0.00152356356174598,0.999998839958504,2.67898950710059e-08,4.32649480650038e-11,3.53685447483198e-06,-15.4560442241803,-40.356565293849,9.02130875846893e-07,-65.0994789303314,-4.02768575979657e-06
1,0.200067567822007,-1.16930769798395e-11,1.32469997349211,0.999999999999999,-2.67944733606881e-08,-2.44953707558153e-12,2.67899298791509e-08,3.53685447483198e-06,-15.4560442241803,-40.356565293849,9.02130875846893e-07,-65.0994789303314,-4.02768575979657e-06,1,0.678846030491543,-0.00971147010442357,1.32469997349211,0.00152356356174598,0.999998839958504,2.67898950710059e-08,4.32649480650038e-11,3.53685447483198e-06,-15.4560442241803,-40.356565293849,9.02130875846893e-07,-65.0994789303314,-4.02768575979657e-06
1,0.200067567822007,-1.16930769798395e-11,1.32469997349211,0.999999999999999,-2.67944733606881e-08,-2.44953707558153e-12,2.67899298791509e-08,3.53685447483198e-06,-15.4560442241803,-40.356565293849,9.02130875846893e-07,-65.0994789303314,-4.02768575979657e-06,1,0.678846030491543,-0.00971147010442357,1.32469997349211,0.00152356356174598,0.999998839958504,2.67898950710059e-08,4.32649480650038e-11,3.53685447483198e-06,-15.4560442241803,-40.356565293849,9.02130875846893e-07,-65.0994789303314,-4.02768575979657e-06
0,0.200067567822007,-1.16930769798395e-11,1.32469997349211,0.999999999999999,-2.67944733606881e-08,-2.44953707558153e-12,2.67899298791509e-08,3.53685447483198e-06,-15.4560442241803,-40.356565293849,9.02130875846893e-07,-65.0994789303314,-4.02768575979657e-06,1,0.547535761498794,-0.0518976876329314,1.24070000013494,0.999961425881068,0.0087833885413957,2.35446781685807e-10,2.67946952484749e-08,7.32590164182993,23.9816505732209,-17.1485355942997,-1.65624094613498e-06,-48.869813832199,173.855201900419
0,0.200067567822007,-1.16930769798395e-11,1.32469997349211,0.999999999999999,-2.67944733606881e-08,-2.44953707558153e-12,2.67899298791509e-08,3.53685447483198e-06,-15.4560442241803,-40.356565293849,9.02130875846893e-07,-65.0994789303314,-4.02768575979657e-06,1,0.552447156781196,-0.0468106286897921,1.23790000013285,0.999961425881068,0.00878338854142327,2.35432537464344e-10,2.67946655407256e-08,6.55215198163148,23.4050762175449,-18.6982236264178,-1.6432808985623e-06,-47.8967001557568,174.628951585378
0,0.200067567822007,-1.16930769798395e-11,1.32469997349211,0.999999999999999,-2.67944733606881e-08,-2.44953707558153e-12,2.67899298791509e-08,3.53685447483198e-06,-15.4560442241803,-40.356565293849,9.02130875846893e-07,-65.0994789303314,-4.02768575979657e-06,1,0.552447155135186,-0.0468106290129454,1.23510000013088,0.999961425881068,0.00878338854143849,2.35430816353449e-10,2.67946490228969e-08,6.55215200421905,23.8121447239822,-18.8172480447288,-1.68426588723077e-06,-47.3706072310085,174.628951592961
0,0.200067567822007,-1.16930769798395e-11,1.32469997349211,0.999999999999999,-2.67944733606881e-08,-2.44953707558153e-12,2.67899298791509e-08,3.53685447483198e-06,-15.4560442241803,-40.356565293849,9.02130875846893e-07,-65.0994789303314,-4.02768575979657e-06,1,0.519375773768784,-0.0473916320378794,1.2304514037703,0.990229870023307,0.00869790920560485,0.139167732946627,-0.00122235835209301,5.80759071791867,34.1353859465369,-4.69342181534837,-1.38269243807299,-67.127691240437,176.089513162111
0,0.200067567822007,-1.16930769798395e-11,1.32469997349211,0.999999999999999,-2.67944733606881e-08,-2.44953707558153e-12,2.67899298791509e-08,3.53685447483198e-06,-15.4560442241803,-40.356565293849,9.02130875846893e-07,-65.0994789303314,-4.02768575979657e-06,1,0.519375774639341,-0.0473916105430011,1.24545140390844,0.990229870056066,0.00869790547412587,0.139167733179807,-0.00122233181773066,5.80758693834334,32.2563105568758,-4.09490899125938,-1.35918108354757,-69.6045703887507,176.025754135599
1,0.200067567822007,-1.16930769798395e-11,1.32469997349211,0.999999999999999,-2.67944733606881e-08,-2.44953707558153e-12,2.67899298791509e-08,3.53685447483198e-06,-15.4560442241803,-40.356565293849,9.02130875846893e-07,-65.0994789303314,-4.02768575979657e-06,1,0.678846030491543,-0.00971147010442357,1.32469997349211,0.00152356356174598,0.999998839958504,2.67898950710059e-08,4.32649480650038e-11,3.53685447483198e-06,-15.4560442241803,-40.356565293849,9.02130875846893e-07,-65.0994789303314,-4.02768575979657e-06
0,0.200067567822007,-1.16930769798395e-11,1.32469997349211,0.999999999999999,-2.67944733606881e-08,-2.44953707558153e-12,2.67899298791509e-08,3.53685447483198e-06,-15.4560442241803,-40.356565293849,9.02130875846893e-07,-65.0994789303314,-4.02768575979657e-06,1,0.401836504891632,0.0435576698577193,1.32190000039422,0.999961425881073,0.00878338854082956,2.35105641469816e-10,2.67958674027397e-08,-6.26883111950356,47.5900377713693,37.497355706756,-2.30234189392705e-06,-79.9073179351062,-172.550066758871
0,0.200067567822007,-1.16930769798395e-11,1.32469997349211,0.999999999999999,-2.67944733606881e-08,-2.44953707558153e-12,2.67899298791509e-08,3.53685447483198e-06,-15.4560442241803,-40.356565293849,9.02130875846893e-07,-65.0994789303314,-4.02768575979657e-06,1,0.406923561544575,0.0386462724054885,1.31690000033605,0.999961425881073,0.00878338854084511,2.35132814538396e-10,2.6795790441017e-08,-5.74847798156735,46.2242681510624,34.2331490044178,-2.26615133649542e-06,-78.0088808530749,-173.070419776007
0,0.200067567822007,-1.16930769798395e-11,1.32469997349211,0.999999999999999,-2.67944733606881e-08,-2.44953707558153e-12,2.67899298791509e-08,3.53685447483198e-06,-15.4560442241803,-40.356565293849,9.02130875846893e-07,-65.0994789303314,-4.02768575979657e-06,1,0.406923561545373,0.0386462725068667,1.31190000031227,0.999961425881073,0.00878338854085293,2.35136943076916e-10,2.67957551310338e-08,-5.74847798144947,46.4505786097818,33.6079266234808,-2.28216288526743e-06,-77.1573480134185,-173.070419748447
0,0.200067567822007,-1.16930769798395e-11,1.32469997349211,0.999999999999999,-2.67944733606881e-08,-2.44953707558153e-12,2.67899298791509e-08,3.53685447483198e-06,-15.4560442241803,-40.356565293849,9.02130875846893e-07,-65.0994789303314,-4.02768575979657e-06,1,0.437678903870354,0.0391866279475645,1.30976938931379,0.99022987002328,0.00869790920528543,-0.139167732014552,0.00122246448949261,-6.57292370701486,34.7057735697994,13.8220839452901,-2.65906345893052,-53.2848017048229,-170.952483405573
0,0.200067567822007,-1.16930769798395e-11,1.32469997349211,0.999999999999999,-2.67944733606881e-08,-2.44953707558153e-12,2.67899298791509e-08,3.53685447483198e-06,-15.4560442241803,-40.356565293849,9.02130875846893e-07,-65.0994789303314,-4.02768575979657e-06,1,0.437678908695348,0.0391866486246765,1.32476938957082,0.990229869990517,0.00869791293241156,-0.139167731781645,0.00122249102393359,-6.57292708985663,33.7129376152072,15.3968086538311,-2.57562902799491,-55.8496860637825,-171.09636474563
1,0.200067567822007,-1.16930769798395e-11,1.32469997349211,0.999999999999999,-2.67944733606881e-08,-2.44953707558153e-12,2.67899298791509e-08,3.53685447483198e-06,-15.4560442241803,-40.356565293849,9.02130875846893e-07,-65.0994789303314,-4.02768575979657e-06,1,0.678846030491543,-0.00971147010442357,1.32469997349211,0.00152356356174598,0.999998839958504,2.67898950710059e-08,4.32649480650038e-11,3.53685447483198e-06,-15.4560442241803,-40.356565293849,9.02130875846893e-07,-65.0994789303314,-4.02768575979657e-06
1,0.200067567822007,-1.16930769798395e-11,1.32469997349211,0.999999999999999,-2.67944733606881e-08,-2.44953707558153e-12,2.67899298791509e-08,3.53685447483198e-06,-15.4560442241803,-40.356565293849,9.02130875846893e-07,-65.0994789303314,-4.02768575979657e-06,1,0.678846030491543,-0.00971147010442357,1.32469997349211,0.00152356356174598,0.999998839958504,2.67898950710059e-08,4.32649480650038e-11,3.53685447483198e-06,-15.4560442241803,-40.356565293849,9.02130875846893e-07,-65.0994789303314,-4.02768575979657e-06
1,0.211447071960175,-0.0498011577875079,1.2407000001371,0.999961425298995,0.00878338852622941,2.35506576004054e-10,2.67932233699405e-08,-13.2530729743881,1.8488021539865,-45.1243214483957,-1.44464472668531e-07,-43.0268763973372,14.2595912756603,0,0.678846030491543,-0.00971147010442357,1.32469997349211,0.00152356356174598,0.999998839958504,2.67898950710059e-08,4.32649480650038e-11,3.53685447483198e-06,-15.4560442241803,-40.356565293849,9.02130875846893e-07,-65.0994789303314,-4.02768575979657e-06
1,0.216358466135846,-0.0447140989562876,1.23790000013492,0.999961425298994,0.00878338852625135,2.35484729970756e-10,2.67932390525733e-08,-11.6767388607386,3.20976263853824,-44.4608819381709,-2.54580918821024e-07,-42.3293554230103,12.6832572413945,0,0.678846030491543,-0.00971147010442357,1.32469997349211,0.00152356356174598,0.999998839958504,2.67898950710059e-08,4.32649480650038e-11,3.53685447483198e-06,-15.4560442241803,-40.356565293849,9.02130875846893e-07,-65.0994789303314,-4.02768575979657e-06
1,0.216358467356776,-0.0447140989292503,1.23510000013295,0.999961425298994,0.00878338852627475,2.35480266041357e-10,2.67932596458358e-08,-11.6767387969476,3.79380514801599,-44.6139818061778,-3.05307053843273e-07,-41.5922130455256,12.683257215822,0,0.678846030491543,-0.00971147010442357,1.32469997349211,0.00152356356174598,0.999998839958504,2.67898950710059e-08,4.32649480650038e-11,3.53685447483198e-06,-15.4560442241803,-40.356565293849,9.02130875846893e-07,-65.0994789303314,-4.02768575979657e-06
1,0.183287090291067,-0.0452951288615211,1.23045140377615,0.990229869446879,0.0086979091918507,0.13916773286565,-0.00122235835286579,-15.6030153031346,-5.98546959226728,-56.2784755402053,-10.8545451415666,-24.733184352779,25.8790384886167,0,0.678846030491543,-0.00971147010442357,1.32469997349211,0.00152356356174598,0.999998839958504,2.67898950710059e-08,4.32649480650038e-11,3.53685447483198e-06,-15.4560442241803,-40.356565293849,9.02130875846893e-07,-65.0994789303314,-4.02768575979657e-06
1,0.183287090912147,-0.0452951336438396,1.24545140391773,0.990229869479624,0.00869790546171163,0.139167733098833,-0.00122233182021521,-15.6030154811557,-9.84780279425805,-55.2883307509263,-9.20372267523422,-29.5120938267058,24.0258977693707,0,0.678846030491543,-0.00971147010442357,1.32469997349211,0.00152356356174598,0.999998839958504,2.67898950710059e-08,4.32649480650038e-11,3.53685447483198e-06,-15.4560442241803,-40.356565293849,9.02130875846893e-07,-65.0994789303314,-4.02768575979657e-06
1,0.200067567822007,-1.16930769798395e-11,1.32469997349211,0.999999999999999,-2.67944733606881e-08,-2.44953707558153e-12,2.67899298791509e-08,3.53685447483198e-06,-15.4560442241803,-40.356565293849,9.02130875846893e-07,-65.0994789303314,-4.02768575979657e-06,1,0.678846030491543,-0.00971147010442357,1.32469997349211,0.00152356356174598,0.999998839958504,2.67898950710059e-08,4.32649480650038e-11,3.53685447483198e-06,-15.4560442241803,-40.356565293849,9.02130875846893e-07,-65.0994789303314,-4.02768575979657e-06
1,0.401977028720437,0.0355588771446819,1.33150000026172,0.999961425299,0.00878338852558298,2.35218412105957e-10,2.67922108457607e-08,5.05522668106692,28.5474527709814,9.69980164183326,-1.55007806529225e-06,-71.1523488705714,-4.04870835642434,0,0.678846030491543,-0.00971147010442357,1.32469997349211,0.00152356356174598,0.999998839958504,2.67898950710059e-08,4.32649480650038e-11,3.53685447483198e-06,-15.4560442241803,-40.356565293849,9.02130875846893e-07,-65.0994789303314,-4.02768575979657e-06
1,0.407064089836898,0.0306474791603286,1.32650000025379,0.999961425299,0.00878338852558888,2.35241230421545e-10,2.67922262851791e-08,4.30562528126783,29.876304481172,10.6062030030341,-1.61987320576832e-06,-70.7298985215815,-3.29910695754221,0,0.678846030491543,-0.00971147010442357,1.32469997349211,0.00152356356174598,0.999998839958504,2.67898950710059e-08,4.32649480650038e-11,3.53685447483198e-06,-15.4560442241803,-40.356565293849,9.02130875846893e-07,-65.0994789303314,-4.02768575979657e-06
1,0.407064089847862,0.0306474791260177,1.32150000024296,0.999961425299,0.00878338852560152,2.35243439906694e-10,2.6792261519495e-08,4.30562528117912,30.2025528607588,10.0549077085236,-1.64490283259368e-06,-69.8523548474844,-3.29910693422665,0,0.678846030491543,-0.00971147010442357,1.32469997349211,0.00152356356174598,0.999998839958504,2.67898950710059e-08,4.32649480650038e-11,3.53685447483198e-06,-15.4560442241803,-40.356565293849,9.02130875846893e-07,-65.0994789303314,-4.02768575979657e-06
1,0.437819428748614,0.0311878061864448,1.31936938930955,0.9902298694469,0.00869790918970512,-0.139167731933437,0.00122246448053742,3.94188731506968,42.1230221513273,27.466820935144,-0.808985512533767,-91.3237464852159,-2.84053658540715,0,0.678846030491543,-0.00971147010442357,1.32469997349211,0.00152356356174598,0.999998839958504,2.67898950710059e-08,4.32649480650038e-11,3.53685447483198e-06,-15.4560442241803,-40.356565293849,9.02130875846893e-07,-65.0994789303314,-4.02768575979657e-06
1,0.437819429350241,0.031187798887901,1.33436938966401,0.99022986941415,0.00869791291590772,-0.139167731700527,0.00122249101139906,3.94188684842876,41.4239705434844,29.3531346053613,-0.810652267794967,-93.9088537758932,-2.87711135095898,0,0.678846030491543,-0.00971147010442357,1.32469997349211,0.00152356356174598,0.999998839958504,2.67898950710059e-08,4.32649480650038e-11,3.53685447483198e-06,-15.4560442241803,-40.356565293849,9.02130875846893e-07,-65.0994789303314,-4.02768575979657e-06
1,0.200067567822007,-1.16930769798395e-11,1.32469997349211,0.999999999999999,-2.67944733606881e-08,-2.44953707558153e-12,2.67899298791509e-08,3.53685447483198e-06,-15.4560442241803,-40.356565293849,9.02130875846893e-07,-65.0994789303314,-4.02768575979657e-06,1,0.678846030491543,-0.00971147010442357,1.32469997349211,0.00152356356174598,0.999998839958504,2.67898950710059e-08,4.32649480650038e-11,3.53685447483198e-06,-15.4560442241803,-40.356565293849,9.02130875846893e-07,-65.0994789303314,-4.02768575979657e-06
1,0.200067567822007,-1.16930769798395e-11,1.32469997349211,0.999999999999999,-2.67944733606881e-08,-2.44953707558153e-12,2.67899298791509e-08,3.53685447483198e-06,-15.4560442241803,-40.356565293849,9.02130875846893e-07,-65.0994789303314,-4.02768575979657e-06,1,0.678846030491543,-0.00971147010442357,1.32469997349211,0.00152356356174598,0.999998839958504,2.67898950710059e-08,4.32649480650038e-11,3.53685447483198e-06,-15.4560442241803,-40.356565293849,9.02130875846893e-07,-65.0994789303314,-4.02768575979657e-06
0,0.200067567822007,-1.16930769798395e-11,1.32469997349211,0.999999999999999,-2.67944733606881e-08,-2.44953707558153e-12,2.67899298791509e-08,3.53685447483198e-06,-15.4560442241803,-40.356565293849,9.02130875846893e-07,-65.0994789303314,-4.02768575979657e-06,1,0.577985010795013,0.0366508488354083,1.24070000013475,0.999961425881067,0.00878338854145946,2.35224947501786e-10,2.67946204020964e-08,-8.69714896083457,18.7079721905493,-24.6418347701822,-1.35367965059335e-06,-46.650193038988,-170.121747554274
0,0.200067567822007,-1.16930769798395e-11,1.32469997349211,0.999999999999999,-2.67944733606881e-08,-2.44953707558153e-12,2.67899298791509e-08,3.53685447483198e-06,-15.4560442241803,-40.356565293849,9.02130875846893e-07,-65.0994789303314,-4.02768575979657e-06,1,0.582896405281333,0.0417379081242081,1.23790000013279,0.999961425881067,0.00878338854148429,2.35215058126579e-10,2.67945924247447e-08,-9.7997576766766,18.4205630440678,-25.7673871483168,-1.35241655101538e-06,-45.8120498073349,-169.019138820106
0,0.200067567822007,-1.16930769798395e-11,1.32469997349211,0.999999999999999,-2.67944733606881e-08,-2.44953707558153e-12,2.67899298791509e-08,3.53685447483198e-06,-15.4560442241803,-40.356565293849,9.02130875846893e-07,-65.0994789303314,-4.02768575979657e-06,1,0.582896409738474,0.0417379076785657,1.23510000013085,0.999961425881067,0.0087833885415016,2.3521830360358e-10,2.67945754099675e-08,-9.79975774267927,18.864396057659,-25.8916880704128,-1.39738083721356e-06,-45.2439158716476,-169.019138720476
0,0.200067567822007,-1.16930769798395e-11,1.32469997349211,0.999999999999999,-2.67944733606881e-08,-2.44953707558153e-12,2.67899298791509e-08,3.53685447483198e-06,-15.4560442241803,-40.356565293849,9.02130875846893e-07,-65.0994789303314,-4.02768575979657e-06,1,0.549825036595169,0.0411569043357566,1.2304514037695,0.990229870023375,0.00869790920572966,0.139167732946131,-0.00122235835229295,-8.16173578145025,29.1049485132652,-12.6938695178297,2.85303573857769,-64.0275860322194,-172.263352523987
0,0.200067567822007,-1.16930769798395e-11,1.32469997349211,0.999999999999999,-2.67944733606881e-08,-2.44953707558153e-12,2.67899298791509e-08,3.53685447483198e-06,-15.4560442241803,-40.356565293849,9.02130875846893e-07,-65.0994789303314,-4.02768575979657e-06,1,0.549825040051032,0.0411569255526304,1.24545140390632,0.990229870056177,0.00869790547431454,0.139167733179,-0.00122233181804665,-8.16173988772063,27.064336571343,-12.0873471715419,2.79319222573296,-66.6715093898254,-172.119909096731
1,0.200067567822007,-1.16930769798395e-11,1.32469997349211,0.999999999999999,-2.67944733606881e-08,-2.44953707558153e-12,2.67899298791509e-08,3.53685447483198e-06,-15.4560442241803,-40.356565293849,9.02130875846893e-07,-65.0994789303314,-4.02768575979657e-06,1,0.678846030491543,-0.00971147010442357,1.32469997349211,0.00152356356174598,0.999998839958504,2.67898950710059e-08,4.32649480650038e-11,3.53685447483198e-06,-15.4560442241803,-40.356565293849,9.02130875846893e-07,-65.0994789303314,-4.02768575979657e-06
0,0.200067567822007,-1.16930769798395e-11,1.32469997349211,0.999999999999999,-2.67944733606881e-08,-2.44953707558153e-12,2.67899298791509e-08,3.53685447483198e-06,-15.4560442241803,-40.356565293849,9.02130875846893e-07,-65.0994789303314,-4.02768575979657e-06,1,0.401695973985814,0.0515564351292146,1.33150000049253,0.999961425881073,0.0087833885408164,2.35061653583082e-10,2.67959432679046e-08,-7.21335849925232,47.6088479719957,39.4339668482009,-2.29067982988852e-06,-81.8251188759247,-171.605539457609
0,0.200067567822007,-1.16930769798395e-11,1.32469997349211,0.999999999999999,-2.67944733606881e-08,-2.44953707558153e-12,2.67899298791509e-08,3.53685447483198e-06,-15.4560442241803,-40.356565293849,9.02130875846893e-07,-65.0994789303314,-4.02768575979657e-06,1,0.406783029428419,0.0466450379754507,1.32650000039997,0.999961425881073,0.00878338854082976,2.35090717628702e-10,2.67958635931786e-08,-6.70533918790544,46.1313086992032,35.9928747803449,-2.24837055131355e-06,-79.8615660808612,-172.113558641118
0,0.200067567822007,-1.16930769798395e-11,1.32469997349211,0.999999999999999,-2.67944733606881e-08,-2.44953707558153e-12,2.67899298791509e-08,3.53685447483198e-06,-15.4560442241803,-40.356565293849,9.02130875846893e-07,-65.0994789303314,-4.02768575979657e-06,1,0.406783032946668,0.0466450378385209,1.32150000036633,0.999961425881073,0.00878338854083675,2.35095496357855e-10,2.67958272197311e-08,-6.70533920828497,46.3181464054662,35.306253372207,-2.26183164243781e-06,-78.9881069664603,-172.113558591703
0,0.200067567822007,-1.16930769798395e-11,1.32469997349211,0.999999999999999,-2.67944733606881e-08,-2.44953707558153e-12,2.67899298791509e-08,3.53685447483198e-06,-15.4560442241803,-40.356565293849,9.02130875846893e-07,-65.0994789303314,-4.02768575979657e-06,1,0.43753837389753,0.0471853933496148,1.31936938938839,0.990229870023271,0.00869790920522269,-0.139167732014622,0.00122246448962654,-7.64041907390753,34.3106978104016,15.1985770560633,-2.9542380099577,-55.103381033665,-169.824018504222
0,0.200067567822007,-1.16930769798395e-11,1.32469997349211,0.999999999999999,-2.67944733606881e-08,-2.44953707558153e-12,2.67899298791509e-08,3.53685447483198e-06,-15.4560442241803,-40.356565293849,9.02130875846893e-07,-65.0994789303314,-4.02768575979657e-06,1,0.437538378899677,0.047185413859316,1.33436938967242,0.990229869990504,0.00869791293231454,-0.139167731781747,0.00122249102413492,-7.64042243543769,33.4145604426158,16.9020423605865,-2.86653721397589,-57.6996332657999,-169.982465383776
1,0.200067567822007,-1.16930769798395e-11,1.32469997349211,0.999999999999999,-2.67944733606881e-08,-2.44953707558153e-12,2.67899298791509e-08,3.53685447483198e-06,-15.4560442241803,-40.356565293849,9.02130875846893e-07,-65.0994789303314,-4.02768575979657e-06,1,0.678846030491543,-0.00971147010442357,1.32469997349211,0.00152356356174598,0.999998839958504,2.67898950710059e-08,4.32649480650038e-11,3.53685447483198e-06,-15.4560442241803,-40.356565293849,9.02130875846893e-07,-65.0994789303314,-4.02768575979657e-06
1,0.200067567822007,-1.16930769798395e-11,1.32469997349211,0.999999999999999,-2.67944733606881e-08,-2.44953707558153e-12,2.67899298791509e-08,3.53685447483198e-06,-15.4560442241803,-40.356565293849,9.02130875846893e-07,-65.0994789303314,-4.02768575979657e-06,1,0.678846030491543,-0.00971147010442357,1.32469997349211,0.00152356356174598,0.999998839958504,2.67898950710059e-08,4.32649480650038e-11,3.53685447483198e-06,-15.4560442241803,-40.356565293849,9.02130875846893e-07,-65.0994789303314,-4.02768575979657e-06
1,0.243442132005026,-0.0492390438556802,1.24070000013579,0.999961425298995,0.00878338852620801,2.35490248117602e-10,2.67931989072064e-08,-11.4344824769737,8.20697746176067,-38.0767653927161,-6.33529714315042e-07,-43.7162571452427,12.4410011006852,0,0.678846030491543,-0.00971147010442357,1.32469997349211,0.00152356356174598,0.999998839958504,2.67898950710059e-08,4.32649480650038e-11,3.53685447483198e-06,-15.4560442241803,-40.356565293849,9.02130875846893e-07,-65.0994789303314,-4.02768575979657e-06
1,0.248353529303565,-0.0441519850084538,1.23790000013369,0.999961425298994,0.00878338852622417,2.35471840072036e-10,2.6793210850707e-08,-10.080650188319,9.47758541902808,-37.3274286646681,-7.37934297099813e-07,-43.1949859160233,11.0871688816441,0,0.678846030491543,-0.00971147010442357,1.32469997349211,0.00152356356174598,0.999998839958504,2.67898950710059e-08,4.32649480650038e-11,3.53685447483198e-06,-15.4560442241803,-40.356565293849,9.02130875846893e-07,-65.0994789303314,-4.02768575979657e-06
1,0.248353532915671,-0.0441519849874422,1.23510000013175,0.999961425298994,0.00878338852624483,2.35468371074305e-10,2.67932297195776e-08,-10.0806500448589,9.99892000135169,-37.4662922317784,-7.87880671875925e-07,-42.5347877665894,11.0871687760488,0,0.678846030491543,-0.00971147010442357,1.32469997349211,0.00152356356174598,0.999998839958504,2.67898950710059e-08,4.32649480650038e-11,3.53685447483198e-06,-15.4560442241803,-40.356565293849,9.02130875846893e-07,-65.0994789303314,-4.02768575979657e-06
1,0.215282156233148,-0.0447330161516933,1.23045140377311,0.990229869446883,0.00869790919184261,0.139167732865621,-0.00122235835288227,-12.989114643451,1.15750960242825,-49.5342029429317,-9.41526245491066,-24.0478305305504,22.0844956725615,0,0.678846030491543,-0.00971147010442357,1.32469997349211,0.00152356356174598,0.999998839958504,2.67898950710059e-08,4.32649480650038e-11,3.53685447483198e-06,-15.4560442241803,-40.356565293849,9.02130875846893e-07,-65.0994789303314,-4.02768575979657e-06
1,0.215282153492718,-0.0447330209159751,1.24545140391256,0.990229869479631,0.00869790546174719,0.139167733098778,-0.00122233182020825,-12.9891150277423,-2.25122061779364,-48.6706633997779,-8.09097416249484,-28.2706680760116,20.6101034438954,0,0.678846030491543,-0.00971147010442357,1.32469997349211,0.00152356356174598,0.999998839958504,2.67898950710059e-08,4.32649480650038e-11,3.53685447483198e-06,-15.4560442241803,-40.356565293849,9.02130875846893e-07,-65.0994789303314,-4.02768575979657e-06
1,0.200067567822007,-1.16930769798395e-11,1.32469997349211,0.999999999999999,-2.67944733606881e-08,-2.44953707558153e-12,2.67899298791509e-08,3.53685447483198e-06,-15.4560442241803,-40.356565293849,9.02130875846893e-07,-65.0994789303314,-4.02768575979657e-06,1,0.678846030491543,-0.00971147010442357,1.32469997349211,0.00152356356174598,0.999998839958504,2.67898950710059e-08,4.32649480650038e-11,3.53685447483198e-06,-15.4560442241803,-40.356565293849,9.02130875846893e-07,-65.0994789303314,-4.02768575979657e-06
1,0.402117558123797,0.0275601115490964,1.34110000028611,0.999961425299,0.00878338852556095,2.35247128052732e-10,2.67921409175034e-08,3.92077724919209,27.8770290967396,10.6970459912531,-1.50234471668736e-06,-72.8200168942331,-2.9142589645708,0,0.678846030491543,-0.00971147010442357,1.32469997349211,0.00152356356174598,0.999998839958504,2.67898950710059e-08,4.32649480650038e-11,3.53685447483198e-06,-15.4560442241803,-40.356565293849,9.02130875846893e-07,-65.0994789303314,-4.02768575979657e-06
1,0.407204615252755,0.0226487135729872,1.33610000027707,0.999961425299,0.00878338852556644,2.35270246854187e-10,2.67921572283735e-08,3.18351225631082,29.2105766878312,11.6010096907238,-1.57173867956589e-06,-72.3904330026122,-2.17699397409348,0,0.678846030491543,-0.00971147010442357,1.32469997349211,0.00152356356174598,0.999998839958504,2.67898950710059e-08,4.32649480650038e-11,3.53685447483198e-06,-15.4560442241803,-40.356565293849,9.02130875846893e-07,-65.0994789303314,-4.02768575979657e-06
1,0.407204619668663,0.0226487135981549,1.33110000026428,0.999961425299,0.00878338852557818,2.3527172255214e-10,2.67921932406476e-08,3.18351223094493,29.5065976392923,11.0098249728193,-1.59426681137082e-06,-71.5032273332465,-2.17699392621727,0,0.678846030491543,-0.00971147010442357,1.32469997349211,0.00152356356174598,0.999998839958504,2.67898950710059e-08,4.32649480650038e-11,3.53685447483198e-06,-15.4560442241803,-40.356565293849,9.02130875846893e-07,-65.0994789303314,-4.02768575979657e-06
1,0.437959960496968,0.023189040789584,1.32896938936804,0.99022986944691,0.0086979091896843,-0.13916773193337,0.00122246448039635,2.94323865006728,41.570831320253,28.5077325196878,-0.534435560297513,-92.9281017471965,-1.889051316705,0,0.678846030491543,-0.00971147010442357,1.32469997349211,0.00152356356174598,0.999998839958504,2.67898950710059e-08,4.32649480650038e-11,3.53685447483198e-06,-15.4560442241803,-40.356565293849,9.02130875846893e-07,-65.0994789303314,-4.02768575979657e-06
1,0.43795995913811,0.0231890336530239,1.34396938978006,0.990229869414165,0.00869791291588267,-0.13916773170042,0.00122249101118519,2.94323821274865,40.9724222658446,30.5466815276796,-0.536262460716518,-95.5653448329178,-1.91375837355075,0,0.678846030491543,-0.00971147010442357,1.32469997349211,0.00152356356174598,0.999998839958504,2.67898950710059e-08,4.32649480650038e-11,3.53685447483198e-06,-15.4560442241803,-40.356565293849,9.02130875846893e-07,-65.0994789303314,-4.02768575979657e-06
1,0.200067567822007,-1.16930769798395e-11,1.32469997349211,0.999999999999999,-2.67944733606881e-08,-2.44953707558153e-12,2.67899298791509e-08,3.53685447483198e-06,-15.4560442241803,-40.356565293849,9.02130875846893e-07,-65.0994789303314,-4.02768575979657e-06,1,0.678846030491543,-0.00971147010442357,1.32469997349211,0.00152356356174598,0.999998839958504,2.67898950710059e-08,4.32649480650038e-11,3.53685447483198e-06,-15.4560442241803,-40.356565293849,9.02130875846893e-07,-65.0994789303314,-4.02768575979657e-06
1,0.200067567822007,-1.16930769798395e-11,1.32469997349211,0.999999999999999,-2.67944733606881e-08,-2.44953707558153e-12,2.67899298791509e-08,3.53685447483198e-06,-15.4560442241803,-40.356565293849,9.02130875846893e-07,-65.0994789303314,-4.02768575979657e-06,1,0.678846030491543,-0.00971147010442357,1.32469997349211,0.00152356356174598,0.999998839958504,2.67898950710059e-08,4.32649480650038e-11,3.53685447483198e-06,-15.4560442241803,-40.356565293849,9.02130875846893e-07,-65.0994789303314,-4.02768575979657e-06
0,0.200067567822007,-1.16930769798395e-11,1.32469997349211,0.999999999999999,-2.67944733606881e-08,-2.44953707558153e-12,2.67899298791509e-08,3.53685447483198e-06,-15.4560442241803,-40.356565293849,9.02130875846893e-07,-65.0994789303314,-4.02768575979657e-06,1,0.483967221025201,-0.0770182145662743,1.24070000013794,0.999961425881069,0.00878338854122319,2.35517459533719e-10,2.67949101901123e-08,9.76007359662902,36.0819036152027,1.55184308816302,-2.19449192951895e-06,-55.4699394726798,171.42102977616
0,0.200067567822007,-1.16930769798395e-11,1.32469997349211,0.999999999999999,-2.67944733606881e-08,-2.44953707558153e-12,2.67899298791509e-08,3.53685447483198e-06,-15.4560442241803,-40.356565293849,9.02130875846893e-07,-65.0994789303314,-4.02768575979657e-06,1,0.488878615669408,-0.0719311558688593,1.23790000013525,0.999961425881069,0.00878338854124978,2.35500467700376e-10,2.67948737587697e-08,9.15090278485462,35.3507613714163,-0.28285229290156,-2.18523461588133e-06,-54.3663863354016,172.030200640006
0,0.200067567822007,-1.16930769798395e-11,1.32469997349211,0.999999999999999,-2.67944733606881e-08,-2.44953707558153e-12,2.67899298791509e-08,3.53685447483198e-06,-15.4560442241803,-40.356565293849,9.02130875846893e-07,-65.0994789303314,-4.02768575979657e-06,1,0.488878617112631,-0.0719311554828879,1.23510000013305,0.999961425881069,0.0087833885412612,2.35498263695678e-10,2.67948583507119e-08,9.15090276241465,35.6862478183263,-0.397502316397686,-2.21578351042416e-06,-53.9162498649956,172.030200683908
0,0.200067567822007,-1.16930769798395e-11,1.32469997349211,0.999999999999999,-2.67944733606881e-08,-2.44953707558153e-12,2.67899298791509e-08,3.53685447483198e-06,-15.4560442241803,-40.356565293849,9.02130875846893e-07,-65.0994789303314,-4.02768575979657e-06,1,0.455807237852258,-0.0725121594641436,1.23045140377749,0.990229870023286,0.00869790920529661,0.139167732946795,-0.00122235835154461,8.21103378297984,46.7228918669856,16.464457140875,-1.99563719544429,-75.6357303750779,173.735103955075
0,0.200067567822007,-1.16930769798395e-11,1.32469997349211,0.999999999999999,-2.67944733606881e-08,-2.44953707558153e-12,2.67899298791509e-08,3.53685447483198e-06,-15.4560442241803,-40.356565293849,9.02130875846893e-07,-65.0994789303314,-4.02768575979657e-06,1,0.455807237039401,-0.0725121389758236,1.24545140392358,0.990229870056033,0.00869790547367431,0.13916773318008,-0.00122233181687136,8.21103067206265,45.1720541082008,17.1001519244419,-1.97775806926225,-77.8209487017747,173.657230644953
1,0.200067567822007,-1.16930769798395e-11,1.32469997349211,0.999999999999999,-2.67944733606881e-08,-2.44953707558153e-12,2.67899298791509e-08,3.53685447483198e-06,-15.4560442241803,-40.356565293849,9.02130875846893e-07,-65.0994789303314,-4.02768575979657e-06,1,0.678846030491543,-0.00971147010442357,1.32469997349211,0.00152356356174598,0.999998839958504,2.67898950710059e-08,4.32649480650038e-11,3.53685447483198e-06,-15.4560442241803,-40.356565293849,9.02130875846893e-07,-65.0994789303314,-4.02768575979657e-06
0,0.200067567822007,-1.16930769798395e-11,1.32469997349211,0.999999999999999,-2.67944733606881e-08,-2.44953707558153e-12,2.67899298791509e-08,3.53685447483198e-06,-15.4560442241803,-40.356565293849,9.02130875846893e-07,-65.0994789303314,-4.02768575979657e-06,1,0.401836502622634,0.043557669338866,1.34110000061977,0.999961425881073,0.00878338854080796,2.35088142318595e-10,2.67960122510447e-08,-6.26883109071079,47.0543484852645,40.4132363405861,-2.26245214461412e-06,-83.3588878550411,-172.550066908373
0,0.200067567822007,-1.16930769798395e-11,1.32469997349211,0.999999999999999,-2.67944733606881e-08,-2.44953707558153e-12,2.67899298791509e-08,3.53685447483198e-06,-15.4560442241803,-40.356565293849,9.02130875846893e-07,-65.0994789303314,-4.02768575979657e-06,1,0.40692356155552,0.038646271954281,1.33610000047694,0.999961425881073,0.00878338854081942,2.3511690859264e-10,2.67959312837292e-08,-5.74847798226676,45.5328420188647,36.9137729373767,-2.21594971246097e-06,-81.3809309182314,-173.070419887436
0,0.200067567822007,-1.16930769798395e-11,1.32469997349211,0.999999999999999,-2.67944733606881e-08,-2.44953707558153e-12,2.67899298791509e-08,3.53685447483198e-06,-15.4560442241803,-40.356565293849,9.02130875846893e-07,-65.0994789303314,-4.02768575979657e-06,1,0.406923561549329,0.0386462720819302,1.33110000042959,0.999961425881073,0.00878338854082533,2.35121232018857e-10,2.67958937907239e-08,-5.74847798203154,45.6847221744853,36.1712045670793,-2.22724563614409e-06,-80.4864823923136,-173.070419857458
0,0.200067567822007,-1.16930769798395e-11,1.32469997349211,0.999999999999999,-2.67944733606881e-08,-2.44953707558153e-12,2.67899298791509e-08,3.53685447483198e-06,-15.4560442241803,-40.356565293849,9.02130875846893e-07,-65.0994789303314,-4.02768575979657e-06,1,0.437678900646542,0.0391866276875687,1.32896938947376,0.990229870023277,0.00869790920517492,-0.139167732014581,0.00122246448975054,-6.57292364399584,33.4603422795409,15.8725880058376,-2.55381579799851,-56.5773305585544,-171.135586701403
0,0.200067567822007,-1.16930769798395e-11,1.32469997349211,0.999999999999999,-2.67944733606881e-08,-2.44953707558153e-12,2.67899298791509e-08,3.53685447483198e-06,-15.4560442241803,-40.356565293849,9.02130875846893e-07,-65.0994789303314,-4.02768575979657e-06,1,0.437678902478305,0.0391866481663736,1.34396938978749,0.990229869990512,0.00869791293224135,-0.139167731781688,0.00122249102432147,-6.57292695796951,32.651854842189,17.6998885155756,-2.48116486268339,-59.2105766349227,-171.272247047425
1,0.200067567822007,-1.16930769798395e-11,1.32469997349211,0.999999999999999,-2.67944733606881e-08,-2.44953707558153e-12,2.67899298791509e-08,3.53685447483198e-06,-15.4560442241803,-40.356565293849,9.02130875846893e-07,-65.0994789303314,-4.02768575979657e-06,1,0.678846030491543,-0.00971147010442357,1.32469997349211,0.00152356356174598,0.999998839958504,2.67898950710059e-08,4.32649480650038e-11,3.53685447483198e-06,-15.4560442241803,-40.356565293849,9.02130875846893e-07,-65.0994789303314,-4.02768575979657e-06
1,0.200067567822007,-1.16930769798395e-11,1.32469997349211,0.999999999999999,-2.67944733606881e-08,-2.44953707558153e-12,2.67899298791509e-08,3.53685447483198e-06,-15.4560442241803,-40.356565293849,9.02130875846893e-07,-65.0994789303314,-4.02768575979657e-06,1,0.678846030491543,-0.00971147010442357,1.32469997349211,0.00152356356174598,0.999998839958504,2.67898950710059e-08,4.32649480650038e-11,3.53685447483198e-06,-15.4560442241803,-40.356565293849,9.02130875846893e-07,-65.0994789303314,-4.02768575979657e-06
1,0.210041784040692,0.03018649855842,1.24070000013736,0.999961425298994,0.00878338852623031,2.35262273340968e-10,2.67932112427359e-08,8.17836000106317,0.763350847357455,-46.2405815969169,-5.92726187692463e-08,-42.9960675554451,-7.17184176072144,0,0.678846030491543,-0.00971147010442357,1.32469997349211,0.00152356356174598,0.999998839958504,2.67898950710059e-08,4.32649480650038e-11,3.53685447483198e-06,-15.4560442241803,-40.356565293849,9.02130875846893e-07,-65.0994789303314,-4.02768575979657e-06
1,0.21495318241949,0.0352735574134283,1.23790000013507,0.999961425298994,0.00878338852625263,2.35252442169867e-10,2.67932333838369e-08,9.31911392448036,2.55773966695856,-45.1542466167366,-2.02918246172457e-07,-42.2880137160243,-8.31259558016132,0,0.678846030491543,-0.00971147010442357,1.32469997349211,0.00152356356174598,0.999998839958504,2.67898950710059e-08,4.32649480650038e-11,3.53685447483198e-06,-15.4560442241803,-40.356565293849,9.02130875846893e-07,-65.0994789303314,-4.02768575979657e-06
1,0.214953186584038,0.0352735574413389,1.2351000001331,0.999961425298994,0.00878338852627633,2.35255536031519e-10,2.67932544378215e-08,9.31911374690162,3.14864069085677,-45.3090207211815,-2.53568029212298e-07,-41.5423385876812,-8.3125953644823,0,0.678846030491543,-0.00971147010442357,1.32469997349211,0.00152356356174598,0.999998839958504,2.67898950710059e-08,4.32649480650038e-11,3.53685447483198e-06,-15.4560442241803,-40.356565293849,9.02130875846893e-07,-65.0994789303314,-4.02768575979657e-06
1,0.181881809116212,0.0346925298348624,1.23045140377658,0.990229869446932,0.00869790919186857,0.139167732865267,-0.00122235835287279,11.9666655341939,-7.01239146907898,-57.1520711632729,7.31281345923713,-24.3127122836101,-17.2156556862735,0,0.678846030491543,-0.00971147010442357,1.32469997349211,0.00152356356174598,0.999998839958504,2.67898950710059e-08,4.32649480650038e-11,3.53685447483198e-06,-15.4560442241803,-40.356565293849,9.02130875846893e-07,-65.0994789303314,-4.02768575979657e-06
1,0.181881815997419,0.0346925281377501,1.24545140391846,0.990229869479707,0.00869790546174205,0.139167733098238,-0.00122233182022795,11.9666658532011,-10.9399558732685,-56.1417337964188,6.16337829593561,-29.2167963560283,-15.9294850131467,0,0.678846030491543,-0.00971147010442357,1.32469997349211,0.00152356356174598,0.999998839958504,2.67898950710059e-08,4.32649480650038e-11,3.53685447483198e-06,-15.4560442241803,-40.356565293849,9.02130875846893e-07,-65.0994789303314,-4.02768575979657e-06
1,0.200067567822007,-1.16930769798395e-11,1.32469997349211,0.999999999999999,-2.67944733606881e-08,-2.44953707558153e-12,2.67899298791509e-08,3.53685447483198e-06,-15.4560442241803,-40.356565293849,9.02130875846893e-07,-65.0994789303314,-4.02768575979657e-06,1,0.678846030491543,-0.00971147010442357,1.32469997349211,0.00152356356174598,0.999998839958504,2.67898950710059e-08,4.32649480650038e-11,3.53685447483198e-06,-15.4560442241803,-40.356565293849,9.02130875846893e-07,-65.0994789303314,-4.02768575979657e-06
1,0.401555445485552,0.059555174271596,1.34110000028909,0.999961425299,0.00878338852555747,2.35110270226225e-10,2.67921431227378e-08,8.4361130746832,28.5133040410838,11.6108231214648,-1.53152596708689e-06,-73.0975190801005,-7.42959480464525,0,0.678846030491543,-0.00971147010442357,1.32469997349211,0.00152356356174598,0.999998839958504,2.67898950710059e-08,4.32649480650038e-11,3.53685447483198e-06,-15.4560442241803,-40.356565293849,9.02130875846893e-07,-65.0994789303314,-4.02768575979657e-06
1,0.406642504299139,0.0546437762732087,1.33610000027952,0.999961425299,0.00878338852556323,2.35136174556977e-10,2.67921586296666e-08,7.65344270955766,29.7545470269505,12.3925975252934,-1.59618908821768e-06,-72.6380504980623,-6.64692444087026,0,0.678846030491543,-0.00971147010442357,1.32469997349211,0.00152356356174598,0.999998839958504,2.67898950710059e-08,4.32649480650038e-11,3.53685447483198e-06,-15.4560442241803,-40.356565293849,9.02130875846893e-07,-65.0994789303314,-4.02768575979657e-06
1,0.406642506914274,0.0546437765316292,1.33110000026643,0.999961425299,0.00878338852557482,2.35140619615287e-10,2.67921943890904e-08,7.65344270253021,30.0468591217954,11.7992743077327,-1.61842725072689e-06,-71.7524151856568,-6.64692441119639,0,0.678846030491543,-0.00971147010442357,1.32469997349211,0.00152356356174598,0.999998839958504,2.67898950710059e-08,4.32649480650038e-11,3.53685447483198e-06,-15.4560442241803,-40.356565293849,9.02130875846893e-07,-65.0994789303314,-4.02768575979657e-06
1,0.437397848650563,0.0551841039314568,1.32896938937666,0.990229869446867,0.00869790918968127,-0.139167731933674,0.00122246448039884,6.92476449801794,42.1316917089076,29.4087366117285,-1.63114482444468,-93.194805438852,-5.78144897639834,0,0.678846030491543,-0.00971147010442357,1.32469997349211,0.00152356356174598,0.999998839958504,2.67898950710059e-08,4.32649480650038e-11,3.53685447483198e-06,-15.4560442241803,-40.356565293849,9.02130875846893e-07,-65.0994789303314,-4.02768575979657e-06
1,0.437397849869938,0.0551840970119992,1.3439693898003,0.990229869414097,0.00869791291588069,-0.139167731700908,0.00122249101119025,6.92476406433157,41.550457668638,31.4688196058112,-1.63709038804777,-95.8350489875167,-5.85699815548742,0,0.678846030491543,-0.00971147010442357,1.32469997349211,0.00152356356174598,0.999998839958504,2.67898950710059e-08,4.32649480650038e-11,3.53685447483198e-06,-15.4560442241803,-40.356565293849,9.02130875846893e-07,-65.0994789303314,-4.02768575979657e-06
1,0.200067567822007,-1.16930769798395e-11,1.32469997349211,0.999999999999999,-2.67944733606881e-08,-2.44953707558153e-12,2.67899298791509e-08,3.53685447483198e-06,-15.4560442241803,-40.356565293849,9.02130875846893e-07,-65.0994789303314,-4.02768575979657e-06,1,0.678846030491543,-0.00971147010442357,1.32469997349211,0.00152356356174598,0.999998839958504,2.67898950710059e-08,4.32649480650038e-11,3.53685447483198e-06,-15.4560442241803,-40.356565293849,9.02130875846893e-07,-65.0994789303314,-4.02768575979657e-06
1,0.200067567822007,-1.16930769798395e-11,1.32469997349211,0.999999999999999,-2.67944733606881e-08,-2.44953707558153e-12,2.67899298791509e-08,3.53685447483198e-06,-15.4560442241803,-40.356565293849,9.02130875846893e-07,-65.0994789303314,-4.02768575979657e-06,1,0.678846030491543,-0.00971147010442357,1.32469997349211,0.00152356356174598,0.999998839958504,2.67898950710059e-08,4.32649480650038e-11,3.53685447483198e-06,-15.4560442241803,-40.356565293849,9.02130875846893e-07,-65.0994789303314,-4.02768575979657e-06
0,0.200067567822007,-1.16930769798395e-11,1.32469997349211,0.999999999999999,-2.67944733606881e-08,-2.44953707558153e-12,2.67899298791509e-08,3.53685447483198e-06,-15.4560442241803,-40.356565293849,9.02130875846893e-07,-65.0994789303314,-4.02768575979657e-06,1,0.546692587958993,-0.00390509373819924,1.24070000013491,0.999961425881068,0.00878338854139976,2.35326710188098e-10,2.67946960642487e-08,-0.931799385920576,23.6791142155849,-17.5904117753918,-1.6400384694978e-06,-48.7304740087428,-177.887097072936
0,0.200067567822007,-1.16930769798395e-11,1.32469997349211,0.999999999999999,-2.67944733606881e-08,-2.44953707558153e-12,2.67899298791509e-08,3.53685447483198e-06,-15.4560442241803,-40.356565293849,9.02130875846893e-07,-65.0994789303314,-4.02768575979657e-06,1,0.551603984537792,0.00118196526964872,1.23790000013284,0.999961425881068,0.0087833885414256,2.35314620303814e-10,2.67946664665304e-08,-1.83820812601438,23.2296850978409,-18.9538057905571,-1.63371465486253e-06,-47.8165091113215,-176.980688307974
0,0.200067567822007,-1.16930769798395e-11,1.32469997349211,0.999999999999999,-2.67944733606881e-08,-2.44953707558153e-12,2.67899298791509e-08,3.53685447483198e-06,-15.4560442241803,-40.356565293849,9.02130875846893e-07,-65.0994789303314,-4.02768575979657e-06,1,0.551603983842568,0.00118196530116932,1.23510000013087,0.999961425881068,0.00878338854144092,2.35315294260911e-10,2.67946498508057e-08,-1.83820812882133,23.6379718967547,-19.0729820928843,-1.67484773200003e-06,-47.2890460100805,-176.980688274869
0,0.200067567822007,-1.16930769798395e-11,1.32469997349211,0.999999999999999,-2.67944733606881e-08,-2.44953707558153e-12,2.67899298791509e-08,3.53685447483198e-06,-15.4560442241803,-40.356565293849,9.02130875846893e-07,-65.0994789303314,-4.02768575979657e-06,1,0.518532604284044,0.000600962344139266,1.23045140377026,0.990229870023345,0.0086979092056086,0.139167732946355,-0.00122235835209113,-1.41831423841562,33.9834698865955,-4.9393972215378,0.777760201578789,-67.06340565359,-177.804267475021
0,0.200067567822007,-1.16930769798395e-11,1.32469997349211,0.999999999999999,-2.67944733606881e-08,-2.44953707558153e-12,2.67899298791509e-08,3.53685447483198e-06,-15.4560442241803,-40.356565293849,9.02130875846893e-07,-65.0994789303314,-4.02768575979657e-06,1,0.518532604260829,0.000600983915879203,1.24545140390835,0.990229870056128,0.00869790547413096,0.139167733179364,-0.00122233181772688,-1.41831806636677,32.0998210825049,-4.34081341497239,0.764465171038121,-69.5454136291813,-177.768312941386
1,0.200067567822007,-1.16930769798395e-11,1.32469997349211,0.999999999999999,-2.67944733606881e-08,-2.44953707558153e-12,2.67899298791509e-08,3.53685447483198e-06,-15.4560442241803,-40.356565293849,9.02130875846893e-07,-65.0994789303314,-4.02768575979657e-06,1,0.678846030491543,-0.00971147010442357,1.32469997349211,0.00152356356174598,0.999998839958504,2.67898950710059e-08,4.32649480650038e-11,3.53685447483198e-06,-15.4560442241803,-40.356565293849,9.02130875846893e-07,-65.0994789303314,-4.02768575979657e-06
1,0.301284441123863,0.00679172632116355,1.19190000006545,0.707106781188267,-5.68375593339566e-08,0.707106781184824,5.68374595628394e-08,1.69669006381028,34.0748992492905,-42.1309760960337,-1.74705093163458,76.212042586287,0.416493521524888,1,0.402398620871899,0.0115626068366832,1.35070000077499,0.999961425881073,0.00878338854080246,2.35228912611635e-10,2.67960752062889e-08,-2.45484993034653,45.9605158276795,40.5048159064771,-2.21697580957027e-06,-84.5443000785172,-176.364048077084
1,0.301284443880151,0.00679172650969059,1.19290000006594,0.707106781188267,-5.68375670644366e-08,0.707106781184824,5.68374642296607e-08,1.6966900878853,33.8027547423021,-42.1918862306279,-1.74864462207249,76.0009064936076,0.423130561900407,1,0.407485675967453,0.00665120944266001,1.34570000056696,0.999961425881073,0.00878338854081196,2.35254486441823e-10,2.67959946805154e-08,-1.88728432255304,44.4911924744022,37.1114826688575,-2.16943695884017e-06,-82.6202901941748,-176.93161356111
0,0.301284443880151,0.00679172650969059,1.19290000006594,0.707106781188267,-5.68375670644366e-08,0.707106781184824,5.68374642296607e-08,1.6966900878853,33.8027547423021,-42.1918862306279,-1.74864462207249,76.0009064936076,0.423130561900407,1,0.40748567594493,0.00665120957992837,1.34070000050134,0.999961425881073,0.00878338854081708,2.35256215227794e-10,2.67959560540904e-08,-1.88728432244293,44.6128645869012,36.3197280268138,-2.17889349488674e-06,-81.7068634396321,-176.931613530168
0,0.301284443880151,0.00679172650969059,1.19290000006594,0.707106781188267,-5.68375670644366e-08,0.707106781184824,5.68374642296607e-08,1.6966900878853,33.8027547423021,-42.1918862306279,-1.74864462207249,76.0009064936076,0.423130561900407,1,0.43824101717898,0.00719156493344482,1.33856938956908,0.990229870023309,0.00869790920513805,-0.139167732014356,0.00122246448986706,-2.25576444757718,32.2151781495613,15.9563356270823,-1.11925106698496,-57.7733972710034,-176.099055748643
1,0.301284441123863,0.00679172632116355,1.19190000006545,0.707106781188267,-5.68375593339566e-08,0.707106781184824,5.68374595628394e-08,1.69669006381028,34.0748992492905,-42.1309760960337,-1.74705093163458,76.212042586287,0.416493521524888,1,0.438241017929697,0.00719158548113069,1.35356938991517,0.990229869990558,0.00869791293218618,-0.139167731781365,0.00122249102449698,-2.25576779281689,31.4866561333325,17.9015027990784,-1.08843579635595,-60.4465908279786,-176.159065721935
1,0.200067567822007,-1.16930769798395e-11,1.32469997349211,0.999999999999999,-2.67944733606881e-08,-2.44953707558153e-12,2.67899298791509e-08,3.53685447483198e-06,-15.4560442241803,-40.356565293849,9.02130875846893e-07,-65.0994789303314,-4.02768575979657e-06,1,0.678846030491543,-0.00971147010442357,1.32469997349211,0.00152356356174598,0.999998839958504,2.67898950710059e-08,4.32649480650038e-11,3.53685447483198e-06,-15.4560442241803,-40.356565293849,9.02130875846893e-07,-65.0994789303314,-4.02768575979657e-06
1,0.200067567822007,-1.16930769798395e-11,1.32469997349211,0.999999999999999,-2.67944733606881e-08,-2.44953707558153e-12,2.67899298791509e-08,3.53685447483198e-06,-15.4560442241803,-40.356565293849,9.02130875846893e-07,-65.0994789303314,-4.02768575979657e-06,1,0.678846030491543,-0.00971147010442357,1.32469997349211,0.00152356356174598,0.999998839958504,2.67898950710059e-08,4.32649480650038e-11,3.53685447483198e-06,-15.4560442241803,-40.356565293849,9.02130875846893e-07,-65.0994789303314,-4.02768575979657e-06
1,0.241896319794635,0.0387473781398979,1.2407000001359,0.999961425298995,0.00878338852621151,2.35248997012759e-10,2.67931951538892e-08,9.100433692279,7.53961562233849,-38.8567407623576,-5.83467771099596e-07,-43.6036436150234,-8.09391509905972,0,0.678846030491543,-0.00971147010442357,1.32469997349211,0.00152356356174598,0.999998839958504,2.67898950710059e-08,4.32649480650038e-11,3.53685447483198e-06,-15.4560442241803,-40.356565293849,9.02130875846893e-07,-65.0994789303314,-4.02768575979657e-06
1,0.246807720680154,0.0438344370138205,1.23790000013374,0.999961425298995,0.00878338852622607,2.35239939473983e-10,2.67932105750357e-08,10.0710386315653,9.17333032114145,-37.6929204418345,-7.15242597789436e-07,-43.1337492367435,-9.06451995161789,0,0.678846030491543,-0.00971147010442357,1.32469997349211,0.00152356356174598,0.999998839958504,2.67898950710059e-08,4.32649480650038e-11,3.53685447483198e-06,-15.4560442241803,-40.356565293849,9.02130875846893e-07,-65.0994789303314,-4.02768575979657e-06
1,0.246807717050663,0.043834437035117,1.2351000001318,0.999961425298994,0.00878338852624687,2.35243329235113e-10,2.67932295428604e-08,10.071038776484,9.69755857528133,-37.8323990456046,-7.65286447980596e-07,-42.4700423788336,-9.06452005859628,0,0.678846030491543,-0.00971147010442357,1.32469997349211,0.00152356356174598,0.999998839958504,2.67898950710059e-08,4.32649480650038e-11,3.53685447483198e-06,-15.4560442241803,-40.356565293849,9.02130875846893e-07,-65.0994789303314,-4.02768575979657e-06
1,0.213736339969025,0.0432534079759706,1.23045140377327,0.990229869446934,0.00869790919185459,0.139167732865254,-0.00122235835288105,12.4773670246938,0.727228772933907,-49.9739047868546,7.80727925630923,-23.7989365944235,-18.1881999225342,0,0.678846030491543,-0.00971147010442357,1.32469997349211,0.00152356356174598,0.999998839958504,2.67898950710059e-08,4.32649480650038e-11,3.53685447483198e-06,-15.4560442241803,-40.356565293849,9.02130875846893e-07,-65.0994789303314,-4.02768575979657e-06
1,0.213736342045354,0.0432534032726853,1.24545140391284,0.990229869479708,0.00869790546176717,0.139167733098227,-0.00122233182020645,12.4773667108807,-2.70839334924549,-49.1034419665263,6.68957890768223,-28.070845003486,-16.9462033665713,0,0.678846030491543,-0.00971147010442357,1.32469997349211,0.00152356356174598,0.999998839958504,2.67898950710059e-08,4.32649480650038e-11,3.53685447483198e-06,-15.4560442241803,-40.356565293849,9.02130875846893e-07,-65.0994789303314,-4.02768575979657e-06
1,0.200067567822007,-1.16930769798395e-11,1.32469997349211,0.999999999999999,-2.67944733606881e-08,-2.44953707558153e-12,2.67899298791509e-08,3.53685447483198e-06,-15.4560442241803,-40.356565293849,9.02130875846893e-07,-65.0994789303314,-4.02768575979657e-06,1,0.678846030491543,-0.00971147010442357,1.32469997349211,0.00152356356174598,0.999998839958504,2.67898950710059e-08,4.32649480650038e-11,3.53685447483198e-06,-15.4560442241803,-40.356565293849,9.02130875846893e-07,-65.0994789303314,-4.02768575979657e-06
1,0.401836502460687,0.0435576429757241,1.35070000031756,0.999961425299001,0.00878338852553895,2.35171695822425e-10,2.67920712927947e-08,6.18650560057947,27.6245873269971,12.2828978598416,-1.47594389585275e-06,-74.658310532564,-5.179987362918,0,0.678846030491543,-0.00971147010442357,1.32469997349211,0.00152356356174598,0.999998839958504,2.67898950710059e-08,4.32649480650038e-11,3.53685447483198e-06,-15.4560442241803,-40.356565293849,9.02130875846893e-07,-65.0994789303314,-4.02768575979657e-06
1,0.406923559458031,0.038646244990715,1.3457000003066,0.999961425299001,0.00878338852554423,2.35197321447642e-10,2.67920879174576e-08,5.42521080141033,28.8937626649822,13.0924568833878,-1.54150468016275e-06,-74.1986942181251,-4.41869256669245,0,0.678846030491543,-0.00971147010442357,1.32469997349211,0.00152356356174598,0.999998839958504,2.67898950710059e-08,4.32649480650038e-11,3.53685447483198e-06,-15.4560442241803,-40.356565293849,9.02130875846893e-07,-65.0994789303314,-4.02768575979657e-06
1,0.406923561298241,0.0386462449443035,1.34070000029099,0.999961425299,0.00878338852555494,2.35200445072835e-10,2.67921245538003e-08,5.42521077708069,29.1568888855371,12.4593459739551,-1.56141707052407e-06,-73.3024570881374,-4.41869252033287,0,0.678846030491543,-0.00971147010442357,1.32469997349211,0.00152356356174598,0.999998839958504,2.67898950710059e-08,4.32649480650038e-11,3.53685447483198e-06,-15.4560442241803,-40.356565293849,9.02130875846893e-07,-65.0994789303314,-4.02768575979657e-06
1,0.437678899610853,0.0391865724012324,1.33856938944762,0.990229869446887,0.00869790918966584,-0.139167731933535,0.00122246448025477,4.93875430341144,41.3815786965386,30.1237019851499,-1.086747577011,-94.7055358803469,-3.86952127514763,0,0.678846030491543,-0.00971147010442357,1.32469997349211,0.00152356356174598,0.999998839958504,2.67898950710059e-08,4.32649480650038e-11,3.53685447483198e-06,-15.4560442241803,-40.356565293849,9.02130875846893e-07,-65.0994789303314,-4.02768575979657e-06
1,0.437678897240817,0.0391865655693651,1.3535693899497,0.990229869414129,0.00869791291586271,-0.139167731700683,0.00122249101097104,4.93875391777362,40.8980621939307,32.335033249179,-1.09217843842548,-97.3998968864637,-3.92104172788237,0,0.678846030491543,-0.00971147010442357,1.32469997349211,0.00152356356174598,0.999998839958504,2.67898950710059e-08,4.32649480650038e-11,3.53685447483198e-06,-15.4560442241803,-40.356565293849,9.02130875846893e-07,-65.0994789303314,-4.02768575979657e-06
1,0.200067567822007,-1.16930769798395e-11,1.32469997349211,0.999999999999999,-2.67944733606881e-08,-2.44953707558153e-12,2.67899298791509e-08,3.53685447483198e-06,-15.4560442241803,-40.356565293849,9.02130875846893e-07,-65.0994789303314,-4.02768575979657e-06,1,0.678846030491543,-0.00971147010442357,1.32469997349211,0.00152356356174598,0.999998839958504,2.67898950710059e-08,4.32649480650038e-11,3.53685447483198e-06,-15.4560442241803,-40.356565293849,9.02130875846893e-07,-65.0994789303314,-4.02768575979657e-06
1,0.200067567822007,-1.16930769798395e-11,1.32469997349211,0.999999999999999,-2.67944733606881e-08,-2.44953707558153e-12,2.67899298791509e-08,3.53685447483198e-06,-15.4560442241803,-40.356565293849,9.02130875846893e-07,-65.0994789303314,-4.02768575979657e-06,1,0.678846030491543,-0.00971147010442357,1.32469997349211,0.00152356356174598,0.999998839958504,2.67898950710059e-08,4.32649480650038e-11,3.53685447483198e-06,-15.4560442241803,-40.356565293849,9.02130875846893e-07,-65.0994789303314,-4.02768575979657e-06
0,0.200067567822007,-1.16930769798395e-11,1.32469997349211,0.999999999999999,-2.67944733606881e-08,-2.44953707558153e-12,2.67899298791509e-08,3.53685447483198e-06,-15.4560442241803,-40.356565293849,9.02130875846893e-07,-65.0994789303314,-4.02768575979657e-06,1,0.575455500726828,0.180628628982717,1.24070000013556,0.999961425881069,0.00878338854133568,2.34859031467899e-10,2.67946281767143e-08,-32.0054727228315,28.3800727342978,-10.5725798275686,-1.8761183610356e-06,-51.0473474378532,-146.813423748852
0,0.200067567822007,-1.16930769798395e-11,1.32469997349211,0.999999999999999,-2.67944733606881e-08,-2.44953707558153e-12,2.67899298791509e-08,3.53685447483198e-06,-15.4560442241803,-40.356565293849,9.02130875846893e-07,-65.0994789303314,-4.02768575979657e-06,1,0.580366893489888,0.185715689491744,1.23790000013343,0.999961425881068,0.00878338854135231,2.34855762950468e-10,2.67946014243753e-08,-33.1158742643256,28.501344076163,-11.0726645085684,-1.90023452094556e-06,-50.425991414988,-145.703022179335
0,0.200067567822007,-1.16930769798395e-11,1.32469997349211,0.999999999999999,-2.67944733606881e-08,-2.44953707558153e-12,2.67899298791509e-08,3.53685447483198e-06,-15.4560442241803,-40.356565293849,9.02130875846893e-07,-65.0994789303314,-4.02768575979657e-06,1,0.580366893402022,0.185715689649218,1.23510000013139,0.999961425881068,0.00878338854136607,2.34864634861444e-10,2.67945879618512e-08,-33.1158742784237,28.875254609006,-11.1883683112223,-1.93678668185625e-06,-49.9363770794911,-145.703022138856
0,0.200067567822007,-1.16930769798395e-11,1.32469997349211,0.999999999999999,-2.67944733606881e-08,-2.44953707558153e-12,2.67899298791509e-08,3.53685447483198e-06,-15.4560442241803,-40.356565293849,9.02130875846893e-07,-65.0994789303314,-4.02768575979657e-06,1,0.547295523603279,0.185134684690463,1.23045140377179,0.990229870023492,0.00869790920553255,0.139167732945309,-0.0012223583522607,-28.8615301299251,37.9005460146438,1.48162257867825,8.57477552643211,-67.7480356703004,-154.196631208778
0,0.200067567822007,-1.16930769798395e-11,1.32469997349211,0.999999999999999,-2.67944733606881e-08,-2.44953707558153e-12,2.67899298791509e-08,3.53685447483198e-06,-15.4560442241803,-40.356565293849,9.02130875846893e-07,-65.0994789303314,-4.02768575979657e-06,1,0.547295534898698,0.185134704239181,1.24545140391145,0.990229870056366,0.00869790547406711,0.139167733177673,-0.00122233181803305,-28.8615338254818,36.1294498318549,2.08200532538788,8.43953008024633,-70.0934320319011,-153.820674308228
1,0.200067567822007,-1.16930769798395e-11,1.32469997349211,0.999999999999999,-2.67944733606881e-08,-2.44953707558153e-12,2.67899298791509e-08,3.53685447483198e-06,-15.4560442241803,-40.356565293849,9.02130875846893e-07,-65.0994789303314,-4.02768575979657e-06,1,0.678846030491543,-0.00971147010442357,1.32469997349211,0.00152356356174598,0.999998839958504,2.67898950710059e-08,4.32649480650038e-11,3.53685447483198e-06,-15.4560442241803,-40.356565293849,9.02130875846893e-07,-65.0994789303314,-4.02768575979657e-06
1,0.300300739712782,0.0627830859140133,1.19190000006585,0.707106781188185,-5.68375812839811e-08,0.707106781184905,5.68374739903438e-08,15.376345279915,34.6917138775881,-40.4641990048916,-15.8808652135304,75.6988001826574,4.01991411169817,1,0.401414919500692,0.0675539654681097,1.35070000107444,0.999961425881073,0.00878338854079792,2.34964022599747e-10,2.67961047966163e-08,-9.08822605569376,48.0840105611241,44.0199639707604,-2.29027173629268e-06,-85.9359534093558,-169.730672083456
1,0.300300744831424,0.062783087473014,1.19290000006633,0.707106781188184,-5.68375886578817e-08,0.707106781184906,5.68374783715484e-08,15.3763453128499,34.4272855210334,-40.5237210994715,-15.8952677077943,75.5017216657788,4.07782843377911,1,0.406501971985801,0.0626425683752908,1.34570000067206,0.999961425881073,0.00878338854080587,2.34997738697686e-10,2.67960182875374e-08,-8.60535059155075,46.3372806394193,40.1373731028783,-2.23398341557893e-06,-83.8000924631785,-170.213547399956
0,0.300300744831424,0.062783087473014,1.19290000006633,0.707106781188184,-5.68375886578817e-08,0.707106781184906,5.68374783715484e-08,15.3763453128499,34.4272855210334,-40.5237210994715,-15.8952677077943,75.5017216657788,4.07782843377911,1,0.406501975735935,0.0626425683552552,1.34070000057782,0.999961425881073,0.00878338854081045,2.3500387233863e-10,2.67959794843537e-08,-8.60535063949525,46.4340544555794,39.308398142762,-2.24180461825477e-06,-82.874343686902,-170.213547318945
0,0.300300744831424,0.062783087473014,1.19290000006633,0.707106781188184,-5.68375886578817e-08,0.707106781184906,5.68374783715484e-08,15.3763453128499,34.4272855210334,-40.5237210994715,-15.8952677077943,75.5017216657788,4.07782843377911,1,0.437257315752494,0.0631829236944197,1.33856938965551,0.99022987002325,0.00869790920510587,-0.139167732014779,0.00122246448990929,-9.75632984435899,33.8215102219409,18.3666330807077,-3.50281940585714,-58.8687020929365,-167.66400287905
1,0.300300739712782,0.0627830859140133,1.19190000006585,0.707106781188185,-5.68375812839811e-08,0.707106781184905,5.68374739903438e-08,15.376345279915,34.6917138775881,-40.4641990048916,-15.8808652135304,75.6988001826574,4.01991411169817,1,0.437257320859791,0.0631829437827637,1.35356939001744,0.990229869990473,0.00869791293213355,-0.139167731781973,0.00122249102455845,-9.75633314386853,33.1299530167062,20.3438597331167,-3.41065342279217,-61.5326338518135,-167.849414321337
1,0.200067567822007,-1.16930769798395e-11,1.32469997349211,0.999999999999999,-2.67944733606881e-08,-2.44953707558153e-12,2.67899298791509e-08,3.53685447483198e-06,-15.4560442241803,-40.356565293849,9.02130875846893e-07,-65.0994789303314,-4.02768575979657e-06,1,0.678846030491543,-0.00971147010442357,1.32469997349211,0.00152356356174598,0.999998839958504,2.67898950710059e-08,4.32649480650038e-11,3.53685447483198e-06,-15.4560442241803,-40.356565293849,9.02130875846893e-07,-65.0994789303314,-4.02768575979657e-06
1,0.200067567822007,-1.16930769798395e-11,1.32469997349211,0.999999999999999,-2.67944733606881e-08,-2.44953707558153e-12,2.67899298791509e-08,3.53685447483198e-06,-15.4560442241803,-40.356565293849,9.02130875846893e-07,-65.0994789303314,-4.02768575979657e-06,1,0.678846030491543,-0.00971147010442357,1.32469997349211,0.00152356356174598,0.999998839958504,2.67898950710059e-08,4.32649480650038e-11,3.53685447483198e-06,-15.4560442241803,-40.356565293849,9.02130875846893e-07,-65.0994789303314,-4.02768575979657e-06
1,0.275718251769025,-0.0646744609733391,1.24070000013494,0.999961425298995,0.00878338852615932,2.35522047641948e-10,2.6793156998847e-08,-13.2010468114325,14.8110884651473,-29.8727179689709,-1.10328673286511e-06,-45.3161935656014,14.2075656824913,0,0.678846030491543,-0.00971147010442357,1.32469997349211,0.00152356356174598,0.999998839958504,2.67898950710059e-08,4.32649480650038e-11,3.53685447483198e-06,-15.4560442241803,-40.356565293849,9.02130875846893e-07,-65.0994789303314,-4.02768575979657e-06
1,0.280629652360682,-0.0595874021096088,1.23790000013292,0.999961425298995,0.00878338852617068,2.35504677006106e-10,2.67931647409428e-08,-11.987832281984,15.9471084293674,-29.1166109499109,-1.1936966709987e-06,-44.9362806204412,12.9943512060839,0,0.678846030491543,-0.00971147010442357,1.32469997349211,0.00152356356174598,0.999998839958504,2.67898950710059e-08,4.32649480650038e-11,3.53685447483198e-06,-15.4560442241803,-40.356565293849,9.02130875846893e-07,-65.0994789303314,-4.02768575979657e-06
1,0.280629652366195,-0.0595874020946095,1.23510000013099,0.999961425298995,0.00878338852618868,2.35500860931739e-10,2.67931820990128e-08,-11.9878322818869,16.4108820496386,-29.2442763665265,-1.24038581123629e-06,-44.3448415835544,12.9943512411113,0,0.678846030491543,-0.00971147010442357,1.32469997349211,0.00152356356174598,0.999998839958504,2.67898950710059e-08,4.32649480650038e-11,3.53685447483198e-06,-15.4560442241803,-40.356565293849,9.02130875846893e-07,-65.0994789303314,-4.02768575979657e-06
1,0.247558273297477,-0.0601684341896652,1.23045140377081,0.990229869446877,0.00869790919174452,0.139167732865668,-0.00122235835293886,-14.8827602408922,8.2749486713238,-41.6439808317757,-10.2797322538058,-25.0162105473602,24.6363426526959,0,0.678846030491543,-0.00971147010442357,1.32469997349211,0.00152356356174598,0.999998839958504,2.67898950710059e-08,4.32649480650038e-11,3.53685447483198e-06,-15.4560442241803,-40.356565293849,9.02130875846893e-07,-65.0994789303314,-4.02768575979657e-06
1,0.247558269827579,-0.0601684402288182,1.24545140390847,0.990229869479623,0.00869790546163334,0.139167733098842,-0.00122233182027039,-14.8827609432547,5.2917353661511,-40.8815435342327,-9.03847769150585,-28.7090131709734,23.2456845116423,0,0.678846030491543,-0.00971147010442357,1.32469997349211,0.00152356356174598,0.999998839958504,2.67898950710059e-08,4.32649480650038e-11,3.53685447483198e-06,-15.4560442241803,-40.356565293849,9.02130875846893e-07,-65.0994789303314,-4.02768575979657e-06
1,0.200067567822007,-1.16930769798395e-11,1.32469997349211,0.999999999999999,-2.67944733606881e-08,-2.44953707558153e-12,2.67899298791509e-08,3.53685447483198e-06,-15.4560442241803,-40.356565293849,9.02130875846893e-07,-65.0994789303314,-4.02768575979657e-06,1,0.678846030491543,-0.00971147010442357,1.32469997349211,0.00152356356174598,0.999998839958504,2.67898950710059e-08,4.32649480650038e-11,3.53685447483198e-06,-15.4560442241803,-40.356565293849,9.02130875846893e-07,-65.0994789303314,-4.02768575979657e-06
1,0.41015145715195,0.0257009493152683,1.36030000036846,0.700868711165702,0.713290298342076,1.91138092771604e-08,1.87782907097663e-08,3.58558752195525,28.7251881090429,15.7887339169553,-1.51377297938719e-06,-77.0635458076318,87.4209306362462,0,0.678846030491543,-0.00971147010442357,1.32469997349211,0.00152356356174598,0.999998839958504,2.67898950710059e-08,4.32649480650038e-11,3.53685447483198e-06,-15.4560442241803,-40.356565293849,9.02130875846893e-07,-65.0994789303314,-4.02768575979657e-06
1,0.415062855349863,0.030788008437878,1.35530000035598,0.700868711165699,0.713290298342078,1.91137827262719e-08,1.87782878242714e-08,4.24224684820282,30.1368909968471,16.829143947221,-1.58376575496983e-06,-76.6922529500934,86.7642712984906,0,0.678846030491543,-0.00971147010442357,1.32469997349211,0.00152356356174598,0.999998839958504,2.67898950710059e-08,4.32649480650038e-11,3.53685447483198e-06,-15.4560442241803,-40.356565293849,9.02130875846893e-07,-65.0994789303314,-4.02768575979657e-06
1,0.415062859013158,0.0307880085545272,1.35030000033458,0.700868711165692,0.713290298342085,1.91137580699841e-08,1.87783160674066e-08,4.24224683543552,30.3558232078824,16.1442622076266,-1.60034641253517e-06,-75.7884389994636,86.7642713336856,0,0.678846030491543,-0.00971147010442357,1.32469997349211,0.00152356356174598,0.999998839958504,2.67898950710059e-08,4.32649480650038e-11,3.53685447483198e-06,-15.4560442241803,-40.356565293849,9.02130875846893e-07,-65.0994789303314,-4.02768575979657e-06
1,0.414522519200905,0.061543334483558,1.34816938943677,0.694047905049543,0.706348606189985,-0.0975420340432914,0.0992708598960608,11.1171148955002,31.9355582730931,17.4800370985876,16.055130880343,-78.8661140553876,76.310070643714,0,0.678846030491543,-0.00971147010442357,1.32469997349211,0.00152356356174598,0.999998839958504,2.67898950710059e-08,4.32649480650038e-11,3.53685447483198e-06,-15.4560442241803,-40.356565293849,9.02130875846893e-07,-65.0994789303314,-4.02768575979657e-06
1,0.414522515802232,0.0615433201774069,1.36316938983329,0.694047902391545,0.706348608802089,-0.0975420151154323,0.0992708784914794,11.1171131427447,31.3101365518563,19.5631836884788,15.9257962730092,-81.4699162421526,77.0672786900685,0,0.678846030491543,-0.00971147010442357,1.32469997349211,0.00152356356174598,0.999998839958504,2.67898950710059e-08,4.32649480650038e-11,3.53685447483198e-06,-15.4560442241803,-40.356565293849,9.02130875846893e-07,-65.0994789303314,-4.02768575979657e-06
1,0.200067567822007,-1.16930769798395e-11,1.32469997349211,0.999999999999999,-2.67944733606881e-08,-2.44953707558153e-12,2.67899298791509e-08,3.53685447483198e-06,-15.4560442241803,-40.356565293849,9.02130875846893e-07,-65.0994789303314,-4.02768575979657e-06,1,0.678846030491543,-0.00971147010442357,1.32469997349211,0.00152356356174598,0.999998839958504,2.67898950710059e-08,4.32649480650038e-11,3.53685447483198e-06,-15.4560442241803,-40.356565293849,9.02130875846893e-07,-65.0994789303314,-4.02768575979657e-06
