0,0.200067567822007,-1.16930769798395e-11,1.32469997349211,0.999999999999999,-2.67944733606881e-08,-2.44953707558153e-12,2.67899298791509e-08,3.53685447483198e-06,-15.4560442241803,-40.356565293849,9.02130875846893e-07,-65.0994789303314,-4.02768575979657e-06,1,0.499670382510991,0.0610645293459748,1.24134000013738,-0.00799043782383543,0.999968076969534,2.67930538656097e-08,-2.14298753993229e-10,-10.5008067188942,33.2691249905596,-2.80724601630725,-2.08346976552092e-06,-53.9236289928527,11.6751666386451
0,0.200067567822007,-1.16930769798395e-11,1.32469997349211,0.999999999999999,-2.67944733606881e-08,-2.44953707558153e-12,2.67899298791509e-08,3.53685447483198e-06,-15.4560442241803,-40.356565293849,9.02130875846893e-07,-65.0994789303314,-4.02768575979657e-06,1,0.494750923999271,0.0559852660226531,1.23854000013542,-0.00799043782383603,0.999968076969534,2.67930519490776e-08,-2.14283681660183e-10,-9.6322693430076,34.3316134634867,-1.77253060562595,-2.14276689765117e-06,-53.8958559306068,10.8066292668413
0,0.200067567822007,-1.16930769798395e-11,1.32469997349211,0.999999999999999,-2.67944733606881e-08,-2.44953707558153e-12,2.67899298791509e-08,3.53685447483198e-06,-15.4560442241803,-40.356565293849,9.02130875846893e-07,-65.0994789303314,-4.02768575979657e-06,1,0.494750922633016,0.0559852660294205,1.23574000013324,-0.00799043782384763,0.999968076969534,2.67930673686655e-08,-2.14280809464195e-10,-9.63226930940001,34.6710825334142,-1.88844233682494,-2.1739909677166e-06,-53.4404751294804,10.8066292552492
0,0.200067567822007,-1.16930769798395e-11,1.32469997349211,0.999999999999999,-2.67944733606881e-08,-2.44953707558153e-12,2.67899298791509e-08,3.53685447483198e-06,-15.4560442241803,-40.356565293849,9.02130875846893e-07,-65.0994789303314,-4.02768575979657e-06,1,0.524150357627429,0.0564551487836774,1.23212974283233,-0.00793087831055402,0.992514466560258,-0.0009737362240057,-0.121865453391689,-11.0950315862492,27.2495868496859,-14.9675798808144,-5.24753624709757,-34.202221710806,16.2593621117255
0,0.200067567822007,-1.16930769798395e-11,1.32469997349211,0.999999999999999,-2.67944733606881e-08,-2.44953707558153e-12,2.67899298791509e-08,3.53685447483198e-06,-15.4560442241803,-40.356565293849,9.02130875846893e-07,-65.0994789303314,-4.02768575979657e-06,1,0.524150363754055,0.0564551578236669,1.24712974297066,-0.00793087504378004,0.992514466586344,-0.000973709630331827,-0.121865453604323,-11.0950326298298,25.1759288445362,-14.3295159934157,-4.91152693760186,-36.9033087946471,15.8464797751338
1,0.200067567822007,-1.16930769798395e-11,1.32469997349211,0.999999999999999,-2.67944733606881e-08,-2.44953707558153e-12,2.67899298791509e-08,3.53685447483198e-06,-15.4560442241803,-40.356565293849,9.02130875846893e-07,-65.0994789303314,-4.02768575979657e-06,1,0.678670660866562,-0.010065240897969,1.32469997349211,0.00225769254581598,0.999997452436261,2.67898561014444e-08,6.29321907956328e-11,3.53685447483198e-06,-15.4560442241803,-40.356565293849,9.02130875846893e-07,-65.0994789303314,-4.02768575979657e-06
0,0.200067567822007,-1.16930769798395e-11,1.32469997349211,0.999999999999999,-2.67944733606881e-08,-2.44953707558153e-12,2.67899298791509e-08,3.53685447483198e-06,-15.4560442241803,-40.356565293849,9.02130875846893e-07,-65.0994789303314,-4.02768575979657e-06,1,0.420831181607887,-0.0122047069923528,1.24574000015197,-0.0079904378236136,0.999968076969536,2.67926659991194e-08,-2.141102543102e-10,0.413378815676046,47.1678575375302,21.1730012216225,-2.50471397245631e-06,-64.0051436838118,0.760980495201631
0,0.200067567822007,-1.16930769798395e-11,1.32469997349211,0.999999999999999,-2.67944733606881e-08,-2.44953707558153e-12,2.67899298791509e-08,3.53685447483198e-06,-15.4560442241803,-40.356565293849,9.02130875846893e-07,-65.0994789303314,-4.02768575979657e-06,1,0.415911721749228,-0.0172839705398549,1.24074000014783,-0.00799043782361223,0.999968076969536,2.67926631918955e-08,-2.14095093010228e-10,1.04047872392233,48.7527767797632,22.8310744299902,-2.56639490004279e-06,-64.0782976499465,0.133880547965228
0,0.200067567822007,-1.16930769798395e-11,1.32469997349211,0.999999999999999,-2.67944733606881e-08,-2.44953707558153e-12,2.67899298791509e-08,3.53685447483198e-06,-15.4560442241803,-40.356565293849,9.02130875846893e-07,-65.0994789303314,-4.02768575979657e-06,1,0.415911721746586,-0.0172839705123007,1.23574000014245,-0.00799043782362582,0.999968076969536,2.67926907086195e-08,-2.14095366180369e-10,1.04047872391703,49.2367408748034,22.5968268771112,-2.60136500061798e-06,-63.3600860020273,0.13388057292456
0,0.200067567822007,-1.16930769798395e-11,1.32469997349211,0.999999999999999,-2.67944733606881e-08,-2.44953707558153e-12,2.67899298791509e-08,3.53685447483198e-06,-15.4560442241803,-40.356565293849,9.02130875846893e-07,-65.0994789303314,-4.02768575979657e-06,1,0.388588267280104,-0.0177206600717062,1.23430011242929,-0.0079308783092338,0.992514466560306,0.000973842596435577,0.12186545254139,1.05227930968166,61.0240014046987,42.810446648561,0.0296138102382298,-85.786415269511,0.116276108533949
0,0.200067567822007,-1.16930769798395e-11,1.32469997349211,0.999999999999999,-2.67944733606881e-08,-2.44953707558153e-12,2.67899298791509e-08,3.53685447483198e-06,-15.4560442241803,-40.356565293849,9.02130875846893e-07,-65.0994789303314,-4.02768575979657e-06,1,0.388588270623666,-0.0177206553203159,1.24930011261628,-0.00793088157189026,0.992514466534234,0.000973869188715366,0.121865452328894,1.05227919334728,59.8518173806319,43.7496007557592,0.0295568012599358,-87.8977531130282,0.117367902165348
1,0.200067567822007,-1.16930769798395e-11,1.32469997349211,0.999999999999999,-2.67944733606881e-08,-2.44953707558153e-12,2.67899298791509e-08,3.53685447483198e-06,-15.4560442241803,-40.356565293849,9.02130875846893e-07,-65.0994789303314,-4.02768575979657e-06,1,0.678670660866562,-0.010065240897969,1.32469997349211,0.00225769254581598,0.999997452436261,2.67898561014444e-08,6.29321907956328e-11,3.53685447483198e-06,-15.4560442241803,-40.356565293849,9.02130875846893e-07,-65.0994789303314,-4.02768575979657e-06
1,0.200067567822007,-1.16930769798395e-11,1.32469997349211,0.999999999999999,-2.67944733606881e-08,-2.44953707558153e-12,2.67899298791509e-08,3.53685447483198e-06,-15.4560442241803,-40.356565293849,9.02130875846893e-07,-65.0994789303314,-4.02768575979657e-06,1,0.678670660866562,-0.010065240897969,1.32469997349211,0.00225769254581598,0.999997452436261,2.67898561014444e-08,6.29321907956328e-11,3.53685447483198e-06,-15.4560442241803,-40.356565293849,9.02130875846893e-07,-65.0994789303314,-4.02768575979657e-06
1,0.241863128071458,0.046942844094094,1.24134000013631,0.999968075942313,0.00799043779949282,2.13978494783029e-10,2.67933713443992e-08,10.9838896107448,7.69611059535779,-38.5010937028472,-5.93359805127248e-07,-43.8027957015144,-10.0682396712072,0,0.678670660866562,-0.010065240897969,1.32469997349211,0.00225769254581598,0.999997452436261,2.67898561014444e-08,6.29321907956328e-11,3.53685447483198e-06,-15.4560442241803,-40.356565293849,9.02130875846893e-07,-65.0994789303314,-4.02768575979657e-06
1,0.246782590630402,0.0520221073087715,1.23854000013414,0.999968075942313,0.00799043779950705,2.13970491849687e-10,2.67933866555942e-08,11.9037505333582,9.35141112626611,-37.3043252251747,-7.26176973142032e-07,-43.3442636482787,-10.9881005071031,0,0.678670660866562,-0.010065240897969,1.32469997349211,0.00225769254581598,0.999997452436261,2.67898561014444e-08,6.29321907956328e-11,3.53685447483198e-06,-15.4560442241803,-40.356565293849,9.02130875846893e-07,-65.0994789303314,-4.02768575979657e-06
1,0.246782590628602,0.0520221073298787,1.23574000013219,0.999968075942313,0.00799043779952767,2.13974130763176e-10,2.67934055584804e-08,11.9037505332334,9.87120693327655,-37.4448009991106,-7.75710196635661e-07,-42.6839920673323,-10.988100469506,0,0.678670660866562,-0.010065240897969,1.32469997349211,0.00225769254581598,0.999997452436261,2.67898561014444e-08,6.29321907956328e-11,3.53685447483198e-06,-15.4560442241803,-40.356565293849,9.02130875846893e-07,-65.0994789303314,-4.02768575979657e-06
1,0.217383160542877,0.0515522292472074,1.23212974283387,0.992514465540753,0.00793087828671612,0.121865453265996,-0.00097373622050855,14.3814753655836,1.87193063029589,-48.1162404824426,7.23675675781928,-26.5650127219655,-19.5594133442458,0,0.678670660866562,-0.010065240897969,1.32469997349211,0.00225769254581598,0.999997452436261,2.67898561014444e-08,6.29321907956328e-11,3.53685447483198e-06,-15.4560442241803,-40.356565293849,9.02130875846893e-07,-65.0994789303314,-4.02768575979657e-06
1,0.217383167122143,0.0515522259854466,1.24712974297467,0.992514465566867,0.00793087502014307,0.121865453478391,-0.000973709626660421,14.3814751232189,-1.41456382840142,-47.2369363783362,6.33481052806464,-30.7017837287274,-18.5324669455087,0,0.678670660866562,-0.010065240897969,1.32469997349211,0.00225769254581598,0.999997452436261,2.67898561014444e-08,6.29321907956328e-11,3.53685447483198e-06,-15.4560442241803,-40.356565293849,9.02130875846893e-07,-65.0994789303314,-4.02768575979657e-06
1,0.200067567822007,-1.16930769798395e-11,1.32469997349211,0.999999999999999,-2.67944733606881e-08,-2.44953707558153e-12,2.67899298791509e-08,3.53685447483198e-06,-15.4560442241803,-40.356565293849,9.02130875846893e-07,-65.0994789303314,-4.02768575979657e-06,1,0.678670660866562,-0.010065240897969,1.32469997349211,0.00225769254581598,0.999997452436261,2.67898561014444e-08,6.29321907956328e-11,3.53685447483198e-06,-15.4560442241803,-40.356565293849,9.02130875846893e-07,-65.0994789303314,-4.02768575979657e-06
1,0.394994302773992,-0.0226189494528617,1.25534000015008,0.999968075942316,0.00799043779912737,2.1417620120737e-10,2.67929180994341e-08,-3.27740338873917,33.5017934355188,0.797523478960963,-2.01356239758896e-06,-57.2957300431617,4.19305350548177,0,0.678670660866562,-0.010065240897969,1.32469997349211,0.00225769254581598,0.999997452436261,2.67898561014444e-08,6.29321907956328e-11,3.53685447483198e-06,-15.4560442241803,-40.356565293849,9.02130875846893e-07,-65.0994789303314,-4.02768575979657e-06
1,0.399913761647537,-0.017539686083788,1.25034000014612,0.999968075942316,0.00799043779913431,2.14160656392984e-10,2.67929279673946e-08,-2.51130511098557,34.9447742476556,1.94069146235553,-2.09661766302846e-06,-56.9959172144195,3.42695523833,0,0.678670660866562,-0.010065240897969,1.32469997349211,0.00225769254581598,0.999997452436261,2.67898561014444e-08,6.29321907956328e-11,3.53685447483198e-06,-15.4560442241803,-40.356565293849,9.02130875846893e-07,-65.0994789303314,-4.02768575979657e-06
1,0.399913766225098,-0.0175396862300322,1.24534000014179,0.999968075942316,0.00799043779915333,2.14159225246236e-10,2.67929567751938e-08,-2.5113051023879,35.5050809400858,1.69228411319016,-2.14574653351943e-06,-56.1872031728238,3.42695526445802,0,0.678670660866562,-0.010065240897969,1.32469997349211,0.00225769254581598,0.999997452436261,2.67898561014444e-08,6.29321907956328e-11,3.53685447483198e-06,-15.4560442241803,-40.356565293849,9.02130875846893e-07,-65.0994789303314,-4.02768575979657e-06
1,0.427237218676955,-0.0171030005158917,1.24390011241507,0.99251446554076,0.00793087828503644,-0.121865452416052,0.000973842594142808,-2.16690283284557,44.7612750528098,16.2050658815107,0.770183549867294,-75.4255898007964,2.79733741312979,0,0.678670660866562,-0.010065240897969,1.32469997349211,0.00225769254581598,0.999997452436261,2.67898561014444e-08,6.29321907956328e-11,3.53685447483198e-06,-15.4560442241803,-40.356565293849,9.02130875846893e-07,-65.0994789303314,-4.02768575979657e-06
1,0.427237217907791,-0.0171030092287368,1.25890011257579,0.992514465514698,0.00793088154780024,-0.121865452203464,0.000973869186846706,-2.16690347103004,43.308315820368,17.0104042855292,0.762962871982127,-77.6836852167024,2.82840006974688,0,0.678670660866562,-0.010065240897969,1.32469997349211,0.00225769254581598,0.999997452436261,2.67898561014444e-08,6.29321907956328e-11,3.53685447483198e-06,-15.4560442241803,-40.356565293849,9.02130875846893e-07,-65.0994789303314,-4.02768575979657e-06
1,0.200067567822007,-1.16930769798395e-11,1.32469997349211,0.999999999999999,-2.67944733606881e-08,-2.44953707558153e-12,2.67899298791509e-08,3.53685447483198e-06,-15.4560442241803,-40.356565293849,9.02130875846893e-07,-65.0994789303314,-4.02768575979657e-06,1,0.678670660866562,-0.010065240897969,1.32469997349211,0.00225769254581598,0.999997452436261,2.67898561014444e-08,6.29321907956328e-11,3.53685447483198e-06,-15.4560442241803,-40.356565293849,9.02130875846893e-07,-65.0994789303314,-4.02768575979657e-06
1,0.200067567822007,-1.16930769798395e-11,1.32469997349211,0.999999999999999,-2.67944733606881e-08,-2.44953707558153e-12,2.67899298791509e-08,3.53685447483198e-06,-15.4560442241803,-40.356565293849,9.02130875846893e-07,-65.0994789303314,-4.02768575979657e-06,1,0.678670660866562,-0.010065240897969,1.32469997349211,0.00225769254581598,0.999997452436261,2.67898561014444e-08,6.29321907956328e-11,3.53685447483198e-06,-15.4560442241803,-40.356565293849,9.02130875846893e-07,-65.0994789303314,-4.02768575979657e-06
0,0.200067567822007,-1.16930769798395e-11,1.32469997349211,0.999999999999999,-2.67944733606881e-08,-2.44953707558153e-12,2.67899298791509e-08,3.53685447483198e-06,-15.4560442241803,-40.356565293849,9.02130875846893e-07,-65.0994789303314,-4.02768575979657e-06,1,0.467674468641371,0.0605531574728043,1.24134000014011,-0.00799043782374705,0.999968076969535,2.67929232378127e-08,-2.14306695529933e-10,-9.61152899825312,39.2056541526442,6.80463510863426,-2.29822101507325e-06,-57.5989809557096,10.7858887346213
0,0.200067567822007,-1.16930769798395e-11,1.32469997349211,0.999999999999999,-2.67944733606881e-08,-2.44953707558153e-12,2.67899298791509e-08,3.53685447483198e-06,-15.4560442241803,-40.356565293849,9.02130875846893e-07,-65.0994789303314,-4.02768575979657e-06,1,0.462755009728012,0.0554738940906684,1.23854000013813,-0.00799043782374521,0.999968076969535,2.67929175411716e-08,-2.14291680564233e-10,-8.81618940325168,40.2974770655971,7.97983998737115,-2.34933217457725e-06,-57.6823629214935,9.99054912670451
0,0.200067567822007,-1.16930769798395e-11,1.32469997349211,0.999999999999999,-2.67944733606881e-08,-2.44953707558153e-12,2.67899298791509e-08,3.53685447483198e-06,-15.4560442241803,-40.356565293849,9.02130875846893e-07,-65.0994789303314,-4.02768575979657e-06,1,0.462755006271188,0.0554738947454259,1.23574000013574,-0.007990437823755,0.999968076969535,2.67929327502636e-08,-2.14289079586979e-10,-8.81618941621275,40.6075574327386,7.86182957544812,-2.37558706983445e-06,-57.254272142429,9.99054915788582
0,0.200067567822007,-1.16930769798395e-11,1.32469997349211,0.999999999999999,-2.67944733606881e-08,-2.44953707558153e-12,2.67899298791509e-08,3.53685447483198e-06,-15.4560442241803,-40.356565293849,9.02130875846893e-07,-65.0994789303314,-4.02768575979657e-06,1,0.492154443314407,0.0559437777051603,1.2321297428356,-0.00793087831035031,0.992514466560258,-0.000973736224217339,-0.121865453391703,-10.0566084375328,32.7644059913511,-6.33277183224047,-4.46514099910298,-37.2445399310489,14.4626312960159
0,0.200067567822007,-1.16930769798395e-11,1.32469997349211,0.999999999999999,-2.67944733606881e-08,-2.44953707558153e-12,2.67899298791509e-08,3.53685447483198e-06,-15.4560442241803,-40.356565293849,9.02130875846893e-07,-65.0994789303314,-4.02768575979657e-06,1,0.492154444110208,0.0559437871033296,1.24712974297523,-0.00793087504349082,0.992514466586343,-0.000973709630631601,-0.121865453604341,-10.0566092918811,30.8714725868637,-5.70704434663807,-4.22519869072397,-39.7559685838909,14.1561141308768
1,0.200067567822007,-1.16930769798395e-11,1.32469997349211,0.999999999999999,-2.67944733606881e-08,-2.44953707558153e-12,2.67899298791509e-08,3.53685447483198e-06,-15.4560442241803,-40.356565293849,9.02130875846893e-07,-65.0994789303314,-4.02768575979657e-06,1,0.678670660866562,-0.010065240897969,1.32469997349211,0.00225769254581598,0.999997452436261,2.67898561014444e-08,6.29321907956328e-11,3.53685447483198e-06,-15.4560442241803,-40.356565293849,9.02130875846893e-07,-65.0994789303314,-4.02768575979657e-06
0,0.200067567822007,-1.16930769798395e-11,1.32469997349211,0.999999999999999,-2.67944733606881e-08,-2.44953707558153e-12,2.67899298791509e-08,3.53685447483198e-06,-15.4560442241803,-40.356565293849,9.02130875846893e-07,-65.0994789303314,-4.02768575979657e-06,1,0.420831181619319,-0.0122047071248283,1.26494000017602,-0.00799043782356244,0.999968076969536,2.67925540397857e-08,-2.14110872912986e-10,0.413378815685673,45.4536351319215,22.3397697641589,-2.37883802340971e-06,-66.8861346319569,0.760980397654524
0,0.200067567822007,-1.16930769798395e-11,1.32469997349211,0.999999999999999,-2.67944733606881e-08,-2.44953707558153e-12,2.67899298791509e-08,3.53685447483198e-06,-15.4560442241803,-40.356565293849,9.02130875846893e-07,-65.0994789303314,-4.02768575979657e-06,1,0.415911721761295,-0.0172839706725533,1.25994000017146,-0.00799043782356199,0.999968076969536,2.67925529681356e-08,-2.14094555632733e-10,1.04047872394579,47.0190161823696,23.9324631604814,-2.44142850635826e-06,-66.9134469778313,0.133880452312103
0,0.200067567822007,-1.16930769798395e-11,1.32469997349211,0.999999999999999,-2.67944733606881e-08,-2.44953707558153e-12,2.67899298791509e-08,3.53685447483198e-06,-15.4560442241803,-40.356565293849,9.02130875846893e-07,-65.0994789303314,-4.02768575979657e-06,1,0.41591172175783,-0.0172839706337127,1.25494000016479,-0.00799043782357475,0.999968076969536,2.67925823685226e-08,-2.14094812724791e-10,1.04047872393898,47.451089800411,23.6145015254738,-2.47252349335063e-06,-66.1634117247823,0.133880477205195
0,0.200067567822007,-1.16930769798395e-11,1.32469997349211,0.999999999999999,-2.67944733606881e-08,-2.44953707558153e-12,2.67899298791509e-08,3.53685447483198e-06,-15.4560442241803,-40.356565293849,9.02130875846893e-07,-65.0994789303314,-4.02768575979657e-06,1,0.388588265540418,-0.0177206604309239,1.25350011248999,-0.00793087830917641,0.992514466560307,0.000973842596207199,0.121865452541391,1.05227931976397,59.5510860473135,44.0603633907237,0.0295438181841088,-88.5092470063396,0.117683419935712
0,0.200067567822007,-1.16930769798395e-11,1.32469997349211,0.999999999999999,-2.67944733606881e-08,-2.44953707558153e-12,2.67899298791509e-08,3.53685447483198e-06,-15.4560442241803,-40.356565293849,9.02130875846893e-07,-65.0994789303314,-4.02768575979657e-06,1,0.388588268657839,-0.0177206559987913,1.26850011272944,-0.0079308815718165,0.992514466534235,0.00097386918836543,0.121865452328896,1.05227923068847,58.5808938427904,45.3494082908537,0.029539604137967,-90.7684838043676,0.118848333731829
1,0.200067567822007,-1.16930769798395e-11,1.32469997349211,0.999999999999999,-2.67944733606881e-08,-2.44953707558153e-12,2.67899298791509e-08,3.53685447483198e-06,-15.4560442241803,-40.356565293849,9.02130875846893e-07,-65.0994789303314,-4.02768575979657e-06,1,0.678670660866562,-0.010065240897969,1.32469997349211,0.00225769254581598,0.999997452436261,2.67898561014444e-08,6.29321907956328e-11,3.53685447483198e-06,-15.4560442241803,-40.356565293849,9.02130875846893e-07,-65.0994789303314,-4.02768575979657e-06
1,0.200067567822007,-1.16930769798395e-11,1.32469997349211,0.999999999999999,-2.67944733606881e-08,-2.44953707558153e-12,2.67899298791509e-08,3.53685447483198e-06,-15.4560442241803,-40.356565293849,9.02130875846893e-07,-65.0994789303314,-4.02768575979657e-06,1,0.678670660866562,-0.010065240897969,1.32469997349211,0.00225769254581598,0.999997452436261,2.67898561014444e-08,6.29321907956328e-11,3.53685447483198e-06,-15.4560442241803,-40.356565293849,9.02130875846893e-07,-65.0994789303314,-4.02768575979657e-06
1,0.210634267694596,-0.00156239712130962,1.24134000013791,0.999968075942313,0.0079904377995126,2.14113263120013e-10,2.67933786907824e-08,-0.424985328630736,0.287811149123783,-46.5461252423295,-2.18362232637544e-08,-43.1660636082661,1.34063488347312,0,0.678670660866562,-0.010065240897969,1.32469997349211,0.00225769254581598,0.999997452436261,2.67898561014444e-08,6.29321907956328e-11,3.53685447483198e-06,-15.4560442241803,-40.356565293849,9.02130875846893e-07,-65.0994789303314,-4.02768575979657e-06
1,0.215553731921791,0.00351686606379055,1.23854000013564,0.999968075942313,0.00799043779953551,2.14097615853509e-10,2.67933998480718e-08,0.934729172128623,1.94666967205138,-45.6179681306667,-1.53853586371863e-07,-42.4353621970014,-0.0190795213937305,0,0.678670660866562,-0.010065240897969,1.32469997349211,0.00225769254581598,0.999997452436261,2.67898561014444e-08,6.29321907956328e-11,3.53685447483198e-06,-15.4560442241803,-40.356565293849,9.02130875846893e-07,-65.0994789303314,-4.02768575979657e-06
1,0.215553731924431,0.00351686609287899,1.23574000013366,0.999968075942313,0.00799043779955935,2.14097827610714e-10,2.67934213611684e-08,0.934729172115058,2.54048770973692,-45.775750677615,-2.03918358546211e-07,-41.6837616123675,-0.0190794838814925,0,0.678670660866562,-0.010065240897969,1.32469997349211,0.00225769254581598,0.999997452436261,2.67898561014444e-08,6.29321907956328e-11,3.53685447483198e-06,-15.4560442241803,-40.356565293849,9.02130875846893e-07,-65.0994789303314,-4.02768575979657e-06
1,0.186154299267406,0.00304698935622817,1.23212974283759,0.992514465540728,0.00793087828675332,0.121865453266204,-0.000973736220510831,0.940023047873382,-6.84976847890064,-56.3432144148089,0.0132194105284088,-26.506555891023,-0.0354785313222293,0,0.678670660866562,-0.010065240897969,1.32469997349211,0.00225769254581598,0.999997452436261,2.67898561014444e-08,6.29321907956328e-11,3.53685447483198e-06,-15.4560442241803,-40.356565293849,9.02130875846893e-07,-65.0994789303314,-4.02768575979657e-06
1,0.186154302922683,0.00304698584066716,1.24712974298098,0.992514465566828,0.00793087502016032,0.121865453478707,-0.000973709626698443,0.940023220187142,-10.6615381368756,-55.308191321364,0.0113453332726911,-31.3533485337646,-0.0333374781950166,0,0.678670660866562,-0.010065240897969,1.32469997349211,0.00225769254581598,0.999997452436261,2.67898561014444e-08,6.29321907956328e-11,3.53685447483198e-06,-15.4560442241803,-40.356565293849,9.02130875846893e-07,-65.0994789303314,-4.02768575979657e-06
1,0.200067567822007,-1.16930769798395e-11,1.32469997349211,0.999999999999999,-2.67944733606881e-08,-2.44953707558153e-12,2.67899298791509e-08,3.53685447483198e-06,-15.4560442241803,-40.356565293849,9.02130875846893e-07,-65.0994789303314,-4.02768575979657e-06,1,0.678670660866562,-0.010065240897969,1.32469997349211,0.00225769254581598,0.999997452436261,2.67898561014444e-08,6.29321907956328e-11,3.53685447483198e-06,-15.4560442241803,-40.356565293849,9.02130875846893e-07,-65.0994789303314,-4.02768575979657e-06
1,0.39499430134704,-0.0226189494281389,1.27454000016899,0.999968075942317,0.00799043779905663,2.14183901421042e-10,2.67928011114534e-08,-3.27740340056559,31.5003439867997,2.00075641643242,-1.84281681764691e-06,-60.5004124293523,4.19305339442913,0,0.678670660866562,-0.010065240897969,1.32469997349211,0.00225769254581598,0.999997452436261,2.67898561014444e-08,6.29321907956328e-11,3.53685447483198e-06,-15.4560442241803,-40.356565293849,9.02130875846893e-07,-65.0994789303314,-4.02768575979657e-06
1,0.399913764175044,-0.017539686054601,1.26954000016452,0.999968075942317,0.00799043779906397,2.14166595861256e-10,2.67928129822613e-08,-2.5113050951427,32.9188838097408,3.07273817713589,-1.92333086319851e-06,-60.1538543671146,3.42695509824283,0,0.678670660866562,-0.010065240897969,1.32469997349211,0.00225769254581598,0.999997452436261,2.67898561014444e-08,6.29321907956328e-11,3.53685447483198e-06,-15.4560442241803,-40.356565293849,9.02130875846893e-07,-65.0994789303314,-4.02768575979657e-06
1,0.399913764181064,-0.017539686063523,1.26454000015943,0.999968075942316,0.00799043779908185,2.14165083170952e-10,2.67928435860508e-08,-2.51130509510246,33.4269156266252,2.7506497117441,-1.96615015370072e-06,-59.3237340848384,3.42695512922228,0,0.678670660866562,-0.010065240897969,1.32469997349211,0.00225769254581598,0.999997452436261,2.67898561014444e-08,6.29321907956328e-11,3.53685447483198e-06,-15.4560442241803,-40.356565293849,9.02130875846893e-07,-65.0994789303314,-4.02768575979657e-06
1,0.427237219561365,-0.0171030002521123,1.2631001124537,0.992514465540763,0.00793087828493665,-0.12186545241604,0.00097384259390548,-2.16690280713583,42.9229831942786,17.2692371341709,0.761139424353244,-78.3277938773584,2.83715862708898,0,0.678670660866562,-0.010065240897969,1.32469997349211,0.00225769254581598,0.999997452436261,2.67898561014444e-08,6.29321907956328e-11,3.53685447483198e-06,-15.4560442241803,-40.356565293849,9.02130875846893e-07,-65.0994789303314,-4.02768575979657e-06
1,0.427237218071616,-0.0171030088403759,1.27810011263919,0.992514465514702,0.00793088154766145,-0.121865452203445,0.000973869186488097,-2.16690343631954,41.6261676786413,18.3144379415215,0.755396837312024,-80.6696050052479,2.86867842114528,0,0.678670660866562,-0.010065240897969,1.32469997349211,0.00225769254581598,0.999997452436261,2.67898561014444e-08,6.29321907956328e-11,3.53685447483198e-06,-15.4560442241803,-40.356565293849,9.02130875846893e-07,-65.0994789303314,-4.02768575979657e-06
1,0.200067567822007,-1.16930769798395e-11,1.32469997349211,0.999999999999999,-2.67944733606881e-08,-2.44953707558153e-12,2.67899298791509e-08,3.53685447483198e-06,-15.4560442241803,-40.356565293849,9.02130875846893e-07,-65.0994789303314,-4.02768575979657e-06,1,0.678670660866562,-0.010065240897969,1.32469997349211,0.00225769254581598,0.999997452436261,2.67898561014444e-08,6.29321907956328e-11,3.53685447483198e-06,-15.4560442241803,-40.356565293849,9.02130875846893e-07,-65.0994789303314,-4.02768575979657e-06
1,0.200067567822007,-1.16930769798395e-11,1.32469997349211,0.999999999999999,-2.67944733606881e-08,-2.44953707558153e-12,2.67899298791509e-08,3.53685447483198e-06,-15.4560442241803,-40.356565293849,9.02130875846893e-07,-65.0994789303314,-4.02768575979657e-06,1,0.678670660866562,-0.010065240897969,1.32469997349211,0.00225769254581598,0.999997452436261,2.67898561014444e-08,6.29321907956328e-11,3.53685447483198e-06,-15.4560442241803,-40.356565293849,9.02130875846893e-07,-65.0994789303314,-4.02768575979657e-06
0,0.200067567822007,-1.16930769798395e-11,1.32469997349211,0.999999999999999,-2.67944733606881e-08,-2.44953707558153e-12,2.67899298791509e-08,3.53685447483198e-06,-15.4560442241803,-40.356565293849,9.02130875846893e-07,-65.0994789303314,-4.02768575979657e-06,1,0.468441524413157,0.0125592870796128,1.24134000013943,-0.00799043782376514,0.999968076969535,2.67929352285937e-08,-2.14175342311806e-10,-3.02325751391906,37.9930602227282,4.81125788265991,-2.25780388780271e-06,-56.8181976596512,4.19761729503669
0,0.200067567822007,-1.16930769798395e-11,1.32469997349211,0.999999999999999,-2.67944733606881e-08,-2.44953707558153e-12,2.67899298791509e-08,3.53685447483198e-06,-15.4560442241803,-40.356565293849,9.02130875846893e-07,-65.0994789303314,-4.02768575979657e-06,1,0.463522066671492,0.00748002366987644,1.23854000013753,-0.00799043782376179,0.999968076969535,2.67929292794153e-08,-2.14161275889362e-10,-2.28535892522748,39.2031773624893,6.16415134363435,-2.3145964254392e-06,-56.9609739808646,3.4597186921398
0,0.200067567822007,-1.16930769798395e-11,1.32469997349211,0.999999999999999,-2.67944733606881e-08,-2.44953707558153e-12,2.67899298791509e-08,3.53685447483198e-06,-15.4560442241803,-40.356565293849,9.02130875846893e-07,-65.0994789303314,-4.02768575979657e-06,1,0.463522062233128,0.00748002384468945,1.23574000013518,-0.00799043782377193,0.999968076969535,2.67929447192878e-08,-2.14160587440543e-10,-2.28535892145306,39.5183735767162,6.04679699115279,-2.34173771779574e-06,-56.5284234141561,3.45971870723538
0,0.200067567822007,-1.16930769798395e-11,1.32469997349211,0.999999999999999,-2.67944733606881e-08,-2.44953707558153e-12,2.67899298791509e-08,3.53685447483198e-06,-15.4560442241803,-40.356565293849,9.02130875846893e-07,-65.0994789303314,-4.02768575979657e-06,1,0.492921494905546,0.00794990690335261,1.23212974283483,-0.00793087831040024,0.992514466560283,-0.000973736224192107,-0.121865453391493,-2.72421352126191,31.6391532168208,-8.12566406762167,-1.59297246660565,-36.2768725357987,5.06742773104541
0,0.200067567822007,-1.16930769798395e-11,1.32469997349211,0.999999999999999,-2.67944733606881e-08,-2.44953707558153e-12,2.67899298791509e-08,3.53685447483198e-06,-15.4560442241803,-40.356565293849,9.02130875846893e-07,-65.0994789303314,-4.02768575979657e-06,1,0.492921497361886,0.00794991648577951,1.24712974297412,-0.00793087504357002,0.99251446658638,-0.000973709630592082,-0.121865453604041,-2.72421442727106,29.7113853921598,-7.49858241490401,-1.50317752743843,-38.8307903590181,4.95419331522421
1,0.200067567822007,-1.16930769798395e-11,1.32469997349211,0.999999999999999,-2.67944733606881e-08,-2.44953707558153e-12,2.67899298791509e-08,3.53685447483198e-06,-15.4560442241803,-40.356565293849,9.02130875846893e-07,-65.0994789303314,-4.02768575979657e-06,1,0.678670660866562,-0.010065240897969,1.32469997349211,0.00225769254581598,0.999997452436261,2.67898561014444e-08,6.29321907956328e-11,3.53685447483198e-06,-15.4560442241803,-40.356565293849,9.02130875846893e-07,-65.0994789303314,-4.02768575979657e-06
0,0.200067567822007,-1.16930769798395e-11,1.32469997349211,0.999999999999999,-2.67944733606881e-08,-2.44953707558153e-12,2.67899298791509e-08,3.53685447483198e-06,-15.4560442241803,-40.356565293849,9.02130875846893e-07,-65.0994789303314,-4.02768575979657e-06,1,0.420831183017168,-0.0122047073088951,1.28414000020685,-0.00799043782351527,0.999968076969537,2.67924349785991e-08,-2.14111427654728e-10,0.413378816948757,43.9472762404856,23.8308461333539,-2.26893120120103e-06,-69.8835698925878,0.760980299681961
0,0.200067567822007,-1.16930769798395e-11,1.32469997349211,0.999999999999999,-2.67944733606881e-08,-2.44953707558153e-12,2.67899298791509e-08,3.53685447483198e-06,-15.4560442241803,-40.356565293849,9.02130875846893e-07,-65.0994789303314,-4.02768575979657e-06,1,0.415911723452977,-0.0172839708600143,1.2791400002017,-0.00799043782351547,0.999968076969537,2.67924355360311e-08,-2.14093818504957e-10,1.04047872774242,45.4922753542397,25.3620217264154,-2.3317888762729e-06,-69.8697463718952,0.133880352778198
0,0.200067567822007,-1.16930769798395e-11,1.32469997349211,0.999999999999999,-2.67944733606881e-08,-2.44953707558153e-12,2.67899298791509e-08,3.53685447483198e-06,-15.4560442241803,-40.356565293849,9.02130875846893e-07,-65.0994789303314,-4.02768575979657e-06,1,0.415911721772627,-0.0172839708006627,1.274140000193,-0.00799043782352718,0.999968076969537,2.67924668101523e-08,-2.14093920749563e-10,1.04047872396698,45.8692016828895,24.957439731132,-2.35882804030383e-06,-69.088238047962,0.133880381541132
0,0.200067567822007,-1.16930769798395e-11,1.32469997349211,0.999999999999999,-2.67944733606881e-08,-2.44953707558153e-12,2.67899298791509e-08,3.53685447483198e-06,-15.4560442241803,-40.356565293849,9.02130875846893e-07,-65.0994789303314,-4.02768575979657e-06,1,0.388588268876845,-0.0177206609556047,1.27270011257627,-0.00793087830912804,0.992514466560307,0.000973842595963155,0.121865452541393,1.05227934550219,58.3396218324779,45.762550553525,0.0295429680798223,-91.422897996801,0.119185643672072
0,0.200067567822007,-1.16930769798395e-11,1.32469997349211,0.999999999999999,-2.67944733606881e-08,-2.44953707558153e-12,2.67899298791509e-08,3.53685447483198e-06,-15.4560442241803,-40.356565293849,9.02130875846893e-07,-65.0994789303314,-4.02768575979657e-06,1,0.388588272712243,-0.0177206569569539,1.28770011290496,-0.00793088157175738,0.992514466534236,0.00097386918799046,0.121865452328899,1.05227929659373,57.594633670399,47.4378946498842,0.0296035421423484,-93.8432299264727,0.120436345033121
1,0.200067567822007,-1.16930769798395e-11,1.32469997349211,0.999999999999999,-2.67944733606881e-08,-2.44953707558153e-12,2.67899298791509e-08,3.53685447483198e-06,-15.4560442241803,-40.356565293849,9.02130875846893e-07,-65.0994789303314,-4.02768575979657e-06,1,0.678670660866562,-0.010065240897969,1.32469997349211,0.00225769254581598,0.999997452436261,2.67898561014444e-08,6.29321907956328e-11,3.53685447483198e-06,-15.4560442241803,-40.356565293849,9.02130875846893e-07,-65.0994789303314,-4.02768575979657e-06
1,0.200067567822007,-1.16930769798395e-11,1.32469997349211,0.999999999999999,-2.67944733606881e-08,-2.44953707558153e-12,2.67899298791509e-08,3.53685447483198e-06,-15.4560442241803,-40.356565293849,9.02130875846893e-07,-65.0994789303314,-4.02768575979657e-06,1,0.678670660866562,-0.010065240897969,1.32469997349211,0.00225769254581598,0.999997452436261,2.67898561014444e-08,6.29321907956328e-11,3.53685447483198e-06,-15.4560442241803,-40.356565293849,9.02130875846893e-07,-65.0994789303314,-4.02768575979657e-06
1,0.241096072325107,0.0949367150090526,1.24134000013591,0.999968075942313,0.00799043779947842,2.13853461478597e-10,2.67933922176038e-08,21.4930997561063,10.1744690746803,-35.551510527186,-7.76267524807821e-07,-44.2740203978532,-20.577449709626,0,0.678670660866562,-0.010065240897969,1.32469997349211,0.00225769254581598,0.999997452436261,2.67898561014444e-08,6.29321907956328e-11,3.53685447483198e-06,-15.4560442241803,-40.356565293849,9.02130875846893e-07,-65.0994789303314,-4.02768575979657e-06
1,0.246015535451764,0.100015978237067,1.23854000013377,0.999968075942313,0.00799043779948916,2.13850043978915e-10,2.67934047237795e-08,22.1238761406174,11.8962433922863,-34.181332786604,-9.11746755865513e-07,-43.9224238208292,-21.208226010899,0,0.678670660866562,-0.010065240897969,1.32469997349211,0.00225769254581598,0.999997452436261,2.67898561014444e-08,6.29321907956328e-11,3.53685447483198e-06,-15.4560442241803,-40.356565293849,9.02130875846893e-07,-65.0994789303314,-4.02768575979657e-06
1,0.246015535447208,0.100015978254793,1.23574000013183,0.999968075942313,0.00799043779950878,2.13857150809745e-10,2.67934220083549e-08,22.1238761404009,12.3926491144473,-34.3169450225658,-9.60291704269111e-07,-43.2904058627063,-21.208225974005,0,0.678670660866562,-0.010065240897969,1.32469997349211,0.00225769254581598,0.999997452436261,2.67898561014444e-08,6.29321907956328e-11,3.53685447483198e-06,-15.4560442241803,-40.356565293849,9.02130875846893e-07,-65.0994789303314,-4.02768575979657e-06
1,0.216616107828375,0.0995461003851196,1.23212974283275,0.992514465540779,0.00793087828663674,0.121865453265795,-0.000973736220487633,26.4885568754453,5.21242031244119,-44.5053824678161,12.7669264757729,-28.2002860611791,-36.1995151782449,0,0.678670660866562,-0.010065240897969,1.32469997349211,0.00225769254581598,0.999997452436261,2.67898561014444e-08,6.29321907956328e-11,3.53685447483198e-06,-15.4560442241803,-40.356565293849,9.02130875846893e-07,-65.0994789303314,-4.02768575979657e-06
1,0.216616115959794,0.099546098496917,1.24712974297267,0.992514465566905,0.00793087502001309,0.121865453478088,-0.000973709626626518,26.4885564408806,2.11997733792656,-43.6758277650463,11.3537212071674,-32.0360766120501,-34.56667818972,0,0.678670660866562,-0.010065240897969,1.32469997349211,0.00225769254581598,0.999997452436261,2.67898561014444e-08,6.29321907956328e-11,3.53685447483198e-06,-15.4560442241803,-40.356565293849,9.02130875846893e-07,-65.0994789303314,-4.02768575979657e-06
1,0.200067567822007,-1.16930769798395e-11,1.32469997349211,0.999999999999999,-2.67944733606881e-08,-2.44953707558153e-12,2.67899298791509e-08,3.53685447483198e-06,-15.4560442241803,-40.356565293849,9.02130875846893e-07,-65.0994789303314,-4.02768575979657e-06,1,0.678670660866562,-0.010065240897969,1.32469997349211,0.00225769254581598,0.999997452436261,2.67898561014444e-08,6.29321907956328e-11,3.53685447483198e-06,-15.4560442241803,-40.356565293849,9.02130875846893e-07,-65.0994789303314,-4.02768575979657e-06
1,0.394994302542751,-0.0226189493881425,1.29374000019176,0.999968075942317,0.0079904377989912,2.14192077140974e-10,2.67926775865926e-08,-3.27740339068594,29.7099688487108,3.48764471359362,-1.69587921884906e-06,-63.7776758646023,4.19305327528637,0,0.678670660866562,-0.010065240897969,1.32469997349211,0.00225769254581598,0.999997452436261,2.67898561014444e-08,6.29321907956328e-11,3.53685447483198e-06,-15.4560442241803,-40.356565293849,9.02130875846893e-07,-65.0994789303314,-4.02768575979657e-06
1,0.399913763465488,-0.0175396860095616,1.28874000018658,0.999968075942317,0.00799043779899859,2.14172914099691e-10,2.67926913687733e-08,-2.51130509960574,31.1002100706375,4.48919773949559,-1.77346990639907e-06,-63.3889876685776,3.42695499155995,0,0.678670660866562,-0.010065240897969,1.32469997349211,0.00225769254581598,0.999997452436261,2.67898561014444e-08,6.29321907956328e-11,3.53685447483198e-06,-15.4560442241803,-40.356565293849,9.02130875846893e-07,-65.0994789303314,-4.02768575979657e-06
1,0.39991376415747,-0.0175396860231185,1.28374000018041,0.999968075942317,0.0079904377990151,2.14171253762055e-10,2.67927236611539e-08,-2.51130509526196,31.5533096995965,4.09277626808735,-1.81031099951943e-06,-62.5394665682103,3.42695501500397,0,0.678670660866562,-0.010065240897969,1.32469997349211,0.00225769254581598,0.999997452436261,2.67898561014444e-08,6.29321907956328e-11,3.53685447483198e-06,-15.4560442241803,-40.356565293849,9.02130875846893e-07,-65.0994789303314,-4.02768575979657e-06
1,0.427237217644941,-0.0171030000788468,1.28230011250073,0.992514465540765,0.00793087828484711,-0.121865452416027,0.000973842593655649,-2.16690281129505,41.2858001350677,18.6413178489232,0.75400208659989,-81.3367947356653,2.87757647670292,0,0.678670660866562,-0.010065240897969,1.32469997349211,0.00225769254581598,0.999997452436261,2.67898561014444e-08,6.29321907956328e-11,3.53685447483198e-06,-15.4560442241803,-40.356565293849,9.02130875846893e-07,-65.0994789303314,-4.02768575979657e-06
1,0.427237214604704,-0.017103008501979,1.29730011271803,0.992514465514706,0.00793088154753824,-0.121865452203425,0.000973869186110763,-2.16690343093984,40.1542293740167,19.9334704811303,0.749844722054727,-83.7603093172714,2.90965209522881,0,0.678670660866562,-0.010065240897969,1.32469997349211,0.00225769254581598,0.999997452436261,2.67898561014444e-08,6.29321907956328e-11,3.53685447483198e-06,-15.4560442241803,-40.356565293849,9.02130875846893e-07,-65.0994789303314,-4.02768575979657e-06
1,0.200067567822007,-1.16930769798395e-11,1.32469997349211,0.999999999999999,-2.67944733606881e-08,-2.44953707558153e-12,2.67899298791509e-08,3.53685447483198e-06,-15.4560442241803,-40.356565293849,9.02130875846893e-07,-65.0994789303314,-4.02768575979657e-06,1,0.678670660866562,-0.010065240897969,1.32469997349211,0.00225769254581598,0.999997452436261,2.67898561014444e-08,6.29321907956328e-11,3.53685447483198e-06,-15.4560442241803,-40.356565293849,9.02130875846893e-07,-65.0994789303314,-4.02768575979657e-06
1,0.200067567822007,-1.16930769798395e-11,1.32469997349211,0.999999999999999,-2.67944733606881e-08,-2.44953707558153e-12,2.67899298791509e-08,3.53685447483198e-06,-15.4560442241803,-40.356565293849,9.02130875846893e-07,-65.0994789303314,-4.02768575979657e-06,1,0.678670660866562,-0.010065240897969,1.32469997349211,0.00225769254581598,0.999997452436261,2.67898561014444e-08,6.29321907956328e-11,3.53685447483198e-06,-15.4560442241803,-40.356565293849,9.02130875846893e-07,-65.0994789303314,-4.02768575979657e-06
0,0.200067567822007,-1.16930769798395e-11,1.32469997349211,0.999999999999999,-2.67944733606881e-08,-2.44953707558153e-12,2.67899298791509e-08,3.53685447483198e-06,-15.4560442241803,-40.356565293849,9.02130875846893e-07,-65.0994789303314,-4.02768575979657e-06,1,0.500437437669477,0.0130706589052661,1.24134000013697,-0.00799043782385374,0.999968076969534,2.67930619645786e-08,-2.1417294339297e-10,-3.37730101803726,32.0213497202,-4.77752833626313,-2.03263969671398e-06,-53.2011219432564,4.55166096454942
0,0.200067567822007,-1.16930769798395e-11,1.32469997349211,0.999999999999999,-2.67944733606881e-08,-2.44953707558153e-12,2.67899298791509e-08,3.53685447483198e-06,-15.4560442241803,-40.356565293849,9.02130875846893e-07,-65.0994789303314,-4.02768575979657e-06,1,0.495517978116794,0.00799139556675748,1.23854000013505,-0.00799043782385306,0.999968076969534,2.67930601754183e-08,-2.14159262257217e-10,-2.57372962876896,33.2118389466294,-3.56047388450724,-2.09901958420251e-06,-53.2276871685829,3.74808957987621
0,0.200067567822007,-1.16930769798395e-11,1.32469997349211,0.999999999999999,-2.67944733606881e-08,-2.44953707558153e-12,2.67899298791509e-08,3.53685447483198e-06,-15.4560442241803,-40.356565293849,9.02130875846893e-07,-65.0994789303314,-4.02768575979657e-06,1,0.495517978097863,0.00799139556646984,1.2357400001329,-0.00799043782386491,0.999968076969534,2.67930758852759e-08,-2.14158345477496e-10,-2.57372962864202,33.5572771208983,-3.67637107932719,-2.13120786860263e-06,-52.766351799494,3.74808960253752
0,0.200067567822007,-1.16930769798395e-11,1.32469997349211,0.999999999999999,-2.67944733606881e-08,-2.44953707558153e-12,2.67899298791509e-08,3.53685447483198e-06,-15.4560442241803,-40.356565293849,9.02130875846893e-07,-65.0994789303314,-4.02768575979657e-06,1,0.524917409544734,0.00846127834781281,1.23212974283191,-0.00793087831060642,0.992514466560282,-0.000973736223985774,-0.121865453391489,-3.09414369435632,26.0434807965091,-16.8019715290281,-1.8841786500819,-33.2060564731512,5.71883309249312
0,0.200067567822007,-1.16930769798395e-11,1.32469997349211,0.999999999999999,-2.67944733606881e-08,-2.44953707558153e-12,2.67899298791509e-08,3.53685447483198e-06,-15.4560442241803,-40.356565293849,9.02130875846893e-07,-65.0994789303314,-4.02768575979657e-06,1,0.524917410783237,0.00846128756887677,1.24712974297006,-0.00793087504386367,0.992514466586378,-0.000973709630299887,-0.121865453604036,-3.09414461065848,23.9267518232016,-16.1593277900087,-1.75700013789322,-35.9640382318239,5.56440385284793
1,0.200067567822007,-1.16930769798395e-11,1.32469997349211,0.999999999999999,-2.67944733606881e-08,-2.44953707558153e-12,2.67899298791509e-08,3.53685447483198e-06,-15.4560442241803,-40.356565293849,9.02130875846893e-07,-65.0994789303314,-4.02768575979657e-06,1,0.678670660866562,-0.010065240897969,1.32469997349211,0.00225769254581598,0.999997452436261,2.67898561014444e-08,6.29321907956328e-11,3.53685447483198e-06,-15.4560442241803,-40.356565293849,9.02130875846893e-07,-65.0994789303314,-4.02768575979657e-06
0,0.200067567822007,-1.16930769798395e-11,1.32469997349211,0.999999999999999,-2.67944733606881e-08,-2.44953707558153e-12,2.67899298791509e-08,3.53685447483198e-06,-15.4560442241803,-40.356565293849,9.02130875846893e-07,-65.0994789303314,-4.02768575979657e-06,1,0.420831184746899,-0.0122047075475907,1.30334000024874,-0.00799043782347292,0.999968076969537,2.67923088430645e-08,-2.14112126523064e-10,0.413378818508358,42.6622039869966,25.6599986997167,-2.17550011869196e-06,-72.9977947124397,0.760980201134321
0,0.200067567822007,-1.16930769798395e-11,1.32469997349211,0.999999999999999,-2.67944733606881e-08,-2.44953707558153e-12,2.67899298791509e-08,3.53685447483198e-06,-15.4560442241803,-40.356565293849,9.02130875846893e-07,-65.0994789303314,-4.02768575979657e-06,1,0.415911723474642,-0.017283971094844,1.29834000024268,-0.00799043782347355,0.999968076969537,2.67923108929892e-08,-2.1409310368088e-10,1.04047872778479,44.1862008569336,27.133887915757,-2.2381245260685e-06,-72.9476870585429,0.133880255903096
0,0.200067567822007,-1.16930769798395e-11,1.32469997349211,0.999999999999999,-2.67944733606881e-08,-2.44953707558153e-12,2.67899298791509e-08,3.53685447483198e-06,-15.4560442241803,-40.356565293849,9.02130875846893e-07,-65.0994789303314,-4.02768575979657e-06,1,0.415911718441928,-0.0172839710692741,1.29334000023062,-0.00799043782348397,0.999968076969537,2.67923440503135e-08,-2.14093370262417e-10,1.04047872440665,44.5042303975243,26.6385027691958,-2.2609421817197e-06,-72.134272371391,0.133880284679901
0,0.200067567822007,-1.16930769798395e-11,1.32469997349211,0.999999999999999,-2.67944733606881e-08,-2.44953707558153e-12,2.67899298791509e-08,3.53685447483198e-06,-15.4560442241803,-40.356565293849,9.02130875846893e-07,-65.0994789303314,-4.02768575979657e-06,1,0.388588262280831,-0.0177206616666108,1.29190011271697,-0.00793087830909078,0.992514466560308,0.000973842595702961,0.121865452541394,1.05227936382758,57.4206222779755,47.9661728936201,0.0296270758739414,-94.5455194753138,0.120800035934598
0,0.200067567822007,-1.16930769798395e-11,1.32469997349211,0.999999999999999,-2.67944733606881e-08,-2.44953707558153e-12,2.67899298791509e-08,3.53685447483198e-06,-15.4560442241803,-40.356565293849,9.02130875846893e-07,-65.0994789303314,-4.02768575979657e-06,1,0.388588262438414,-0.017720658215681,1.30690011324292,-0.00793088157171641,0.992514466534236,0.000973869187589008,0.121865452328901,1.05227935888275,56.9349960446609,50.0856804868847,0.029768510930396,-97.1506529455451,0.122157626269953
1,0.200067567822007,-1.16930769798395e-11,1.32469997349211,0.999999999999999,-2.67944733606881e-08,-2.44953707558153e-12,2.67899298791509e-08,3.53685447483198e-06,-15.4560442241803,-40.356565293849,9.02130875846893e-07,-65.0994789303314,-4.02768575979657e-06,1,0.678670660866562,-0.010065240897969,1.32469997349211,0.00225769254581598,0.999997452436261,2.67898561014444e-08,6.29321907956328e-11,3.53685447483198e-06,-15.4560442241803,-40.356565293849,9.02130875846893e-07,-65.0994789303314,-4.02768575979657e-06
1,0.200067567822007,-1.16930769798395e-11,1.32469997349211,0.999999999999999,-2.67944733606881e-08,-2.44953707558153e-12,2.67899298791509e-08,3.53685447483198e-06,-15.4560442241803,-40.356565293849,9.02130875846893e-07,-65.0994789303314,-4.02768575979657e-06,1,0.678670660866562,-0.010065240897969,1.32469997349211,0.00225769254581598,0.999997452436261,2.67898561014444e-08,6.29321907956328e-11,3.53685447483198e-06,-15.4560442241803,-40.356565293849,9.02130875846893e-07,-65.0994789303314,-4.02768575979657e-06
1,0.209611528951099,0.0624294306074967,1.24134000013749,0.999968075942313,0.00799043779951125,2.13918598651707e-10,2.67934034291998e-08,16.5853214712735,2.03283236362734,-44.75723239599,-1.58369174781948e-07,-43.2099352401021,-15.6696718188243,0,0.678670660866562,-0.010065240897969,1.32469997349211,0.00225769254581598,0.999997452436261,2.67898561014444e-08,6.29321907956328e-11,3.53685447483198e-06,-15.4560442241803,-40.356565293849,9.02130875846893e-07,-65.0994789303314,-4.02768575979657e-06
1,0.214530988959972,0.0675086938078303,1.23854000013519,0.999968075942313,0.00799043779953166,2.13914284473486e-10,2.67934244352406e-08,17.4677691663059,3.90473880786881,-43.5343583843559,-3.08416867951938e-07,-42.5609028074947,-16.5521194073099,0,0.678670660866562,-0.010065240897969,1.32469997349211,0.00225769254581598,0.999997452436261,2.67898561014444e-08,6.29321907956328e-11,3.53685447483198e-06,-15.4560442241803,-40.356565293849,9.02130875846893e-07,-65.0994789303314,-4.02768575979657e-06
1,0.214530988954961,0.0675086938336159,1.23574000013322,0.999968075942313,0.00799043779955452,2.13920374554156e-10,2.67934443587454e-08,17.4677691660676,4.47821376491655,-43.6871048629688,-3.58708516978493e-07,-41.8346813718341,-16.5521193692185,0,0.678670660866562,-0.010065240897969,1.32469997349211,0.00225769254581598,0.999997452436261,2.67898561014444e-08,6.29321907956328e-11,3.53685447483198e-06,-15.4560442241803,-40.356565293849,9.02130875846893e-07,-65.0994789303314,-4.02768575979657e-06
1,0.185131559797094,0.0670388172557397,1.23212974283638,0.992514465540766,0.00793087828671376,0.121865453265893,-0.00097373622047267,21.7054301243799,-3.95740758725899,-53.8064781112246,10.7384504470966,-27.4418069936434,-29.7767173193751,0,0.678670660866562,-0.010065240897969,1.32469997349211,0.00225769254581598,0.999997452436261,2.67898561014444e-08,6.29321907956328e-11,3.53685447483198e-06,-15.4560442241803,-40.356565293849,9.02130875846893e-07,-65.0994789303314,-4.02768575979657e-06
1,0.185131563272598,0.0670388138457663,1.24712974297888,0.992514465566888,0.00793087502009438,0.121865453478222,-0.000973709626632167,21.7054299207713,-7.59453193891329,-52.8271303090144,9.32843241621121,-31.9880958192809,-28.1545140854935,0,0.678670660866562,-0.010065240897969,1.32469997349211,0.00225769254581598,0.999997452436261,2.67898561014444e-08,6.29321907956328e-11,3.53685447483198e-06,-15.4560442241803,-40.356565293849,9.02130875846893e-07,-65.0994789303314,-4.02768575979657e-06
1,0.200067567822007,-1.16930769798395e-11,1.32469997349211,0.999999999999999,-2.67944733606881e-08,-2.44953707558153e-12,2.67899298791509e-08,3.53685447483198e-06,-15.4560442241803,-40.356565293849,9.02130875846893e-07,-65.0994789303314,-4.02768575979657e-06,1,0.678670660866562,-0.010065240897969,1.32469997349211,0.00225769254581598,0.999997452436261,2.67898561014444e-08,6.29321907956328e-11,3.53685447483198e-06,-15.4560442241803,-40.356565293849,9.02130875846893e-07,-65.0994789303314,-4.02768575979657e-06
1,0.39499430294682,-0.0226189493268132,1.31294000022019,0.999968075942318,0.00799043779893186,2.14200394432051e-10,2.6792547918037e-08,-3.27740338737042,28.1402246439524,5.26146646096077,-1.57135829860134e-06,-67.1212418167279,4.19305317423288,0,0.678670660866562,-0.010065240897969,1.32469997349211,0.00225769254581598,0.999997452436261,2.67898561014444e-08,6.29321907956328e-11,3.53685447483198e-06,-15.4560442241803,-40.356565293849,9.02130875846893e-07,-65.0994789303314,-4.02768575979657e-06
1,0.399913762031016,-0.017539685942867,1.30794000021397,0.999968075942318,0.00799043779893901,2.14179544977154e-10,2.6792563484655e-08,-2.51130510862101,29.4985831819753,6.1935019910866,-1.6457916311929e-06,-66.6949188088308,3.42695490059773,0,0.678670660866562,-0.010065240897969,1.32469997349211,0.00225769254581598,0.999997452436261,2.67898561014444e-08,6.29321907956328e-11,3.53685447483198e-06,-15.4560442241803,-40.356565293849,9.02130875846893e-07,-65.0994789303314,-4.02768575979657e-06
1,0.399913765610376,-0.0175396860357639,1.3029400002062,0.999968075942318,0.00799043779895392,2.14177698240739e-10,2.67925973650553e-08,-2.51130509661588,29.8942423149215,5.7216955581368,-1.67697102346374e-06,-65.8274532429348,3.42695491366666,0,0.678670660866562,-0.010065240897969,1.32469997349211,0.00225769254581598,0.999997452436261,2.67898561014444e-08,6.29321907956328e-11,3.53685447483198e-06,-15.4560442241803,-40.356565293849,9.02130875846893e-07,-65.0994789303314,-4.02768575979657e-06
1,0.42723722097014,-0.017102999916498,1.30150011256037,0.992514465540768,0.00793087828476938,-0.121865452416014,0.000973842593394009,-2.16690279676865,39.8614851524625,20.3307672313076,0.748909703794396,-84.4502914349391,2.91872459474881,0,0.678670660866562,-0.010065240897969,1.32469997349211,0.00225769254581598,0.999997452436261,2.67898561014444e-08,6.29321907956328e-11,3.53685447483198e-06,-15.4560442241803,-40.356565293849,9.02130875846893e-07,-65.0994789303314,-4.02768575979657e-06
1,0.427237217502393,-0.0171030081259577,1.316500112821,0.992514465514709,0.00793088154743301,-0.121865452203404,0.000973869185715606,-2.1669033959877,38.9051584581659,21.879959957862,0.746455926114557,-86.9555974298387,2.95150942126399,0,0.678670660866562,-0.010065240897969,1.32469997349211,0.00225769254581598,0.999997452436261,2.67898561014444e-08,6.29321907956328e-11,3.53685447483198e-06,-15.4560442241803,-40.356565293849,9.02130875846893e-07,-65.0994789303314,-4.02768575979657e-06
1,0.200067567822007,-1.16930769798395e-11,1.32469997349211,0.999999999999999,-2.67944733606881e-08,-2.44953707558153e-12,2.67899298791509e-08,3.53685447483198e-06,-15.4560442241803,-40.356565293849,9.02130875846893e-07,-65.0994789303314,-4.02768575979657e-06,1,0.678670660866562,-0.010065240897969,1.32469997349211,0.00225769254581598,0.999997452436261,2.67898561014444e-08,6.29321907956328e-11,3.53685447483198e-06,-15.4560442241803,-40.356565293849,9.02130875846893e-07,-65.0994789303314,-4.02768575979657e-06
1,0.200067567822007,-1.16930769798395e-11,1.32469997349211,0.999999999999999,-2.67944733606881e-08,-2.44953707558153e-12,2.67899298791509e-08,3.53685447483198e-06,-15.4560442241803,-40.356565293849,9.02130875846893e-07,-65.0994789303314,-4.02768575979657e-06,1,0.678670660866562,-0.010065240897969,1.32469997349211,0.00225769254581598,0.999997452436261,2.67898561014444e-08,6.29321907956328e-11,3.53685447483198e-06,-15.4560442241803,-40.356565293849,9.02130875846893e-07,-65.0994789303314,-4.02768575979657e-06
1,0.208844476857923,0.110423301550451,1.24134000013669,0.999968075942313,0.00799043779950179,2.13793184523201e-10,2.67934439462392e-08,27.8669607427818,5.67117400715795,-40.8163498519689,-4.39987674942992e-07,-43.5124761405927,-26.9513108997675,0,0.678670660866562,-0.010065240897969,1.32469997349211,0.00225769254581598,0.999997452436261,2.67898561014444e-08,6.29321907956328e-11,3.53685447483198e-06,-15.4560442241803,-40.356565293849,9.02130875846893e-07,-65.0994789303314,-4.02768575979657e-06
1,0.213763933803164,0.115502564759588,1.23854000013445,0.999968075942313,0.00799043779951735,2.13794720594955e-10,2.67934596544586e-08,28.3835820654213,7.55130499623805,-39.432935325951,-5.90760734682891e-07,-43.0157596775304,-27.4679321211505,0,0.678670660866562,-0.010065240897969,1.32469997349211,0.00225769254581598,0.999997452436261,2.67898561014444e-08,6.29321907956328e-11,3.53685447483198e-06,-15.4560442241803,-40.356565293849,9.02130875846893e-07,-65.0994789303314,-4.02768575979657e-06
1,0.213763932568153,0.115502564780116,1.2357400001325,0.999968075942313,0.00799043779953875,2.13804078855028e-10,2.67934770620862e-08,28.3835822026186,8.08832133519323,-39.5771847519839,-6.40760810794581e-07,-42.3344939125423,-27.4679322205382,0,0.678670660866562,-0.010065240897969,1.32469997349211,0.00225769254581598,0.999997452436261,2.67898561014444e-08,6.29321907956328e-11,3.53685447483198e-06,-15.4560442241803,-40.356565293849,9.02130875846893e-07,-65.0994789303314,-4.02768575979657e-06
1,0.184364507678753,0.115032691342828,1.23212974283437,0.992514465540792,0.00793087828663356,0.121865453265688,-0.000973736220419514,34.5032469585168,1.04541418092456,-48.9703997147298,15.9243329655465,-29.1954672004696,-46.782217213922,0,0.678670660866562,-0.010065240897969,1.32469997349211,0.00225769254581598,0.999997452436261,2.67898561014444e-08,6.29321907956328e-11,3.53685447483198e-06,-15.4560442241803,-40.356565293849,9.02130875846893e-07,-65.0994789303314,-4.02768575979657e-06
1,0.184364515617345,0.115032690871111,1.2471297429754,0.992514465566928,0.007930875019963,0.121865453477911,-0.000973709626541816,34.5032465347824,-2.29011279082868,-48.0779258451682,14.1168116720127,-33.2796434732261,-44.6696227611223,0,0.678670660866562,-0.010065240897969,1.32469997349211,0.00225769254581598,0.999997452436261,2.67898561014444e-08,6.29321907956328e-11,3.53685447483198e-06,-15.4560442241803,-40.356565293849,9.02130875846893e-07,-65.0994789303314,-4.02768575979657e-06
1,0.200067567822007,-1.16930769798395e-11,1.32469997349211,0.999999999999999,-2.67944733606881e-08,-2.44953707558153e-12,2.67899298791509e-08,3.53685447483198e-06,-15.4560442241803,-40.356565293849,9.02130875846893e-07,-65.0994789303314,-4.02768575979657e-06,1,0.678670660866562,-0.010065240897969,1.32469997349211,0.00225769254581598,0.999997452436261,2.67898561014444e-08,6.29321907956328e-11,3.53685447483198e-06,-15.4560442241803,-40.356565293849,9.02130875846893e-07,-65.0994789303314,-4.02768575979657e-06
1,0.395249989425888,-0.0386169061107082,1.32254000023824,0.999968075942318,0.00799043779890254,2.14268037037674e-10,2.67924807906242e-08,-5.58022691980466,27.7573571214323,6.71206481645539,-1.53179832743302e-06,-68.9547076947425,6.49587665544133,1,0.51690945172979,-0.0335376255899356,1.17080000015988,-5.68898539579944e-08,-0.707106781416521,-5.68120844568609e-08,0.707106782409416,4.71139174323115,44.4723342880377,-26.5362274371074,-4.70788956926451,71.0680670410838,1.53053018380983
1,0.400169447577249,-0.0335376427340243,1.31754000023117,0.999968075942318,0.00799043779890966,2.14244867043024e-10,2.67924968288031e-08,-4.79068164104386,29.0525943028065,7.54921703693973,-1.60219311735272e-06,-68.4966227338528,5.70633138087885,1,0.516909449544513,-0.0335376255874956,1.17180000016118,-5.68904319209751e-08,-0.707106781412173,-5.68119822999512e-08,0.707106782413763,4.71139170784514,44.2493932181994,-26.6052161164637,-4.71224450817545,70.9146345511973,1.54390087328883
1,0.400169449352459,-0.0335376427586102,1.31254000022221,0.999968075942318,0.00799043779892362,2.14241685399097e-10,2.67925313662014e-08,-4.79068161986585,29.4167713778926,7.03853004895527,-1.63049154348727e-06,-67.6217586707822,5.70633138363689,0,0.516909449544513,-0.0335376255874956,1.17180000016118,-5.68904319209751e-08,-0.707106781412173,-5.68119822999512e-08,0.707106782413763,4.71139170784514,44.2493932181994,-26.6052161164637,-4.71224450817545,70.9146345511973,1.54390087328883
1,0.427492901731905,-0.0331009564572197,1.31110011259898,0.992514465540786,0.0079308782847332,-0.121865452415869,0.000973842593257629,-4.21927809918013,39.5014217414706,21.7244477031887,1.24346464010958,-86.1699360273731,4.90010381737919,0,0.516909449544513,-0.0335376255874956,1.17180000016118,-5.68904319209751e-08,-0.707106781412173,-5.68119822999512e-08,0.707106782413763,4.71139170784514,44.2493932181994,-26.6052161164637,-4.71224450817545,70.9146345511973,1.54390087328883
1,0.427492898404638,-0.0331009644588832,1.32610011289009,0.992514465514738,0.00793088154738566,-0.121865452203174,0.000973869185510097,-4.2192786873638,38.6435983456789,23.4131476983354,1.24100196341459,-88.7158608428358,4.95536174731539,1,0.51690945172979,-0.0335376255899356,1.17080000015988,-5.68898539579944e-08,-0.707106781416521,-5.68120844568609e-08,0.707106782409416,4.71139174323115,44.4723342880377,-26.5362274371074,-4.70788956926451,71.0680670410838,1.53053018380983
1,0.200067567822007,-1.16930769798395e-11,1.32469997349211,0.999999999999999,-2.67944733606881e-08,-2.44953707558153e-12,2.67899298791509e-08,3.53685447483198e-06,-15.4560442241803,-40.356565293849,9.02130875846893e-07,-65.0994789303314,-4.02768575979657e-06,1,0.678670660866562,-0.010065240897969,1.32469997349211,0.00225769254581598,0.999997452436261,2.67898561014444e-08,6.29321907956328e-11,3.53685447483198e-06,-15.4560442241803,-40.356565293849,9.02130875846893e-07,-65.0994789303314,-4.02768575979657e-06
1,0.200067567822007,-1.16930769798395e-11,1.32469997349211,0.999999999999999,-2.67944733606881e-08,-2.44953707558153e-12,2.67899298791509e-08,3.53685447483198e-06,-15.4560442241803,-40.356565293849,9.02130875846893e-07,-65.0994789303314,-4.02768575979657e-06,1,0.678670660866562,-0.010065240897969,1.32469997349211,0.00225769254581598,0.999997452436261,2.67898561014444e-08,6.29321907956328e-11,3.53685447483198e-06,-15.4560442241803,-40.356565293849,9.02130875846893e-07,-65.0994789303314,-4.02768575979657e-06
1,0.242374498121201,0.01494693022786,1.24134000013643,0.999968075942313,0.00799043779949627,2.14066701366591e-10,2.67933641219554e-08,3.52889259495223,6.99440382201951,-39.3131538006111,-5.40564515116428e-07,-43.6924423770889,-2.61324268799038,0,0.678670660866562,-0.010065240897969,1.32469997349211,0.00225769254581598,0.999997452436261,2.67898561014444e-08,6.29321907956328e-11,3.53685447483198e-06,-15.4560442241803,-40.356565293849,9.02130875846893e-07,-65.0994789303314,-4.02768575979657e-06
1,0.247293960691748,0.0200261934333486,1.23854000013427,0.999968075942313,0.00799043779951182,2.1405462988962e-10,2.67933796476169e-08,4.62978823316342,8.5561892105825,-38.2530074329166,-6.66740099933463e-07,-43.1908033562203,-3.71413824227628,0,0.678670660866562,-0.010065240897969,1.32469997349211,0.00225769254581598,0.999997452436261,2.67898561014444e-08,6.29321907956328e-11,3.53685447483198e-06,-15.4560442241803,-40.356565293849,9.02130875846893e-07,-65.0994789303314,-4.02768575979657e-06
1,0.247293957071387,0.0200261934556235,1.23574000013232,0.999968075942313,0.00799043779953279,2.1405606518088e-10,2.67933990555005e-08,4.62978830061443,9.08352474348537,-38.3951168094473,-7.16504473973709e-07,-42.5213584467868,-3.71413827208174,0,0.678670660866562,-0.010065240897969,1.32469997349211,0.00225769254581598,0.999997452436261,2.67898561014444e-08,6.29321907956328e-11,3.53685447483198e-06,-15.4560442241803,-40.356565293849,9.02130875846893e-07,-65.0994789303314,-4.02768575979657e-06
1,0.217894525281365,0.0195563152926464,1.23212974283425,0.992514465540736,0.00793087828674062,0.121865453266134,-0.000973736220516957,5.49266753801849,0.789536468154392,-49.2316621778243,2.52010512337374,-26.0435632268348,-6.70610886733154,0,0.678670660866562,-0.010065240897969,1.32469997349211,0.00225769254581598,0.999997452436261,2.67898561014444e-08,6.29321907956328e-11,3.53685447483198e-06,-15.4560442241803,-40.356565293849,9.02130875846893e-07,-65.0994789303314,-4.02768575979657e-06
1,0.217894526069801,0.019556310313994,1.24712974297536,0.992514465566841,0.00793087502018341,0.121865453478601,-0.000973709626674305,5.49266725057,-2.56123824672601,-48.3350441846266,2.19372934603474,-30.2873836208374,-6.33614751932503,0,0.678670660866562,-0.010065240897969,1.32469997349211,0.00225769254581598,0.999997452436261,2.67898561014444e-08,6.29321907956328e-11,3.53685447483198e-06,-15.4560442241803,-40.356565293849,9.02130875846893e-07,-65.0994789303314,-4.02768575979657e-06
1,0.200067567822007,-1.16930769798395e-11,1.32469997349211,0.999999999999999,-2.67944733606881e-08,-2.44953707558153e-12,2.67899298791509e-08,3.53685447483198e-06,-15.4560442241803,-40.356565293849,9.02130875846893e-07,-65.0994789303314,-4.02768575979657e-06,1,0.678670660866562,-0.010065240897969,1.32469997349211,0.00225769254581598,0.999997452436261,2.67898561014444e-08,6.29321907956328e-11,3.53685447483198e-06,-15.4560442241803,-40.356565293849,9.02130875846893e-07,-65.0994789303314,-4.02768575979657e-06
1,0.395505671500625,-0.0546148628468061,1.33214000025996,0.999968075942318,0.00799043779887462,2.14341041318791e-10,2.67924129813251e-08,-7.86217567089646,27.5790329324093,8.43835109085734,-1.50433272431038e-06,-70.8593181581675,8.7778253541435,1,0.51716513680174,-0.049535582593174,1.18040000017314,-5.69372188894581e-08,-0.7071067813717,-5.67923738729467e-08,0.707106782454236,7.84509459264137,42.4750815852171,-26.8209050841815,-8.10341174435796,69.4854149375008,2.85652291465278
1,0.400425132488258,-0.0495355994779302,1.32714000025173,0.999968075942318,0.00799043779888147,2.14315438950775e-10,2.679242921506e-08,-7.05208817947745,28.8081704161673,9.18103110508341,-1.57046504142195e-06,-70.3728606886357,7.9677378658677,1,0.517165132514977,-0.0495355832457423,1.1814000001745,-5.69382883254446e-08,-0.707106781367149,-5.67922277864303e-08,0.707106782458787,7.84509460721085,42.2544656757902,-26.8820742536389,-8.11186126397751,69.3275618883033,2.88054524085784
1,0.400425134585203,-0.0495355995084337,1.32214000024119,0.999968075942318,0.00799043779889444,2.14310724322808e-10,2.679246428998e-08,-7.05208814285272,29.1393669363989,8.63030602789161,-1.59589479103942e-06,-69.4909390912122,7.96773785226165,0,0.517165132514977,-0.0495355832457423,1.1814000001745,-5.69382883254446e-08,-0.707106781367149,-5.67922277864303e-08,0.707106782458787,7.84509460721085,42.2544656757902,-26.8820742536389,-8.11186126397751,69.3275618883033,2.88054524085784
1,0.42774858608764,-0.0490989129625114,1.32070011264651,0.992514465540805,0.00793087828470028,-0.121865452415713,0.000973842593119369,-6.25853058400711,39.3455010670168,23.4284637284599,1.73240240479697,-87.9785437478969,6.90207208070872,0,0.517165132514977,-0.0495355832457423,1.1814000001745,-5.69382883254446e-08,-0.707106781367149,-5.67922277864303e-08,0.707106782458787,7.84509460721085,42.2544656757902,-26.8820742536389,-8.11186126397751,69.3275618883033,2.88054524085784
1,0.42774858253856,-0.0490989206891274,1.33570011297801,0.99251446551477,0.00793088154734386,-0.121865452202925,0.000973869185301973,-6.25853115570689,38.5935685957274,25.2664143246226,1.73141208007776,-90.5672437307402,6.9803459837435,1,0.51716513680174,-0.049535582593174,1.18040000017314,-5.69372188894581e-08,-0.7071067813717,-5.67923738729467e-08,0.707106782454236,7.84509459264137,42.4750815852171,-26.8209050841815,-8.10341174435796,69.4854149375008,2.85652291465278
1,0.200067567822007,-1.16930769798395e-11,1.32469997349211,0.999999999999999,-2.67944733606881e-08,-2.44953707558153e-12,2.67899298791509e-08,3.53685447483198e-06,-15.4560442241803,-40.356565293849,9.02130875846893e-07,-65.0994789303314,-4.02768575979657e-06,1,0.678670660866562,-0.010065240897969,1.32469997349211,0.00225769254581598,0.999997452436261,2.67898561014444e-08,6.29321907956328e-11,3.53685447483198e-06,-15.4560442241803,-40.356565293849,9.02130875846893e-07,-65.0994789303314,-4.02768575979657e-06